score_set_urn	gene_symbol	in_scope	prescreen_status	exclusion_reason	title	experimental_phenotype	assay_method	n_variants	calibration_direction	control_direction	control_basis	control_auc	proposed_direction	direction_confidence	quality_flags	reviewer_decision	reviewer_direction	reviewer_notes	reviewer_name	reviewed_on
urn:mavedb:00000003-a-1	BRCA1	true	candidate	""	Enrich2 nucleotide variant scores for BRCA1 E3	Nucleotide variant scores for deep mutational scan of the BRCA1 RING domain using autoubiquitination calculated by Enrich2.	""	20724	""	lower_is_more_damaging	truncating_vs_synonymous	0.163	lower_is_more_damaging	medium	genomic_mapping_incomplete					
urn:mavedb:00000003-a-2	BRCA1	true	candidate	""	Enrich2 amino acid variant scores for BRCA1 E3	Amino acid variant scores for deep mutational scan of the BRCA1 RING domain using autoubiquitination calculated by Enrich2.	""	12316	""	lower_is_more_damaging	truncating_vs_missense	0.167	lower_is_more_damaging	low	no_synonymous_controls,genomic_mapping_incomplete					
urn:mavedb:00000003-b-1	BRCA1	true	candidate	""	Enrich2 nucleotide variant scores for BRCA1 Y2H	Nucleotide variant scores for deep mutational scan of the BRCA1 RING domain using yeast two-hybrid calculated by Enrich2.	""	20724	""	""	truncating_vs_synonymous	0.651	unknown	none	weak_control_separation,genomic_mapping_incomplete					
urn:mavedb:00000003-b-2	BRCA1	true	candidate	""	Enrich2 amino acid variant scores for BRCA1 Y2H	Amino acid variant scores for deep mutational scan of the BRCA1 RING domain using yeast two-hybrid calculated by Enrich2.	""	12316	""	""	truncating_vs_missense	0.657	unknown	none	no_synonymous_controls,weak_control_separation,genomic_mapping_incomplete					
urn:mavedb:00000081-a-1	BRCA1	true	candidate	""	BRCA1 RING and BRCT domains depletion scores	Depletion scores for BRCA1 RING and BRCT domain variants in homology-directed DNA repair function assay.	""	1061	""	""	none		unknown	none	no_usable_controls,genomic_mapping_incomplete					
urn:mavedb:00000081-a-2	BRCA1	true	candidate	""	BRCA1 RING and BRCT domains mean HDR fluorescence score	Mean HDR fluorescence score for BRCA1 RING and BRCT domain variants in homology-directed DNA repair functional assay	""	2820	""	lower_is_more_damaging	truncating_vs_missense	0.029	lower_is_more_damaging	low	no_synonymous_controls					
urn:mavedb:00000093-a-1	BRCA1	true	candidate	""	BASE_ACMG quantities derived from the RING domain M2H functional assay	BASE_ACMG are the quantitatively defined ACMG strength of evidence categories and ACMG-scaled points. This score set reports the BASE_ACMG values for variants used in the RING domain M2H functional assays across multiple experiments.	""	853	""	""	none		unknown	none	no_usable_controls,genomic_mapping_incomplete					
urn:mavedb:00001222-a-2	BRCA1	true	candidate	""	Scores from growth assay of BRCA1 variants	Growth assay separating functionally normal and functionally abnormal BRCA1 variants using cisplatin resistance as a selection	Cell fitness	1427	lower_is_more_damaging	lower_is_more_damaging	truncating_vs_missense	0.16	lower_is_more_damaging	medium	no_synonymous_controls					
urn:mavedb:00001222-b-2	BRCA1	true	candidate	""	Scores from multiplexed functional assay of BRCA1 variants	Multiplexed assay of BRCA1 variants measuring homology directed repair activity	Reporter	2271	lower_is_more_damaging	lower_is_more_damaging	truncating_vs_missense	0.119	lower_is_more_damaging	medium	no_synonymous_controls					
urn:mavedb:00000059-a-1	TP53	true	candidate	""	p53 variant effect measured by cell growth	The impact of p53 variant is represented by the frequency change of cells harboring that mutation over several time point.	""	9273	""	higher_is_more_damaging	truncating_vs_synonymous	1.0	higher_is_more_damaging	medium	genomic_mapping_incomplete					
urn:mavedb:00000068-a-1	TP53	true	candidate	""	Mutated p53 paired with wildtype under nutlin-3	TP53 saturation mutagenesis screens with TP53 wild-type using nutlin-3 which interrupts a negative regulator of p53	Cell fitness	8274	higher_is_more_damaging	lower_is_more_damaging	truncating_vs_synonymous	0.217	conflict	none	genomic_mapping_incomplete					
urn:mavedb:00000068-b-1	TP53	true	candidate	""	Mutated p53 with nutlin-3	TP53 saturation mutagenesis screens with TP53 null cell line using nutlin-3 which interrupts a negative regulator of p53	Cell fitness	8274	higher_is_more_damaging	higher_is_more_damaging	truncating_vs_synonymous	0.836	higher_is_more_damaging	high	genomic_mapping_incomplete					
urn:mavedb:00000068-c-1	TP53	true	candidate	""	Mutated p53 with etoposide	TP53 saturation mutagenesis screens with TP53 null cell line using etoposide which is a DNA double-strand break-inducing agent.	Cell fitness	8274	lower_is_more_damaging	lower_is_more_damaging	truncating_vs_synonymous	0.104	lower_is_more_damaging	high	genomic_mapping_incomplete					
urn:mavedb:00001213-a-1	TP53	true	candidate	""	Deep mutational scan of human TP53 in HCT116 colorectal cancer cells covering Exons 5, 6, 7 and 8	Deep mutational scan of 9225 mutations in human TP53 covering Exons 5, 6, 7 and 8 plus flanking 13nt intronic regions in HCT116 colorectal cancer cells. Introduced where SNVs, DNVs, TNVs, insertions of size 1 and deletions up to size 3.	""	8052	""	higher_is_more_damaging	truncating_vs_synonymous	0.997	higher_is_more_damaging	medium	""					
urn:mavedb:00001234-a-1	TP53	true	candidate	""	Scores from arrayed yeast-based assay of TP53 p21WAF1 promoter	Arrayed yeast-based assay of TP53 transcriptional activity of the p21WAF1 promoter	Reporter	2314	lower_is_more_damaging	""	none		lower_is_more_damaging	medium	no_usable_controls					
urn:mavedb:00001234-b-1	TP53	true	candidate	""	Scores from arrayed yeast-based assay of TP53 MDM2 promoter	Arrayed yeast-based assay of TP53 transcriptional activity of the MDM2 promoter	Reporter	2314	lower_is_more_damaging	""	none		lower_is_more_damaging	medium	no_usable_controls					
urn:mavedb:00001234-c-1	TP53	true	candidate	""	Scores from arrayed yeast-based assay of TP53 BAX promoter	Arrayed yeast-based assay of TP53 transcriptional activity of the BAX promoter	Reporter	2314	lower_is_more_damaging	""	none		lower_is_more_damaging	medium	no_usable_controls					
urn:mavedb:00001234-d-1	TP53	true	candidate	""	Arrayed yeast-based assay of TP53 h1433snWT promoter	Arrayed yeast-based assay of TP53 transcriptional activity of the h1433snWT promoter	Reporter	2314	lower_is_more_damaging	""	none		lower_is_more_damaging	medium	no_usable_controls					
urn:mavedb:00001234-e-1	TP53	true	candidate	""	Scores from arrayed yeast-based assay of TP53 p53AIP1 promoter	Arrayed yeast-based assay of TP53 transcriptional activity of the p53AIP1 promoter	Reporter	2314	lower_is_more_damaging	""	none		lower_is_more_damaging	medium	no_usable_controls					
urn:mavedb:00001234-f-1	TP53	true	candidate	""	Scores from arrayed yeast-based assay of TP53 GADD45 promoter	Arrayed yeast-based assay of TP53 transcriptional activity of the GADD45 promoter	Reporter	2314	lower_is_more_damaging	""	none		lower_is_more_damaging	medium	no_usable_controls					
urn:mavedb:00001234-g-1	TP53	true	candidate	""	Scores from arrayed yeast-based assay of TP53 Noxa promoter	Arrayed yeast-based assay of TP53 transcriptional activity of the Noxa promoter	Reporter	2314	lower_is_more_damaging	""	none		lower_is_more_damaging	medium	no_usable_controls					
urn:mavedb:00001234-h-1	TP53	true	candidate	""	Scores from arrayed yeast-based assay of TP53 p53R2 promoter	Arrayed yeast-based assay of TP53 transcriptional activity of the p53R2 promoter	Reporter	2314	lower_is_more_damaging	""	none		lower_is_more_damaging	medium	no_usable_controls					
urn:mavedb:00001235-a-1	TP53	true	candidate	""	Scores from Nutlin-3a treatment of TP53 variant-expressing K562 reporter cells	Nutlin-3a treatment of TP53 variant-expressing K562 reporter cells was used to enrich for dominant-negative variants	Reporter	7893	higher_is_more_damaging	lower_is_more_damaging	truncating_vs_synonymous	0.223	conflict	none	genomic_mapping_incomplete					
urn:mavedb:00000068-0-1	TP53	true	excluded	meta_analysis (derived from other score sets, not a direct measurement)	Combined score using three assays of TP53 activity that assess loss of function or dominant negative effect	Combined score using three assays of TP53 activity that assess loss of function or dominant negative effect	Not applicable (trained predictor)	8258	higher_is_more_damaging	""	""		n/a	n/a	""					
urn:mavedb:00001234-0-1	TP53	true	excluded	meta_analysis (derived from other score sets, not a direct measurement)	Median TP53 transcriptional activity scores	Classification of TP53 function using median TP53 transcriptional activity from Kato et al.	Reporter	2314	lower_is_more_damaging	""	""		n/a	n/a	""					
urn:mavedb:00001236-0-1	TP53	true	excluded	meta_analysis (derived from other score sets, not a direct measurement)	Combined score from naive Bayes classifier for TP53	Combined score from naive Bayes classifier trained on functional data of TP53 from Giacomelli et al. and Boettcher et al.	Not applicable (trained predictor)	7893	higher_is_more_damaging	""	""		n/a	n/a	""					
urn:mavedb:00000676-a-1	ABL1	false	candidate	""	ABL1 SH3 domain domainome 1.0	Stability measurements of the ABL1 SH3 domain from domainome 1.0.	""	1141	""	""	""		unknown	none	scores_not_downloaded_at_this_scope					
urn:mavedb:00000639-a-1	ABLIM2	false	candidate	""	ABLIM2 (R14S;R16S) trypsin digestion	Trypsin digestion of Actin-binding LIM protein 2 (R14S;R16S).	""	1457	""	""	""		unknown	none	scores_not_downloaded_at_this_scope,genomic_mapping_incomplete					
urn:mavedb:00000639-a-2	ABLIM2	false	candidate	""	ABLIM2 (R14S;R16S) chymotrypsin digestion	Chymotrypsin digestion of Actin-binding LIM protein 2 (R14S;R16S).	""	1457	""	""	""		unknown	none	scores_not_downloaded_at_this_scope,genomic_mapping_incomplete					
urn:mavedb:00000677-a-1	ABLIM3	false	candidate	""	ABLIM3 Zinc finger, LIM-type domain domainome 1.0	Stability measurements of the ABLIM3 Zinc finger, LIM-type domain from domainome 1.0.	""	1161	""	""	""		unknown	none	scores_not_downloaded_at_this_scope					
urn:mavedb:00000678-a-1	ABLIM3	false	candidate	""	ABLIM3 Zinc finger, LIM-type domain domainome 1.0	Stability measurements of the ABLIM3 Zinc finger, LIM-type domain from domainome 1.0.	""	1141	""	""	""		unknown	none	scores_not_downloaded_at_this_scope					
urn:mavedb:00000069-a-1	ACE2	false	candidate	""	ACE2 binding to SARS-CoV-2 spike protein, high affinity	ACE2 variants with high binding affinity to the SARS-CoV-2 spike protein.	""	2341	""	""	""		unknown	none	scores_not_downloaded_at_this_scope					
urn:mavedb:00000069-a-2	ACE2	false	candidate	""	ACE2 binding to SARS-CoV-2 spike protein, low affinity	ACE2 variants with low binding affinity to the SARS-CoV-2 spike protein.	""	2341	""	""	""		unknown	none	scores_not_downloaded_at_this_scope,genomic_mapping_processing					
urn:mavedb:00000680-a-1	ADAR	false	candidate	""	ADAR Z-alpha domain domainome 1.0	Stability measurements of the ADAR Z-alpha domain from domainome 1.0.	""	1301	""	""	""		unknown	none	scores_not_downloaded_at_this_scope,genomic_mapping_incomplete					
urn:mavedb:00000681-a-1	ADAR	false	candidate	""	ADAR Z-alpha domain domainome 1.0	Stability measurements of the ADAR Z-alpha domain from domainome 1.0.	""	1261	""	""	""		unknown	none	scores_not_downloaded_at_this_scope					
urn:mavedb:00000679-a-1	ADARB1	false	candidate	""	ADARB1 Double-stranded RNA-binding domain domainome 1.0	Stability measurements of the ADARB1 Double-stranded RNA-binding domain from domainome 1.0.	""	1221	""	""	""		unknown	none	scores_not_downloaded_at_this_scope					
urn:mavedb:00000682-a-1	ADNP	false	candidate	""	ADNP Homeobox domain domainome 1.0	Stability measurements of the ADNP Homeobox domain from domainome 1.0.	""	821	""	""	""		unknown	none	scores_not_downloaded_at_this_scope					
urn:mavedb:00001257-a-1	ADSL	false	candidate	""	ADSL High Expression (Dox+)	A deep mutational scan of human ADSL using yeast complementation, performed under a high-expression promoter with doxycycline treatment (absence of yeast ortholog).	""	9422	""	""	""		unknown	none	scores_not_downloaded_at_this_scope,genomic_mapping_failed					
urn:mavedb:00001257-a-2	ADSL	false	candidate	""	ADSL High Expression (Dox-, Control)	A deep mutational scan of human ADSL using yeast complementation, performed under a high-expression promoter without doxycycline treatment (presence of yeast ortholog).	""	9422	""	""	""		unknown	none	scores_not_downloaded_at_this_scope,genomic_mapping_failed					
urn:mavedb:00001257-a-3	ADSL	false	candidate	""	ADSL Low Expression (Dox+)	A deep mutational scan of human ADSL using yeast complementation, performed under a low-expression promoter with doxycycline treatment (absence of yeast ortholog).	""	9022	""	""	""		unknown	none	scores_not_downloaded_at_this_scope,genomic_mapping_failed					
urn:mavedb:00001257-a-4	ADSL	false	candidate	""	ADSL Low Expression (Dox-, Control)	A deep mutational scan of human ADSL using yeast complementation, performed under a low-expression promoter without doxycycline treatment (presence of yeast ortholog).	""	9022	""	""	""		unknown	none	scores_not_downloaded_at_this_scope,genomic_mapping_failed					
urn:mavedb:00000683-a-1	AHI1	false	candidate	""	AHI1 SH3 domain domainome 1.0	Stability measurements of the AHI1 SH3 domain from domainome 1.0.	""	1141	""	""	""		unknown	none	scores_not_downloaded_at_this_scope					
urn:mavedb:00000106-a-1	AICDA	false	candidate	""	Deaminase activity of AID in generation 1	First generation of selection on codon-optimized AID variants	""	231	""	""	""		unknown	none	scores_not_downloaded_at_this_scope					
urn:mavedb:00000106-b-1	AICDA	false	candidate	""	Deaminase activity of AID in generation 2	Two generations of selection on codon-optimized AID variants	""	231	""	""	""		unknown	none	scores_not_downloaded_at_this_scope					
urn:mavedb:00000106-c-1	AICDA	false	candidate	""	Deaminase activity of AID in generation 3	Three generations of selection on codon-optimized AID variants	""	231	""	""	""		unknown	none	scores_not_downloaded_at_this_scope					
urn:mavedb:00001255-a-1	AIRE	false	candidate	""	AIRE variant functional scores from an insulin promoter-GFP reporter assay in HEK293 cells	A deep mutational scan for missense variants of the human autoimmune regulator (AIRE) gene, assessed using an insulin promoter-GFP reporter assay in HEK293 cells.	Flow cytometry assay	10837	""	""	""		unknown	none	scores_not_downloaded_at_this_scope					
urn:mavedb:00001255-a-2	AIRE	false	candidate	""	A deep mutational scan for missense variants of the human autoimmune regulator (AIRE) gene, assessed using an insulin promoter-GFP reporter assay in HEK293 cells.	A deep mutational scan for missense variants of the human autoimmune regulator (AIRE) gene, assessed using an insulin promoter-GFP reporter assay in HEK293 cells.	Flow cytometry assay	10837	""	""	""		unknown	none	scores_not_downloaded_at_this_scope					
urn:mavedb:00000684-a-1	ALX1	false	candidate	""	ALX1 Homeobox domain domainome 1.0	Stability measurements of the ALX1 Homeobox domain from domainome 1.0.	""	1121	""	""	""		unknown	none	scores_not_downloaded_at_this_scope					
urn:mavedb:00000685-a-1	ALX3	false	candidate	""	ALX3 Homeobox domain domainome 1.0	Stability measurements of the ALX3 Homeobox domain from domainome 1.0.	""	1121	""	""	""		unknown	none	scores_not_downloaded_at_this_scope					
urn:mavedb:00000324-a-1	ALX4	false	candidate	""	ALX4 trypsin digestion	Trypsin digestion of Homeobox protein aristaless-like 4.	""	1726	""	""	""		unknown	none	scores_not_downloaded_at_this_scope,genomic_mapping_incomplete					
urn:mavedb:00000324-a-2	ALX4	false	candidate	""	ALX4 chymotrypsin digestion	Chymotrypsin digestion of Homeobox protein aristaless-like 4.	""	1726	""	""	""		unknown	none	scores_not_downloaded_at_this_scope,genomic_mapping_incomplete					
urn:mavedb:00000686-a-1	ALX4	false	candidate	""	ALX4 Homeobox domain domainome 1.0	Stability measurements of the ALX4 Homeobox domain from domainome 1.0.	""	1121	""	""	""		unknown	none	scores_not_downloaded_at_this_scope					
urn:mavedb:00000312-a-1	AMFR	false	candidate	""	AMFR trypsin digestion	Trypsin digestion of E3 ubiquitin-protein ligase AMFR.	""	3088	""	""	""		unknown	none	scores_not_downloaded_at_this_scope,genomic_mapping_incomplete					
urn:mavedb:00000312-a-2	AMFR	false	candidate	""	AMFR chymotrypsin digestion	Chymotrypsin digestion of E3 ubiquitin-protein ligase AMFR.	""	3088	""	""	""		unknown	none	scores_not_downloaded_at_this_scope,genomic_mapping_incomplete					
urn:mavedb:00000403-a-1	AMFR	false	candidate	""	AMFR trypsin digestion	Trypsin digestion of E3 ubiquitin-protein ligase AMFR.	""	4568	""	""	""		unknown	none	scores_not_downloaded_at_this_scope,genomic_mapping_failed					
urn:mavedb:00000403-a-2	AMFR	false	candidate	""	AMFR chymotrypsin digestion	Chymotrypsin digestion of E3 ubiquitin-protein ligase AMFR.	""	4568	""	""	""		unknown	none	scores_not_downloaded_at_this_scope,genomic_mapping_failed					
urn:mavedb:00000687-a-1	ANK1	false	candidate	""	ANK1 Death domain domainome 1.0	Stability measurements of the ANK1 Death domain from domainome 1.0.	""	1601	""	""	""		unknown	none	scores_not_downloaded_at_this_scope					
urn:mavedb:00000688-a-1	ANK2	false	candidate	""	ANK2 Death domain domainome 1.0	Stability measurements of the ANK2 Death domain from domainome 1.0.	""	1601	""	""	""		unknown	none	scores_not_downloaded_at_this_scope					
urn:mavedb:00000689-a-1	ANK3	false	candidate	""	ANK3 Death domain domainome 1.0	Stability measurements of the ANK3 Death domain from domainome 1.0.	""	1561	""	""	""		unknown	none	scores_not_downloaded_at_this_scope					
urn:mavedb:00000690-a-1	ANKS1B	false	candidate	""	ANKS1B Sterile alpha motif domain domainome 1.0	Stability measurements of the ANKS1B Sterile alpha motif domain from domainome 1.0.	""	1241	""	""	""		unknown	none	scores_not_downloaded_at_this_scope					
urn:mavedb:00000691-a-1	ANKS6	false	candidate	""	ANKS6 Sterile alpha motif domain domainome 1.0	Stability measurements of the ANKS6 Sterile alpha motif domain from domainome 1.0.	""	1261	""	""	""		unknown	none	scores_not_downloaded_at_this_scope					
urn:mavedb:00000385-a-1	APBB3	false	candidate	""	APBB3 trypsin digestion	Trypsin digestion of Amyloid-beta A4 precursor protein-binding family B member 3.	""	590	""	""	""		unknown	none	scores_not_downloaded_at_this_scope					
urn:mavedb:00000385-a-2	APBB3	false	candidate	""	APBB3 chymotrypsin digestion	Chymotrypsin digestion of Amyloid-beta A4 precursor protein-binding family B member 3.	""	590	""	""	""		unknown	none	scores_not_downloaded_at_this_scope					
urn:mavedb:00000058-a-1	APP	false	candidate	""	Amino acid scores for Aβ42 variants	Amino acid level scores for molecular determinants of Aβ aggregation with deep mutational scanning	""	2162	""	""	""		unknown	none	scores_not_downloaded_at_this_scope,genomic_mapping_incomplete					
urn:mavedb:00000113-a-1	APP	false	candidate	""	Single amino acid deletions	Nucleation scores for all single amino acid deletions in amyloid beta	""	37	""	""	""		unknown	none	scores_not_downloaded_at_this_scope					
urn:mavedb:00000113-a-2	APP	false	candidate	""	Single amino acid insertions	Nucleation scores for all single amino acid insertions in amyloid beta	""	763	""	""	""		unknown	none	scores_not_downloaded_at_this_scope					
urn:mavedb:00000113-a-3	APP	false	candidate	""	Single amino acid substitutions	Nucleation scores for all single amino acid substitutions in amyloid beta	""	751	""	""	""		unknown	none	scores_not_downloaded_at_this_scope					
urn:mavedb:00000697-a-1	AR	false	candidate	""	AR Zinc finger, nuclear hormone receptor-type domain domainome 1.0	Stability measurements of the AR Zinc finger, nuclear hormone receptor-type domain from domainome 1.0.	""	1521	""	""	""		unknown	none	scores_not_downloaded_at_this_scope					
urn:mavedb:00000692-a-1	ARAF	false	candidate	""	ARAF Raf-like Ras-binding domain domainome 1.0	Stability measurements of the ARAF Raf-like Ras-binding domain from domainome 1.0.	""	1381	""	""	""		unknown	none	scores_not_downloaded_at_this_scope					
urn:mavedb:00000693-a-1	ARHGEF28	false	candidate	""	ARHGEF28 Protein kinase C-like, phorbol ester/diacylglycerol-binding domain domainome 1.0	Stability measurements of the ARHGEF28 Protein kinase C-like, phorbol ester/diacylglycerol-binding domain from domainome 1.0.	""	1001	""	""	""		unknown	none	scores_not_downloaded_at_this_scope					
urn:mavedb:00000694-a-1	ARID2	false	candidate	""	ARID2 DNA-binding RFX-type winged-helix domain domainome 1.0	Stability measurements of the ARID2 DNA-binding RFX-type winged-helix domain from domainome 1.0.	""	1601	""	""	""		unknown	none	scores_not_downloaded_at_this_scope					
urn:mavedb:00000695-a-1	ARK2C	false	candidate	""	ARK2C Zinc finger, RING-type domain domainome 1.0	Stability measurements of the ARK2C Zinc finger, RING-type domain from domainome 1.0.	""	861	""	""	""		unknown	none	scores_not_downloaded_at_this_scope,genomic_mapping_incomplete					
urn:mavedb:00000696-a-1	ARX	false	candidate	""	ARX Homeobox domain domainome 1.0	Stability measurements of the ARX Homeobox domain from domainome 1.0.	""	1121	""	""	""		unknown	none	scores_not_downloaded_at_this_scope					
urn:mavedb:00000698-a-1	ASB14	false	candidate	""	ASB14 SOCS box domain domainome 1.0	Stability measurements of the ASB14 SOCS box domain from domainome 1.0.	""	821	""	""	""		unknown	none	scores_not_downloaded_at_this_scope					
urn:mavedb:00000657-a-1	ASPA	false	candidate	""	Aspartoacylase (ASPA) cellular abundance	Protein abundance scores of ASPA variants in human cells measured by VAMP-seq experiments	Reporter	6152	""	""	""		unknown	none	scores_not_downloaded_at_this_scope					
urn:mavedb:00000657-b-1	ASPA	false	candidate	""	Aspartoacylase (ASPA) cellular toxicity	Protein toxicity scores of ASPA variants in human cells measured by VAMP-seq experiments	Cell fitness	6156	""	""	""		unknown	none	scores_not_downloaded_at_this_scope					
urn:mavedb:00000699-a-1	ASPM	false	candidate	""	ASPM IQ motif, EF-hand binding site domain domainome 1.0	Stability measurements of the ASPM IQ motif, EF-hand binding site domain from domainome 1.0.	""	381	""	""	""		unknown	none	scores_not_downloaded_at_this_scope					
urn:mavedb:00000700-a-1	ASZ1	false	candidate	""	ASZ1 Sterile alpha motif domain domainome 1.0	Stability measurements of the ASZ1 Sterile alpha motif domain from domainome 1.0.	""	1241	""	""	""		unknown	none	scores_not_downloaded_at_this_scope					
urn:mavedb:00000360-a-1	ATP7B	false	candidate	""	ATP7B trypsin digestion	Trypsin digestion of Copper-transporting ATPase 2.	""	1444	""	""	""		unknown	none	scores_not_downloaded_at_this_scope,genomic_mapping_failed					
urn:mavedb:00000360-a-2	ATP7B	false	candidate	""	ATP7B chymotrypsin digestion	Chymotrypsin digestion of Copper-transporting ATPase 2.	""	1444	""	""	""		unknown	none	scores_not_downloaded_at_this_scope,genomic_mapping_failed					
urn:mavedb:00000701-a-1	ATXN7	false	candidate	""	ATXN7 SCA7 domain domainome 1.0	Stability measurements of the ATXN7 SCA7 domain from domainome 1.0.	""	1221	""	""	""		unknown	none	scores_not_downloaded_at_this_scope					
urn:mavedb:00000702-a-1	AVIL	false	candidate	""	AVIL Villin headpiece domain domainome 1.0	Stability measurements of the AVIL Villin headpiece domain from domainome 1.0.	""	701	""	""	""		unknown	none	scores_not_downloaded_at_this_scope					
urn:mavedb:00000703-a-1	BAG3	false	candidate	""	BAG3 WW domain domainome 1.0	Stability measurements of the BAG3 WW domain from domainome 1.0.	""	981	""	""	""		unknown	none	scores_not_downloaded_at_this_scope					
urn:mavedb:00000704-a-1	BAG5	false	candidate	""	BAG5 BAG domain domainome 1.0	Stability measurements of the BAG5 BAG domain from domainome 1.0.	""	1381	""	""	""		unknown	none	scores_not_downloaded_at_this_scope					
urn:mavedb:00000705-a-1	BAZ2B	false	candidate	""	BAZ2B Zinc finger, PHD-finger domain domainome 1.0	Stability measurements of the BAZ2B Zinc finger, PHD-finger domain from domainome 1.0.	""	1121	""	""	""		unknown	none	scores_not_downloaded_at_this_scope					
urn:mavedb:00000706-a-1	BLK	false	candidate	""	BLK SH3 domain domainome 1.0	Stability measurements of the BLK SH3 domain from domainome 1.0.	""	1181	""	""	""		unknown	none	scores_not_downloaded_at_this_scope					
urn:mavedb:00000707-a-1	BPTF	false	candidate	""	BPTF Zinc finger, PHD-finger domain domainome 1.0	Stability measurements of the BPTF Zinc finger, PHD-finger domain from domainome 1.0.	""	1141	""	""	""		unknown	none	scores_not_downloaded_at_this_scope					
urn:mavedb:00000091-a-1	BRAF	false	candidate	""	BRAF resistance to vemurafenib	Deep mutational scan of the BRAF V600E allele for resistance to the cancer drug vemurafenib.	""	73	""	""	""		unknown	none	scores_not_downloaded_at_this_scope					
urn:mavedb:00000708-a-1	BRAF	false	candidate	""	BRAF Raf-like Ras-binding domain domainome 1.0	Stability measurements of the BRAF Raf-like Ras-binding domain from domainome 1.0.	""	1521	""	""	""		unknown	none	scores_not_downloaded_at_this_scope					
urn:mavedb:00001224-a-1	BRCA2	false	candidate	""	Scores from arrayed screen of BRCA2 homology directed repair function in VC-8 cells	Arrayed screen of BRCA2 homology directed repair function in VC-8 cells	Reporter	462	lower_is_more_damaging	""	""		lower_is_more_damaging	medium	scores_not_downloaded_at_this_scope					
urn:mavedb:00000709-a-1	BRD4	false	candidate	""	BRD4 NET domain domainome 1.0	Stability measurements of the BRD4 NET domain from domainome 1.0.	""	1341	""	""	""		unknown	none	scores_not_downloaded_at_this_scope					
urn:mavedb:00000183-a-1	BTK	false	candidate	""	BTK trypsin digestion	Trypsin digestion of Tyrosine-protein kinase BTK.	""	2005	""	""	""		unknown	none	scores_not_downloaded_at_this_scope,genomic_mapping_incomplete					
urn:mavedb:00000183-a-2	BTK	false	candidate	""	BTK chymotrypsin digestion	Chymotrypsin digestion of Tyrosine-protein kinase BTK.	""	2005	""	""	""		unknown	none	scores_not_downloaded_at_this_scope,genomic_mapping_incomplete					
urn:mavedb:00000710-a-1	BTK	false	candidate	""	BTK SH3 domain domainome 1.0	Stability measurements of the BTK SH3 domain from domainome 1.0.	""	1181	""	""	""		unknown	none	scores_not_downloaded_at_this_scope					
urn:mavedb:00000711-a-1	CABP2	false	candidate	""	CABP2 EF-hand domain domainome 1.0	Stability measurements of the CABP2 EF-hand domain from domainome 1.0.	""	1301	""	""	""		unknown	none	scores_not_downloaded_at_this_scope					
urn:mavedb:00000001-c-1	CALM1	false	candidate	""	Human Calmodulin DMS-TileSeq	A Deep Mutational Scan of human Calmodulin using functional complementation in yeast via DMS-TileSeq.	Cell fitness	5957	""	""	""		unknown	none	scores_not_downloaded_at_this_scope,genomic_mapping_incomplete					
urn:mavedb:00000001-c-2	CALM1	false	candidate	""	Human Calmodulin imputed and refined	A machine-learning imputed and refined Deep Mutational Scan of human Calmodulin using functional complementation in yeast.	Cell fitness	2980	""	""	""		unknown	none	scores_not_downloaded_at_this_scope					
urn:mavedb:00000712-a-1	CALML4	false	candidate	""	CALML4 EF-hand domain domainome 1.0	Stability measurements of the CALML4 EF-hand domain from domainome 1.0.	""	1381	""	""	""		unknown	none	scores_not_downloaded_at_this_scope					
urn:mavedb:00000713-a-1	CALML4	false	candidate	""	CALML4 EF-hand domain domainome 1.0	Stability measurements of the CALML4 EF-hand domain from domainome 1.0.	""	1521	""	""	""		unknown	none	scores_not_downloaded_at_this_scope					
urn:mavedb:00000714-a-1	CAPN15	false	candidate	""	CAPN15 Zinc finger, RanBP2-type domain domainome 1.0	Stability measurements of the CAPN15 Zinc finger, RanBP2-type domain from domainome 1.0.	""	541	""	""	""		unknown	none	scores_not_downloaded_at_this_scope					
urn:mavedb:00001215-a-1	CARD11	false	candidate	""	Table S2. Functional Scoring CARD11 Growth SGE	CARD11 CARD domain	Cell proliferation assay	3853	""	""	""		unknown	none	scores_not_downloaded_at_this_scope,genomic_mapping_incomplete					
urn:mavedb:00001215-a-2	CARD11	false	candidate	""	Table S1. Functional Scoring CARD11 Ibrutinib SGE	CARD11 CARD domain	Cell proliferation assay	3823	""	""	""		unknown	none	scores_not_downloaded_at_this_scope,genomic_mapping_incomplete					
urn:mavedb:00000715-a-1	CASK	false	candidate	""	CASK PDZ domain domainome 1.0	Stability measurements of the CASK PDZ domain from domainome 1.0.	""	1641	""	""	""		unknown	none	scores_not_downloaded_at_this_scope					
urn:mavedb:00000716-a-1	CBL	false	candidate	""	CBL Ubiquitin-associated domain domainome 1.0	Stability measurements of the CBL Ubiquitin-associated domain from domainome 1.0.	""	921	""	""	""		unknown	none	scores_not_downloaded_at_this_scope					
urn:mavedb:00000005-a-3	CBS	false	candidate	""	CBS high-B6 imputed and refined	A Deep Mutational Scan of the human cystathionine-beta-synthase (CBS) using functional complementation in yeast via DMS-TileSeq at high levels of Vitamin B6.	Cell fitness	11550	""	""	""		unknown	none	scores_not_downloaded_at_this_scope					
urn:mavedb:00000005-a-4	CBS	false	candidate	""	CBS low-B6 imputed and refined	A Deep Mutational Scan of the human cystathionine-beta-synthase (CBS) using functional complementation in yeast via DMS-TileSeq at low levels of Vitamin B6.	Cell fitness	11550	""	""	""		unknown	none	scores_not_downloaded_at_this_scope					
urn:mavedb:00000005-a-5	CBS	false	candidate	""	CBS low-B6	A Deep Mutational Scan of the human cystathionine-beta-synthase (CBS) using functional complementation in yeast via DMS-TileSeq at low levels of Vitamin B6.	Cell fitness	11478	""	""	""		unknown	none	scores_not_downloaded_at_this_scope,genomic_mapping_incomplete					
urn:mavedb:00000005-a-6	CBS	false	candidate	""	CBS high-B6	A Deep Mutational Scan of the human cystathionine-beta-synthase (CBS) using functional complementation in yeast via DMS-TileSeq at high levels of Vitamin B6.	Cell fitness	10802	""	""	""		unknown	none	scores_not_downloaded_at_this_scope,genomic_mapping_incomplete					
urn:mavedb:00000259-a-1	CBX4	false	candidate	""	CBX4 chromo domain trypsin digestion	Trypsin digestion of Chromobox protein homolog 4 chromo domain.	""	2799	""	""	""		unknown	none	scores_not_downloaded_at_this_scope,genomic_mapping_incomplete					
urn:mavedb:00000259-a-2	CBX4	false	candidate	""	CBX4 chromo domain chymotrypsin digestion	Chymotrypsin digestion of Chromobox protein homolog 4 chromo domain.	""	2799	""	""	""		unknown	none	scores_not_downloaded_at_this_scope,genomic_mapping_incomplete					
urn:mavedb:00000717-a-1	CBX5	false	candidate	""	CBX5 Chromo domain domainome 1.0	Stability measurements of the CBX5 Chromo domain from domainome 1.0.	""	981	""	""	""		unknown	none	scores_not_downloaded_at_this_scope					
urn:mavedb:00000258-a-1	CBX7	false	candidate	""	CBX7 chromo domain trypsin digestion	Trypsin digestion of Chromobox protein homolog 7 chromo domain.	""	2162	""	""	""		unknown	none	scores_not_downloaded_at_this_scope,genomic_mapping_incomplete					
urn:mavedb:00000258-a-2	CBX7	false	candidate	""	CBX7 chromo domain chymotrypsin digestion	Chymotrypsin digestion of Chromobox protein homolog 7 chromo domain.	""	2162	""	""	""		unknown	none	scores_not_downloaded_at_this_scope,genomic_mapping_incomplete					
urn:mavedb:00000718-a-1	CCAR1	false	candidate	""	CCAR1 SAP domain domainome 1.0	Stability measurements of the CCAR1 SAP domain from domainome 1.0.	""	1001	""	""	""		unknown	none	scores_not_downloaded_at_this_scope					
urn:mavedb:00000719-a-1	CCNF	false	candidate	""	CCNF F-box domain domainome 1.0	Stability measurements of the CCNF F-box domain from domainome 1.0.	""	1061	""	""	""		unknown	none	scores_not_downloaded_at_this_scope					
urn:mavedb:00000047-a-1	CCR5	false	candidate	""	CCR5 surface expression	Deep mutational scan selecting for cell surface expression of CCR5 in Expi293F cells.	""	7020	""	""	""		unknown	none	scores_not_downloaded_at_this_scope,genomic_mapping_incomplete					
urn:mavedb:00000047-b-1	CCR5	false	candidate	""	CCR5 Ab 2D7 binding	Deep mutational scan selecting for CCR5 binding to Ab 2D7 in Expi293F cells.	""	7020	""	""	""		unknown	none	scores_not_downloaded_at_this_scope,genomic_mapping_incomplete					
urn:mavedb:00000047-c-1	CCR5	false	candidate	""	CCR5 HIV binding	Deep mutational scan selecting for CCR5 binding to HIV-1(BaL) gp120-CD4 in Expi293F cells.	""	7020	""	""	""		unknown	none	scores_not_downloaded_at_this_scope,genomic_mapping_incomplete					
urn:mavedb:00000247-a-1	CD2AP	false	candidate	""	CD2AP (pross9) trypsin digestion	Trypsin digestion of CD2-associated protein (pross9).	""	1023	""	""	""		unknown	none	scores_not_downloaded_at_this_scope,genomic_mapping_incomplete					
urn:mavedb:00000247-a-2	CD2AP	false	candidate	""	CD2AP (pross9) chymotrypsin digestion	Chymotrypsin digestion of CD2-associated protein (pross9).	""	1023	""	""	""		unknown	none	scores_not_downloaded_at_this_scope,genomic_mapping_incomplete					
urn:mavedb:00000720-a-1	CD2AP	false	candidate	""	CD2AP SH3 domain domainome 1.0	Stability measurements of the CD2AP SH3 domain from domainome 1.0.	""	1221	""	""	""		unknown	none	scores_not_downloaded_at_this_scope					
urn:mavedb:00000721-a-1	CD2AP	false	candidate	""	CD2AP SH3 domain domainome 1.0	Stability measurements of the CD2AP SH3 domain from domainome 1.0.	""	1221	""	""	""		unknown	none	scores_not_downloaded_at_this_scope					
urn:mavedb:00000722-a-1	CD2AP	false	candidate	""	CD2AP SH3 domain domainome 1.0	Stability measurements of the CD2AP SH3 domain from domainome 1.0.	""	1181	""	""	""		unknown	none	scores_not_downloaded_at_this_scope					
urn:mavedb:00000046-a-1	CD86	false	candidate	""	CD86 Surface Expression	Library pre-screened for variants that support expression of CD86 at the cell surface.	""	32347	""	""	""		unknown	none	scores_not_downloaded_at_this_scope,genomic_mapping_incomplete					
urn:mavedb:00000046-a-2	CD86	false	candidate	""	CD86 susceptibility to MIR2	MIR2, which targets CD86 for down-regulation, was expressed in cells with CD86 at the cell surface. Cells that remained CD86 positive were sorted. Enrich2 log ratios were calculated with wild-type normalisation to determine which variants were enriched after selection thereby determining which varia	""	4360	""	""	""		unknown	none	scores_not_downloaded_at_this_scope,genomic_mapping_incomplete					
urn:mavedb:00000046-a-3	CD86	false	candidate	""	CD86 susceptibility to MARCH1	MARCH1, which targets CD86 for down-regulation, was expressed in cells with CD86 at the cell surface.  Cells that remained CD86 positive were sorted. Enrich2 log ratios were calculated with wild-type normalisation to determine which variants were enriched after selection thereby determining which va	""	7635	""	""	""		unknown	none	scores_not_downloaded_at_this_scope,genomic_mapping_incomplete					
urn:mavedb:00000723-a-1	CHD3	false	candidate	""	CHD3 Zinc finger, PHD-finger domain domainome 1.0	Stability measurements of the CHD3 Zinc finger, PHD-finger domain from domainome 1.0.	""	1061	""	""	""		unknown	none	scores_not_downloaded_at_this_scope					
urn:mavedb:00000724-a-1	CHD4	false	candidate	""	CHD4 Chromo domain domainome 1.0	Stability measurements of the CHD4 Chromo domain from domainome 1.0.	""	1061	""	""	""		unknown	none	scores_not_downloaded_at_this_scope,genomic_mapping_failed					
urn:mavedb:00000725-a-1	CHD4	false	candidate	""	CHD4 Zinc finger, PHD-finger domain domainome 1.0	Stability measurements of the CHD4 Zinc finger, PHD-finger domain from domainome 1.0.	""	1061	""	""	""		unknown	none	scores_not_downloaded_at_this_scope					
urn:mavedb:00000726-a-1	CHD4	false	candidate	""	CHD4 Zinc finger, PHD-finger domain domainome 1.0	Stability measurements of the CHD4 Zinc finger, PHD-finger domain from domainome 1.0.	""	1061	""	""	""		unknown	none	scores_not_downloaded_at_this_scope					
urn:mavedb:00000727-a-1	CHD5	false	candidate	""	CHD5 CHD, N-terminal domain domainome 1.0	Stability measurements of the CHD5 CHD, N-terminal domain from domainome 1.0.	""	1381	""	""	""		unknown	none	scores_not_downloaded_at_this_scope					
urn:mavedb:00000728-a-1	CHD5	false	candidate	""	CHD5 Zinc finger, PHD-finger domain domainome 1.0	Stability measurements of the CHD5 Zinc finger, PHD-finger domain from domainome 1.0.	""	1061	""	""	""		unknown	none	scores_not_downloaded_at_this_scope					
urn:mavedb:00000729-a-1	CHD5	false	candidate	""	CHD5 Zinc finger, PHD-finger domain domainome 1.0	Stability measurements of the CHD5 Zinc finger, PHD-finger domain from domainome 1.0.	""	1061	""	""	""		unknown	none	scores_not_downloaded_at_this_scope					
urn:mavedb:00000730-a-1	CHD7	false	candidate	""	CHD7 BRK domain domainome 1.0	Stability measurements of the CHD7 BRK domain from domainome 1.0.	""	841	""	""	""		unknown	none	scores_not_downloaded_at_this_scope					
urn:mavedb:00001205-a-1	CHEK2	false	candidate	""	CHEK2 Yeast Complementation in MMS	Human CHK2 rescues growth under MMS induced DNA damage in yeast lacking RAD53	Cell fitness	8847	""	""	""		unknown	none	scores_not_downloaded_at_this_scope					
urn:mavedb:00001280-a-1	CHEK2	false	candidate	""	CHEK2_McCarthy_Leo	TBD	""	3912	higher_is_more_damaging	""	""		higher_is_more_damaging	medium	scores_not_downloaded_at_this_scope					
urn:mavedb:00000731-a-1	CIDEB	false	candidate	""	CIDEB CIDE-N domain domainome 1.0	Stability measurements of the CIDEB CIDE-N domain from domainome 1.0.	""	1481	""	""	""		unknown	none	scores_not_downloaded_at_this_scope					
urn:mavedb:00000733-a-1	CKS1B	false	candidate	""	CKS1B Cyclin-dependent kinase regulatory subunit domainome 1.0	Stability measurements of the CKS1B Cyclin-dependent kinase regulatory subunit from domainome 1.0.	""	1581	""	""	""		unknown	none	scores_not_downloaded_at_this_scope					
urn:mavedb:00000734-a-1	CNKSR2	false	candidate	""	CNKSR2 Sterile alpha motif domain domainome 1.0	Stability measurements of the CNKSR2 Sterile alpha motif domain from domainome 1.0.	""	1261	""	""	""		unknown	none	scores_not_downloaded_at_this_scope					
urn:mavedb:00000661-a-1	COMT	false	candidate	""	COMT mid polysome abundance	ALDEx2 analysis of mid polysomal RNA variant abundance (metafraction 3) to total RNA variant abundance	""	3317	""	""	""		unknown	none	scores_not_downloaded_at_this_scope,genomic_mapping_incomplete					
urn:mavedb:00000661-b-1	COMT	false	candidate	""	COMT heavy polysome abundance	ALDEx2 analysis of heavy polysomal RNA variant abundance (metafraction 4) to total RNA variant abundance	""	3117	""	""	""		unknown	none	scores_not_downloaded_at_this_scope,genomic_mapping_incomplete					
urn:mavedb:00000661-c-1	COMT	false	candidate	""	COMT RNA abundance	ALDEx2 analysis of total RNA variant abundance to total gDNA variant abundance	""	3463	""	""	""		unknown	none	scores_not_downloaded_at_this_scope,genomic_mapping_incomplete					
urn:mavedb:00000661-d-1	COMT	false	candidate	""	COMT protein abundance	ALDEx2 analysis of variant abundance in flow cytometry P3 (low protein) to total gDNA variant abundance. Positive scores indicate lower protein abundance.	""	3050	""	""	""		unknown	none	scores_not_downloaded_at_this_scope,genomic_mapping_incomplete					
urn:mavedb:00000164-a-1	CPA2	false	candidate	""	CPA2 activation domain trypsin digestion	Trypsin digestion of Carboxypeptidase A2 activation domain.	""	2163	""	""	""		unknown	none	scores_not_downloaded_at_this_scope,genomic_mapping_incomplete					
urn:mavedb:00000164-a-2	CPA2	false	candidate	""	CPA2 activation domain chymotrypsin digestion	Chymotrypsin digestion of Carboxypeptidase A2 activation domain.	""	2163	""	""	""		unknown	none	scores_not_downloaded_at_this_scope,genomic_mapping_incomplete					
urn:mavedb:00000735-a-1	CPEB2	false	candidate	""	CPEB2 Cytoplasmic polyadenylation element-binding protein, ZZ domain domainome 1.0	Stability measurements of the CPEB2 Cytoplasmic polyadenylation element-binding protein, ZZ domain from domainome 1.0.	""	1261	""	""	""		unknown	none	scores_not_downloaded_at_this_scope					
urn:mavedb:00001282-a-1	CPOX	false	candidate	""	Missense variant effect map for human CPOX	Missense variant effect map for human CPOX via functional complementation in yeast.	Cell proliferation assay with genetic complementation	8212	""	""	""		unknown	none	scores_not_downloaded_at_this_scope					
urn:mavedb:00001282-a-2	CPOX	false	candidate	""	Missense variant effect map for human CPOX under mercury exposure	Missense variant effect map for human CPOX via functional complementation in yeast under mercury exposure	Cell proliferation assay with genetic complementation	7152	""	""	""		unknown	none	scores_not_downloaded_at_this_scope					
urn:mavedb:00000736-a-1	CRX	false	candidate	""	CRX Homeobox domain domainome 1.0	Stability measurements of the CRX Homeobox domain from domainome 1.0.	""	1121	""	""	""		unknown	none	scores_not_downloaded_at_this_scope					
urn:mavedb:00001227-a-2	CRX	false	candidate	""	Scores from deep mutational scanning CRX transcription factor in HEK 293-derived cells	Deep mutational scan of CRX variants in HEK 293-derived cells expressing a synthetic fluorescent reporter	Reporter	5284	""	""	""		unknown	none	scores_not_downloaded_at_this_scope					
urn:mavedb:00000737-a-1	CRYBA1	false	candidate	""	CRYBA1 Beta/gamma crystallin domain domainome 1.0	Stability measurements of the CRYBA1 Beta/gamma crystallin domain from domainome 1.0.	""	1781	""	""	""		unknown	none	scores_not_downloaded_at_this_scope					
urn:mavedb:00000738-a-1	CRYBA4	false	candidate	""	CRYBA4 Beta/gamma crystallin domain domainome 1.0	Stability measurements of the CRYBA4 Beta/gamma crystallin domain from domainome 1.0.	""	1661	""	""	""		unknown	none	scores_not_downloaded_at_this_scope					
urn:mavedb:00000739-a-1	CRYBB1	false	candidate	""	CRYBB1 Beta/gamma crystallin domain domainome 1.0	Stability measurements of the CRYBB1 Beta/gamma crystallin domain from domainome 1.0.	""	1741	""	""	""		unknown	none	scores_not_downloaded_at_this_scope					
urn:mavedb:00000740-a-1	CRYBB2	false	candidate	""	CRYBB2 Beta/gamma crystallin domain domainome 1.0	Stability measurements of the CRYBB2 Beta/gamma crystallin domain from domainome 1.0.	""	1681	""	""	""		unknown	none	scores_not_downloaded_at_this_scope,genomic_mapping_failed					
urn:mavedb:00000741-a-1	CRYBG2	false	candidate	""	CRYBG2 Beta/gamma crystallin domain domainome 1.0	Stability measurements of the CRYBG2 Beta/gamma crystallin domain from domainome 1.0.	""	1561	""	""	""		unknown	none	scores_not_downloaded_at_this_scope					
urn:mavedb:00000742-a-1	CRYGA	false	candidate	""	CRYGA Beta/gamma crystallin domain domainome 1.0	Stability measurements of the CRYGA Beta/gamma crystallin domain from domainome 1.0.	""	1781	""	""	""		unknown	none	scores_not_downloaded_at_this_scope					
urn:mavedb:00000743-a-1	CRYGB	false	candidate	""	CRYGB Beta/gamma crystallin domain domainome 1.0	Stability measurements of the CRYGB Beta/gamma crystallin domain from domainome 1.0.	""	1741	""	""	""		unknown	none	scores_not_downloaded_at_this_scope					
urn:mavedb:00000744-a-1	CRYGB	false	candidate	""	CRYGB Beta/gamma crystallin domain domainome 1.0	Stability measurements of the CRYGB Beta/gamma crystallin domain from domainome 1.0.	""	1681	""	""	""		unknown	none	scores_not_downloaded_at_this_scope					
urn:mavedb:00000745-a-1	CRYGC	false	candidate	""	CRYGC Beta/gamma crystallin domain domainome 1.0	Stability measurements of the CRYGC Beta/gamma crystallin domain from domainome 1.0.	""	1601	""	""	""		unknown	none	scores_not_downloaded_at_this_scope					
urn:mavedb:00000746-a-1	CRYGC	false	candidate	""	CRYGC Beta/gamma crystallin domain domainome 1.0	Stability measurements of the CRYGC Beta/gamma crystallin domain from domainome 1.0.	""	1521	""	""	""		unknown	none	scores_not_downloaded_at_this_scope					
urn:mavedb:00000747-a-1	CRYGD	false	candidate	""	CRYGD Beta/gamma crystallin domain domainome 1.0	Stability measurements of the CRYGD Beta/gamma crystallin domain from domainome 1.0.	""	1621	""	""	""		unknown	none	scores_not_downloaded_at_this_scope					
urn:mavedb:00000748-a-1	CRYGS	false	candidate	""	CRYGS Beta/gamma crystallin domain domainome 1.0	Stability measurements of the CRYGS Beta/gamma crystallin domain from domainome 1.0.	""	1621	""	""	""		unknown	none	scores_not_downloaded_at_this_scope					
urn:mavedb:00000749-a-1	CSDE1	false	candidate	""	CSDE1 Cold-shock protein, DNA-binding domain domainome 1.0	Stability measurements of the CSDE1 Cold-shock protein, DNA-binding domain from domainome 1.0.	""	1421	""	""	""		unknown	none	scores_not_downloaded_at_this_scope					
urn:mavedb:00000750-a-1	CSDE1	false	candidate	""	CSDE1 Cold-shock protein, DNA-binding domain domainome 1.0	Stability measurements of the CSDE1 Cold-shock protein, DNA-binding domain from domainome 1.0.	""	1381	""	""	""		unknown	none	scores_not_downloaded_at_this_scope					
urn:mavedb:00000751-a-1	CSDE1	false	candidate	""	CSDE1 Cold-shock protein, DNA-binding domain domainome 1.0	Stability measurements of the CSDE1 Cold-shock protein, DNA-binding domain from domainome 1.0.	""	1441	""	""	""		unknown	none	scores_not_downloaded_at_this_scope					
urn:mavedb:00000756-a-1	CUL9	false	candidate	""	CUL9 CPH domain domainome 1.0	Stability measurements of the CUL9 CPH domain from domainome 1.0.	""	1461	""	""	""		unknown	none	scores_not_downloaded_at_this_scope					
urn:mavedb:00000757-a-1	CUL9	false	candidate	""	CUL9 IBR domain domainome 1.0	Stability measurements of the CUL9 IBR domain from domainome 1.0.	""	841	""	""	""		unknown	none	scores_not_downloaded_at_this_scope					
urn:mavedb:00000758-a-1	CUX1	false	candidate	""	CUX1 CUT domain domainome 1.0	Stability measurements of the CUX1 CUT domain from domainome 1.0.	""	1361	""	""	""		unknown	none	scores_not_downloaded_at_this_scope					
urn:mavedb:00000759-a-1	CUX1	false	candidate	""	CUX1 CUT domain domainome 1.0	Stability measurements of the CUX1 CUT domain from domainome 1.0.	""	1641	""	""	""		unknown	none	scores_not_downloaded_at_this_scope					
urn:mavedb:00000760-a-1	CUX1	false	candidate	""	CUX1 Homeobox domain domainome 1.0	Stability measurements of the CUX1 Homeobox domain from domainome 1.0.	""	1121	""	""	""		unknown	none	scores_not_downloaded_at_this_scope					
urn:mavedb:00000761-a-1	CUX2	false	candidate	""	CUX2 CUT domain domainome 1.0	Stability measurements of the CUX2 CUT domain from domainome 1.0.	""	1381	""	""	""		unknown	none	scores_not_downloaded_at_this_scope					
urn:mavedb:00000762-a-1	CUX2	false	candidate	""	CUX2 CUT domain domainome 1.0	Stability measurements of the CUX2 CUT domain from domainome 1.0.	""	1781	""	""	""		unknown	none	scores_not_downloaded_at_this_scope					
urn:mavedb:00000048-a-1	CXCR4	false	candidate	""	CXCR4 surface expression	Deep mutational scan selecting for cell surface expression of CXCR4 in Expi293F cells.	""	7021	""	""	""		unknown	none	scores_not_downloaded_at_this_scope,genomic_mapping_incomplete					
urn:mavedb:00000048-b-1	CXCR4	false	candidate	""	CXCR4 CXCL12 binding	Deep mutational scan selecting for CXCR4 binding to CXCL12 in Expi293F cells.	""	7021	""	""	""		unknown	none	scores_not_downloaded_at_this_scope,genomic_mapping_incomplete					
urn:mavedb:00000048-c-1	CXCR4	false	candidate	""	CXCR4 Ab 12G5 binding	Deep mutational scan selecting for CXCR4 binding to Ab 12G5 in Expi293F cells.	""	7021	""	""	""		unknown	none	scores_not_downloaded_at_this_scope,genomic_mapping_incomplete					
urn:mavedb:00000062-b-1	CYP2C19	false	candidate	""	Abundance of CYP2C19 variants	This study tested the protein abundance of CYP2C19 variants by fusing green fluorescent protein.	""	121	""	""	""		unknown	none	scores_not_downloaded_at_this_scope					
urn:mavedb:00001199-a-1	CYP2C19	false	candidate	""	CYP2C19 VAMP-seq nonsynonymous scores	Scores for CYP2C19 VAMP-seq for missense and nonsense variants.	""	8149	""	""	""		unknown	none	scores_not_downloaded_at_this_scope					
urn:mavedb:00001199-a-2	CYP2C19	false	candidate	""	CYP2C19 VAMP-seq synonymous scores	Scores for CYP2C19 VAMP-seq for synonymous variants.	""	532	""	""	""		unknown	none	scores_not_downloaded_at_this_scope,genomic_mapping_incomplete					
urn:mavedb:00000062-a-1	CYP2C9	false	candidate	""	Abundance of CYP2C9 variants	This study tested the protein abundance of CYP2C9 variants by fusing green fluorescent protein.	""	109	""	""	""		unknown	none	scores_not_downloaded_at_this_scope					
urn:mavedb:00000095-a-1	CYP2C9	false	candidate	""	CYP2C9 activity scores as measured by Click-seq	This study measured the functional consequences of mutations in CYP2C9, as measured by two different assays, one using Variant Abundance by Massively Parallel sequencing (VAMP-seq) in HEK293T cells, and one using a yeast activity-based protein profiling assay (Click-seq). This entry contains amino a	""	6524	""	""	""		unknown	none	scores_not_downloaded_at_this_scope					
urn:mavedb:00000095-b-1	CYP2C9	false	candidate	""	CYP2C9 abundance scores as measured by VAMP-seq	This study measured the functional consequences of mutations in CYP2C9, as measured by two different assays, one using Variant Abundance by Massively Parallel sequencing (VAMP-seq) in HEK293T cells, and one using a yeast activity-based protein profiling assay (Click-seq). This entry contains amino a	""	6821	""	""	""		unknown	none	scores_not_downloaded_at_this_scope					
urn:mavedb:00000763-a-1	DBT	false	candidate	""	DBT Peripheral subunit-binding domain domainome 1.0	Stability measurements of the DBT Peripheral subunit-binding domain from domainome 1.0.	""	881	""	""	""		unknown	none	scores_not_downloaded_at_this_scope					
urn:mavedb:00000764-a-1	DDHD2	false	candidate	""	DDHD2 Sterile alpha motif domain domainome 1.0	Stability measurements of the DDHD2 Sterile alpha motif domain from domainome 1.0.	""	1181	""	""	""		unknown	none	scores_not_downloaded_at_this_scope					
urn:mavedb:00000658-a-1	DDX3X	false	candidate	""	DDX3X SGE Exon 1	DDX3X SGE Exon 1	""	373	""	""	""		unknown	none	scores_not_downloaded_at_this_scope					
urn:mavedb:00000658-b-1	DDX3X	false	candidate	""	DDX3X SGE Exon 2	DDX3X SGE Exon 2	""	451	""	""	""		unknown	none	scores_not_downloaded_at_this_scope,genomic_mapping_incomplete					
urn:mavedb:00000658-c-1	DDX3X	false	candidate	""	DDX3X SGE Exon 3	DDX3X SGE Exon 3	""	379	""	""	""		unknown	none	scores_not_downloaded_at_this_scope					
urn:mavedb:00000658-d-1	DDX3X	false	candidate	""	DDX3X SGE Exon 4	DDX3X SGE Exon 4	""	845	""	""	""		unknown	none	scores_not_downloaded_at_this_scope,genomic_mapping_incomplete					
urn:mavedb:00000658-e-1	DDX3X	false	candidate	""	DDX3X SGE Exon 5	DDX3X SGE Exon 5	""	984	""	""	""		unknown	none	scores_not_downloaded_at_this_scope,genomic_mapping_incomplete					
urn:mavedb:00000658-f-1	DDX3X	false	candidate	""	DDX3X SGE Exon 6	DDX3X SGE Exon 6	""	666	""	""	""		unknown	none	scores_not_downloaded_at_this_scope,genomic_mapping_incomplete					
urn:mavedb:00000658-g-1	DDX3X	false	candidate	""	DDX3X SGE Exon 7	DDX3X SGE Exon 7	""	857	""	""	""		unknown	none	scores_not_downloaded_at_this_scope,genomic_mapping_incomplete					
urn:mavedb:00000658-h-1	DDX3X	false	candidate	""	DDX3X SGE Exon 8	DDX3X SGE Exon 8	""	589	""	""	""		unknown	none	scores_not_downloaded_at_this_scope,genomic_mapping_incomplete					
urn:mavedb:00000658-i-1	DDX3X	false	candidate	""	DDX3X SGE Exon 9	DDX3X SGE Exon 9	""	669	""	""	""		unknown	none	scores_not_downloaded_at_this_scope,genomic_mapping_incomplete					
urn:mavedb:00000658-j-1	DDX3X	false	candidate	""	DDX3X SGE Exon 10	DDX3X SGE Exon 10	""	970	""	""	""		unknown	none	scores_not_downloaded_at_this_scope,genomic_mapping_incomplete					
urn:mavedb:00000658-k-1	DDX3X	false	candidate	""	DDX3X SGE Exon 11	DDX3X SGE Exon 11	""	876	""	""	""		unknown	none	scores_not_downloaded_at_this_scope,genomic_mapping_incomplete					
urn:mavedb:00000658-l-1	DDX3X	false	candidate	""	DDX3X SGE Exon 12	DDX3X SGE Exon 12	""	901	""	""	""		unknown	none	scores_not_downloaded_at_this_scope,genomic_mapping_incomplete					
urn:mavedb:00000658-m-1	DDX3X	false	candidate	""	DDX3X SGE Exon 13	DDX3X SGE Exon 13	""	1095	""	""	""		unknown	none	scores_not_downloaded_at_this_scope,genomic_mapping_incomplete					
urn:mavedb:00000658-n-1	DDX3X	false	candidate	""	DDX3X SGE Exon 14	DDX3X SGE Exon 14	""	744	""	""	""		unknown	none	scores_not_downloaded_at_this_scope,genomic_mapping_incomplete					
urn:mavedb:00000658-o-1	DDX3X	false	candidate	""	DDX3X SGE Exon 15	DDX3X SGE Exon 15	""	940	""	""	""		unknown	none	scores_not_downloaded_at_this_scope,genomic_mapping_incomplete					
urn:mavedb:00000658-p-1	DDX3X	false	candidate	""	DDX3X SGE Exon 16	DDX3X SGE Exon 16	""	899	""	""	""		unknown	none	scores_not_downloaded_at_this_scope,genomic_mapping_incomplete					
urn:mavedb:00000658-q-1	DDX3X	false	candidate	""	DDX3X SGE Exon 17	DDX3X SGE Exon 17	""	538	""	""	""		unknown	none	scores_not_downloaded_at_this_scope					
urn:mavedb:00001219-a-1	DHFR	false	candidate	""	Systematic characterization of indel variants using a yeast-based protein folding sensor	Protein folding of DHFR indel variants at 30 °C.	Survival assessment assay	748	""	""	""		unknown	none	scores_not_downloaded_at_this_scope					
urn:mavedb:00001219-a-2	DHFR	false	candidate	""	Systematic characterization of indel variants using a yeast-based protein folding sensor	Protein folding of DHFR indel variants with methotrexate at 30 °C.	Survival assessment assay	748	""	""	""		unknown	none	scores_not_downloaded_at_this_scope					
urn:mavedb:00001219-a-3	DHFR	false	candidate	""	Systematic characterization of indel variants using a yeast-based protein folding sensor	Protein folding of DHFR indel variants at 37 °C.	Survival assessment assay	748	""	""	""		unknown	none	scores_not_downloaded_at_this_scope					
urn:mavedb:00001219-a-4	DHFR	false	candidate	""	Systematic characterization of indel variants using a yeast-based protein folding sensor	Protein folding of DHFR indel variants with methotrexate at 37 °C.	Survival assessment assay	748	""	""	""		unknown	none	scores_not_downloaded_at_this_scope					
urn:mavedb:00000765-a-1	DIDO1	false	candidate	""	DIDO1 Zinc finger, PHD-finger domain domainome 1.0	Stability measurements of the DIDO1 Zinc finger, PHD-finger domain from domainome 1.0.	""	1181	""	""	""		unknown	none	scores_not_downloaded_at_this_scope					
urn:mavedb:00000766-a-1	DLG3	false	candidate	""	DLG3 PDZ domain domainome 1.0	Stability measurements of the DLG3 PDZ domain from domainome 1.0.	""	1701	""	""	""		unknown	none	scores_not_downloaded_at_this_scope					
urn:mavedb:00000767-a-1	DLG3	false	candidate	""	DLG3 PDZ domain domainome 1.0	Stability measurements of the DLG3 PDZ domain from domainome 1.0.	""	1821	""	""	""		unknown	none	scores_not_downloaded_at_this_scope					
urn:mavedb:00000053-a-1	DLG4	false	candidate	""	Pairwise mutations in PSD95 PDZ3	This contains the double mutations found in the dataset	""	648022	""	""	""		unknown	none	scores_not_downloaded_at_this_scope,genomic_mapping_failed					
urn:mavedb:00000053-a-2	DLG4	false	candidate	""	Single mutations in PSD95 PDZ3	This contains the single mutations found in the dataset	""	1235	""	""	""		unknown	none	scores_not_downloaded_at_this_scope					
urn:mavedb:00000768-a-1	DLG4	false	candidate	""	DLG4 PDZ domain domainome 1.0	Stability measurements of the DLG4 PDZ domain from domainome 1.0.	""	1761	""	""	""		unknown	none	scores_not_downloaded_at_this_scope					
urn:mavedb:00000769-a-1	DLG4	false	candidate	""	DLG4 PDZ domain domainome 1.0	Stability measurements of the DLG4 PDZ domain from domainome 1.0.	""	1881	""	""	""		unknown	none	scores_not_downloaded_at_this_scope,genomic_mapping_failed					
urn:mavedb:00000770-a-1	DLG4	false	candidate	""	DLG4 PDZ domain domainome 1.0	Stability measurements of the DLG4 PDZ domain from domainome 1.0.	""	1801	""	""	""		unknown	none	scores_not_downloaded_at_this_scope					
urn:mavedb:00000771-a-1	DMBX1	false	candidate	""	DMBX1 Homeobox domain domainome 1.0	Stability measurements of the DMBX1 Homeobox domain from domainome 1.0.	""	1121	""	""	""		unknown	none	scores_not_downloaded_at_this_scope					
urn:mavedb:00000772-a-1	DMTF1	false	candidate	""	DMTF1 SANT/Myb domain domainome 1.0	Stability measurements of the DMTF1 SANT/Myb domain from domainome 1.0.	""	801	""	""	""		unknown	none	scores_not_downloaded_at_this_scope					
urn:mavedb:00000304-a-1	DNAJA1	false	candidate	""	DNAJA1 trypsin digestion	Trypsin digestion of DnaJ homolog subfamily A member 1.	""	2517	""	""	""		unknown	none	scores_not_downloaded_at_this_scope,genomic_mapping_incomplete					
urn:mavedb:00000304-a-2	DNAJA1	false	candidate	""	DNAJA1 chymotrypsin digestion	Chymotrypsin digestion of DnaJ homolog subfamily A member 1.	""	2517	""	""	""		unknown	none	scores_not_downloaded_at_this_scope,genomic_mapping_incomplete					
urn:mavedb:00000440-a-1	DNAJA3	false	candidate	""	DNAJA3 trypsin digestion	Trypsin digestion of DnaJ homolog subfamily A member 3, mitochondrial.	""	3126	""	""	""		unknown	none	scores_not_downloaded_at_this_scope,genomic_mapping_incomplete					
urn:mavedb:00000440-a-2	DNAJA3	false	candidate	""	DNAJA3 chymotrypsin digestion	Chymotrypsin digestion of DnaJ homolog subfamily A member 3, mitochondrial.	""	3126	""	""	""		unknown	none	scores_not_downloaded_at_this_scope,genomic_mapping_incomplete					
urn:mavedb:00000774-a-1	DNAJB1	false	candidate	""	DNAJB1 DnaJ domain domainome 1.0	Stability measurements of the DNAJB1 DnaJ domain from domainome 1.0.	""	1241	""	""	""		unknown	none	scores_not_downloaded_at_this_scope					
urn:mavedb:00000773-a-1	DNAJB11	false	candidate	""	DNAJB11 DnaJ domain domainome 1.0	Stability measurements of the DNAJB11 DnaJ domain from domainome 1.0.	""	1261	""	""	""		unknown	none	scores_not_downloaded_at_this_scope					
urn:mavedb:00000300-a-1	DNAJB2	false	candidate	""	DNAJB2 trypsin digestion	Trypsin digestion of DnaJ homolog subfamily B member 2.	""	4567	""	""	""		unknown	none	scores_not_downloaded_at_this_scope,genomic_mapping_incomplete					
urn:mavedb:00000300-a-2	DNAJB2	false	candidate	""	DNAJB2 chymotrypsin digestion	Chymotrypsin digestion of DnaJ homolog subfamily B member 2.	""	4567	""	""	""		unknown	none	scores_not_downloaded_at_this_scope,genomic_mapping_incomplete					
urn:mavedb:00000775-a-1	DNAJB5	false	candidate	""	DNAJB5 DnaJ domain domainome 1.0	Stability measurements of the DNAJB5 DnaJ domain from domainome 1.0.	""	1241	""	""	""		unknown	none	scores_not_downloaded_at_this_scope					
urn:mavedb:00000776-a-1	DNAJB7	false	candidate	""	DNAJB7 DnaJ domain domainome 1.0	Stability measurements of the DNAJB7 DnaJ domain from domainome 1.0.	""	1281	""	""	""		unknown	none	scores_not_downloaded_at_this_scope					
urn:mavedb:00000777-a-1	DNAJC1	false	candidate	""	DNAJC1 SANT/Myb domain domainome 1.0	Stability measurements of the DNAJC1 SANT/Myb domain from domainome 1.0.	""	1021	""	""	""		unknown	none	scores_not_downloaded_at_this_scope					
urn:mavedb:00000779-a-1	DNAJC2	false	candidate	""	DNAJC2 SANT/Myb domain domainome 1.0	Stability measurements of the DNAJC2 SANT/Myb domain from domainome 1.0.	""	1061	""	""	""		unknown	none	scores_not_downloaded_at_this_scope					
urn:mavedb:00000778-a-1	DNAJC21	false	candidate	""	DNAJC21 Zinc finger, double-stranded RNA binding domain domainome 1.0	Stability measurements of the DNAJC21 Zinc finger, double-stranded RNA binding domain from domainome 1.0.	""	501	""	""	""		unknown	none	scores_not_downloaded_at_this_scope					
urn:mavedb:00000780-a-1	DNAJC5	false	candidate	""	DNAJC5 DnaJ domain domainome 1.0	Stability measurements of the DNAJC5 DnaJ domain from domainome 1.0.	""	1241	""	""	""		unknown	none	scores_not_downloaded_at_this_scope					
urn:mavedb:00000781-a-1	DNAJC7	false	candidate	""	DNAJC7 DnaJ domain domainome 1.0	Stability measurements of the DNAJC7 DnaJ domain from domainome 1.0.	""	1341	""	""	""		unknown	none	scores_not_downloaded_at_this_scope					
urn:mavedb:00000782-a-1	DNMBP	false	candidate	""	DNMBP SH3 domain domainome 1.0	Stability measurements of the DNMBP SH3 domain from domainome 1.0.	""	1261	""	""	""		unknown	none	scores_not_downloaded_at_this_scope					
urn:mavedb:00000783-a-1	DNMBP	false	candidate	""	DNMBP SH3 domain domainome 1.0	Stability measurements of the DNMBP SH3 domain from domainome 1.0.	""	1181	""	""	""		unknown	none	scores_not_downloaded_at_this_scope					
urn:mavedb:00000784-a-1	DNMBP	false	candidate	""	DNMBP SH3 domain domainome 1.0	Stability measurements of the DNMBP SH3 domain from domainome 1.0.	""	1221	""	""	""		unknown	none	scores_not_downloaded_at_this_scope					
urn:mavedb:00000785-a-1	DNMBP	false	candidate	""	DNMBP SH3 domain domainome 1.0	Stability measurements of the DNMBP SH3 domain from domainome 1.0.	""	1181	""	""	""		unknown	none	scores_not_downloaded_at_this_scope					
urn:mavedb:00000786-a-1	DPH3	false	candidate	""	DPH3 DPH-type metal-binding domain domainome 1.0	Stability measurements of the DPH3 DPH-type metal-binding domain from domainome 1.0.	""	1101	""	""	""		unknown	none	scores_not_downloaded_at_this_scope					
urn:mavedb:00000787-a-1	DTNA	false	candidate	""	DTNA Zinc finger, ZZ-type domain domainome 1.0	Stability measurements of the DTNA Zinc finger, ZZ-type domain from domainome 1.0.	""	1201	""	""	""		unknown	none	scores_not_downloaded_at_this_scope					
urn:mavedb:00000430-a-1	DUX4	false	candidate	""	DUX4 trypsin digestion	Trypsin digestion of Double homeobox protein 4.	""	1250	""	""	""		unknown	none	scores_not_downloaded_at_this_scope					
urn:mavedb:00000430-a-2	DUX4	false	candidate	""	DUX4 chymotrypsin digestion	Chymotrypsin digestion of Double homeobox protein 4.	""	1250	""	""	""		unknown	none	scores_not_downloaded_at_this_scope					
urn:mavedb:00000788-a-1	DVL1	false	candidate	""	DVL1 DIX domain domainome 1.0	Stability measurements of the DVL1 DIX domain from domainome 1.0.	""	1561	""	""	""		unknown	none	scores_not_downloaded_at_this_scope					
urn:mavedb:00000789-a-1	DVL1	false	candidate	""	DVL1 PDZ domain domainome 1.0	Stability measurements of the DVL1 PDZ domain from domainome 1.0.	""	1861	""	""	""		unknown	none	scores_not_downloaded_at_this_scope					
urn:mavedb:00000790-a-1	DVL3	false	candidate	""	DVL3 DIX domain domainome 1.0	Stability measurements of the DVL3 DIX domain from domainome 1.0.	""	1601	""	""	""		unknown	none	scores_not_downloaded_at_this_scope					
urn:mavedb:00001204-a-5	EGFR	false	candidate	""	Dabrafenib and Cetuximab HT-29 cells, base editing z-scores (predicted consequence)	We have supplied variant scores in the presence of drugs for non-synonymous variants that have been installed with base editors (CBE or ABE) and genotyped with amplicon sequencing (“verified BE dataset”). Only gRNAs that have installed a single amino acid variant are shown. We also supply a larger d	""	472	""	""	""		unknown	none	scores_not_downloaded_at_this_scope					
urn:mavedb:00000791-a-1	ELF3	false	candidate	""	ELF3 Pointed domain domainome 1.0	Stability measurements of the ELF3 Pointed domain from domainome 1.0.	""	1641	""	""	""		unknown	none	scores_not_downloaded_at_this_scope					
urn:mavedb:00000792-a-1	ELF5	false	candidate	""	ELF5 Pointed domain domainome 1.0	Stability measurements of the ELF5 Pointed domain from domainome 1.0.	""	1661	""	""	""		unknown	none	scores_not_downloaded_at_this_scope,genomic_mapping_failed					
urn:mavedb:00000793-a-1	ELOF1	false	candidate	""	ELOF1 Transcription elongation factor 1 domainome 1.0	Stability measurements of the ELOF1 Transcription elongation factor 1 from domainome 1.0.	""	1541	""	""	""		unknown	none	scores_not_downloaded_at_this_scope					
urn:mavedb:00000794-a-1	EP300	false	candidate	""	EP300 Coactivator CBP, KIX domain domainome 1.0	Stability measurements of the EP300 Coactivator CBP, KIX domain from domainome 1.0.	""	1681	""	""	""		unknown	none	scores_not_downloaded_at_this_scope					
urn:mavedb:00000140-a-1	EPHB2	false	candidate	""	EPHB2 SAM domain trypsin digestion	Trypsin digestion of Ephrin type-B receptor 2 SAM domain.	""	2176	""	""	""		unknown	none	scores_not_downloaded_at_this_scope,genomic_mapping_incomplete					
urn:mavedb:00000140-a-2	EPHB2	false	candidate	""	EPHB2 SAM domain chymotrypsin digestion	Chymotrypsin digestion of Ephrin type-B receptor 2 SAM domain.	""	2176	""	""	""		unknown	none	scores_not_downloaded_at_this_scope,genomic_mapping_incomplete					
urn:mavedb:00000795-a-1	EPRS1	false	candidate	""	EPRS1 WHEP-TRS domain domainome 1.0	Stability measurements of the EPRS1 WHEP-TRS domain from domainome 1.0.	""	1041	""	""	""		unknown	none	scores_not_downloaded_at_this_scope,genomic_mapping_incomplete					
urn:mavedb:00000796-a-1	EPS8	false	candidate	""	EPS8 SAM domain domainome 1.0	Stability measurements of the EPS8 SAM domain from domainome 1.0.	""	1181	""	""	""		unknown	none	scores_not_downloaded_at_this_scope					
urn:mavedb:00000797-a-1	EPS8	false	candidate	""	EPS8 SH3 domain domainome 1.0	Stability measurements of the EPS8 SH3 domain from domainome 1.0.	""	1161	""	""	""		unknown	none	scores_not_downloaded_at_this_scope					
urn:mavedb:00000051-b-1	ERBB2	false	candidate	""	Helix region of ErbB2	A deep mutational scanning experiment targeting ErbB2 helix region on the bacterial inner membrane.	""	480	""	""	""		unknown	none	scores_not_downloaded_at_this_scope					
urn:mavedb:00000798-a-1	ERBIN	false	candidate	""	ERBIN PDZ domain domainome 1.0	Stability measurements of the ERBIN PDZ domain from domainome 1.0.	""	1801	""	""	""		unknown	none	scores_not_downloaded_at_this_scope					
urn:mavedb:00000799-a-1	ERG	false	candidate	""	ERG Pointed domain domainome 1.0	Stability measurements of the ERG Pointed domain from domainome 1.0.	""	1621	""	""	""		unknown	none	scores_not_downloaded_at_this_scope					
urn:mavedb:00000800-a-1	ERI1	false	candidate	""	ERI1 SAP domain domainome 1.0	Stability measurements of the ERI1 SAP domain from domainome 1.0.	""	1001	""	""	""		unknown	none	scores_not_downloaded_at_this_scope,genomic_mapping_incomplete					
urn:mavedb:00000801-a-1	ESRRB	false	candidate	""	ESRRB Zinc finger, nuclear hormone receptor-type domain domainome 1.0	Stability measurements of the ESRRB Zinc finger, nuclear hormone receptor-type domain from domainome 1.0.	""	1541	""	""	""		unknown	none	scores_not_downloaded_at_this_scope					
urn:mavedb:00000802-a-1	ETS1	false	candidate	""	ETS1 Pointed domain domainome 1.0	Stability measurements of the ETS1 Pointed domain from domainome 1.0.	""	1621	""	""	""		unknown	none	scores_not_downloaded_at_this_scope					
urn:mavedb:00001200-a-1	F9	false	candidate	""	F9 MultiStEP strep II tag scores	Amino acid variant scores for MultiSTEP assay for coagulation factor IX (F9) surface expression using strep II tag antibody.	Reporter	9682	lower_is_more_damaging	""	""		lower_is_more_damaging	medium	scores_not_downloaded_at_this_scope					
urn:mavedb:00001200-b-1	F9	false	candidate	""	F9 MultiStEP heavy chain scores	Amino acid variant scores for MultiSTEP assay for coagulation factor IX (F9) surface expression using F9 heavy chain antibody.	Reporter	9682	lower_is_more_damaging	""	""		lower_is_more_damaging	medium	scores_not_downloaded_at_this_scope					
urn:mavedb:00001200-c-1	F9	false	candidate	""	F9 MultiSTEP light chain scores	Amino acid variant scores for MultiSTEP assay for coagulation factor IX (F9) surface expression using F9 light chain antibody.	Reporter	9682	lower_is_more_damaging	""	""		lower_is_more_damaging	medium	scores_not_downloaded_at_this_scope					
urn:mavedb:00001200-d-1	F9	false	candidate	""	F9 MultiSTEP F9 Gla domain scores	Amino acid variant scores for MultiSTEP assay for coagulation factor IX (F9) surface expression using a carboxylation-sensitive antibody to the F9 Gla domain.	Reporter	9682	lower_is_more_damaging	""	""		lower_is_more_damaging	medium	scores_not_downloaded_at_this_scope					
urn:mavedb:00001200-e-1	F9	false	candidate	""	F9 MultiSTEP pan-Gla domain scores	Amino acid variant scores for MultiSTEP assay for coagulation factor IX (F9) surface expression using a carboxylation-sensitive antibody to the Gla domain motif.	Reporter	9682	lower_is_more_damaging	""	""		lower_is_more_damaging	medium	scores_not_downloaded_at_this_scope					
urn:mavedb:00000803-a-1	FADD	false	candidate	""	FADD Death effector domain domainome 1.0	Stability measurements of the FADD Death effector domain from domainome 1.0.	""	1721	""	""	""		unknown	none	scores_not_downloaded_at_this_scope					
urn:mavedb:00000804-a-1	FANCL	false	candidate	""	FANCL FANCL C-terminal domain domainome 1.0	Stability measurements of the FANCL FANCL C-terminal domain from domainome 1.0.	""	1341	""	""	""		unknown	none	scores_not_downloaded_at_this_scope					
urn:mavedb:00000805-a-1	FBXO11	false	candidate	""	FBXO11 Zinc finger, UBR-type domain domainome 1.0	Stability measurements of the FBXO11 Zinc finger, UBR-type domain from domainome 1.0.	""	921	""	""	""		unknown	none	scores_not_downloaded_at_this_scope					
urn:mavedb:00000806-a-1	FBXO22	false	candidate	""	FBXO22 F-box domain domainome 1.0	Stability measurements of the FBXO22 F-box domain from domainome 1.0.	""	801	""	""	""		unknown	none	scores_not_downloaded_at_this_scope					
urn:mavedb:00000807-a-1	FCHSD1	false	candidate	""	FCHSD1 SH3 domain domainome 1.0	Stability measurements of the FCHSD1 SH3 domain from domainome 1.0.	""	1241	""	""	""		unknown	none	scores_not_downloaded_at_this_scope					
urn:mavedb:00000808-a-1	FEZF1	false	candidate	""	FEZF1 Zinc finger C2H2-type domain domainome 1.0	Stability measurements of the FEZF1 Zinc finger C2H2-type domain from domainome 1.0.	""	441	""	""	""		unknown	none	scores_not_downloaded_at_this_scope					
urn:mavedb:00001256-a-10	FGFR1	false	candidate	""	FGFR1 pemigatinib resistance	Saturation mutagenesis of the FGFR1 kinase domain to determine resistance to the FGFR inhibitor Pemigatinib	Cell proliferation assay	2103	higher_is_more_damaging	""	""		higher_is_more_damaging	medium	scores_not_downloaded_at_this_scope					
urn:mavedb:00001256-a-12	FGFR1	false	candidate	""	FGFR1 activation	Saturation mutagenesis of the FGFR1 kinase domain to determine activating FGFR1 mutations.	Cell proliferation assay	2103	higher_is_more_damaging	""	""		higher_is_more_damaging	medium	scores_not_downloaded_at_this_scope					
urn:mavedb:00001256-a-4	FGFR1	false	candidate	""	FGFR1 futibatinib resistance	Saturation mutagenesis of the FGFR1 kinase domain to determine resistance to the FGFR inhibitor futibatinib	Cell proliferation assay	2103	higher_is_more_damaging	""	""		higher_is_more_damaging	medium	scores_not_downloaded_at_this_scope					
urn:mavedb:00001256-a-1	FGFR2	false	candidate	""	FGFR2 activation	Saturation mutagenesis of the FGFR2 kinase domain to determine activating FGFR2 mutations.	Cell proliferation assay	2122	higher_is_more_damaging	""	""		higher_is_more_damaging	medium	scores_not_downloaded_at_this_scope					
urn:mavedb:00001256-a-7	FGFR2	false	candidate	""	FGFR2 futibatinib resistance	Saturation mutagenesis of the FGFR2 kinase domain to determine resistance to the FGFR inhibitor futibatinib	Cell proliferation assay	2122	higher_is_more_damaging	""	""		higher_is_more_damaging	medium	scores_not_downloaded_at_this_scope					
urn:mavedb:00001256-a-9	FGFR2	false	candidate	""	FGFR2 pemigatinib resistance	Saturation mutagenesis of the FGFR2 kinase domain to determine resistance to the FGFR inhibitor Pemigatinib	Cell proliferation assay	2122	higher_is_more_damaging	""	""		higher_is_more_damaging	medium	scores_not_downloaded_at_this_scope					
urn:mavedb:00001256-a-2	FGFR3	false	candidate	""	FGFR3 futibatinib resistance	Saturation mutagenesis of the FGFR3 kinase domain to determine resistance to the FGFR inhibitor futibatinib	Cell proliferation assay	2102	higher_is_more_damaging	""	""		higher_is_more_damaging	medium	scores_not_downloaded_at_this_scope					
urn:mavedb:00001256-a-3	FGFR3	false	candidate	""	FGFR3 activation	Saturation mutagenesis of the FGFR3 kinase domain to determine activating FGFR3 mutations.	Cell proliferation assay	2102	higher_is_more_damaging	""	""		higher_is_more_damaging	medium	scores_not_downloaded_at_this_scope					
urn:mavedb:00001256-a-5	FGFR3	false	candidate	""	FGFR3 pemigatinib resistance	Saturation mutagenesis of the FGFR3 kinase domain to determine resistance to the FGFR inhibitor Pemigatinib	Cell proliferation assay	2102	higher_is_more_damaging	""	""		higher_is_more_damaging	medium	scores_not_downloaded_at_this_scope					
urn:mavedb:00001256-a-11	FGFR4	false	candidate	""	FGFR4 activation	Saturation mutagenesis of the FGFR4 kinase domain to determine activating FGFR4 mutations.	Cell proliferation assay	2080	higher_is_more_damaging	""	""		higher_is_more_damaging	medium	scores_not_downloaded_at_this_scope					
urn:mavedb:00001256-a-6	FGFR4	false	candidate	""	FGFR4 futibatinib resistance	Saturation mutagenesis of the FGFR4 kinase domain to determine resistance to the FGFR inhibitor futibatinib	Cell proliferation assay	2080	higher_is_more_damaging	""	""		higher_is_more_damaging	medium	scores_not_downloaded_at_this_scope					
urn:mavedb:00001256-a-8	FGFR4	false	candidate	""	FGFR4 pemigatinib resistance	Saturation mutagenesis of the FGFR4 kinase domain to determine resistance to the FGFR inhibitor Pemigatinib	Cell proliferation assay	2080	higher_is_more_damaging	""	""		higher_is_more_damaging	medium	scores_not_downloaded_at_this_scope					
urn:mavedb:00000809-a-1	FHL1	false	candidate	""	FHL1 Zinc finger, LIM-type domain domainome 1.0	Stability measurements of the FHL1 Zinc finger, LIM-type domain from domainome 1.0.	""	1201	""	""	""		unknown	none	scores_not_downloaded_at_this_scope					
urn:mavedb:00000810-a-1	FHL1	false	candidate	""	FHL1 Zinc finger, LIM-type domain domainome 1.0	Stability measurements of the FHL1 Zinc finger, LIM-type domain from domainome 1.0.	""	1121	""	""	""		unknown	none	scores_not_downloaded_at_this_scope					
urn:mavedb:00000811-a-1	FHL2	false	candidate	""	FHL2 Zinc finger, LIM-type domain domainome 1.0	Stability measurements of the FHL2 Zinc finger, LIM-type domain from domainome 1.0.	""	1201	""	""	""		unknown	none	scores_not_downloaded_at_this_scope					
urn:mavedb:00000271-a-1	FKBP3	false	candidate	""	FKBP3 trypsin digestion	Trypsin digestion of Peptidyl-prolyl cis-trans isomerase FKBP3.	""	1520	""	""	""		unknown	none	scores_not_downloaded_at_this_scope,genomic_mapping_incomplete					
urn:mavedb:00000271-a-2	FKBP3	false	candidate	""	FKBP3 chymotrypsin digestion	Chymotrypsin digestion of Peptidyl-prolyl cis-trans isomerase FKBP3.	""	1520	""	""	""		unknown	none	scores_not_downloaded_at_this_scope,genomic_mapping_incomplete					
urn:mavedb:00001197-a-5	FKRP	false	candidate	""	FKRP variants effects on alpha-DG glycosylation	FKRP variants effects on alpha-DG glycosylation	Reporter	4455	lower_is_more_damaging	""	""		lower_is_more_damaging	medium	scores_not_downloaded_at_this_scope					
urn:mavedb:00000812-a-1	FLI1	false	candidate	""	FLI1 Pointed domain domainome 1.0	Stability measurements of the FLI1 Pointed domain from domainome 1.0.	""	1641	""	""	""		unknown	none	scores_not_downloaded_at_this_scope					
urn:mavedb:00000813-a-1	FLNB	false	candidate	""	FLNB Filamin/ABP280 repeat-like domain domainome 1.0	Stability measurements of the FLNB Filamin/ABP280 repeat-like domain from domainome 1.0.	""	1801	""	""	""		unknown	none	scores_not_downloaded_at_this_scope					
urn:mavedb:00000814-a-1	FLNB	false	candidate	""	FLNB Filamin/ABP280 repeat-like domain domainome 1.0	Stability measurements of the FLNB Filamin/ABP280 repeat-like domain from domainome 1.0.	""	1561	""	""	""		unknown	none	scores_not_downloaded_at_this_scope					
urn:mavedb:00000815-a-1	FLNB	false	candidate	""	FLNB Filamin/ABP280 repeat-like domain domainome 1.0	Stability measurements of the FLNB Filamin/ABP280 repeat-like domain from domainome 1.0.	""	1801	""	""	""		unknown	none	scores_not_downloaded_at_this_scope					
urn:mavedb:00000816-a-1	FMR1	false	candidate	""	FMR1 K Homology domain, type 1 domainome 1.0	Stability measurements of the FMR1 K Homology domain, type 1 from domainome 1.0.	""	1321	""	""	""		unknown	none	scores_not_downloaded_at_this_scope					
urn:mavedb:00000817-a-1	FNBP4	false	candidate	""	FNBP4 WW domain domainome 1.0	Stability measurements of the FNBP4 WW domain from domainome 1.0.	""	1241	""	""	""		unknown	none	scores_not_downloaded_at_this_scope					
urn:mavedb:00000818-a-1	FNBP4	false	candidate	""	FNBP4 WW domain domainome 1.0	Stability measurements of the FNBP4 WW domain from domainome 1.0.	""	881	""	""	""		unknown	none	scores_not_downloaded_at_this_scope					
urn:mavedb:00000819-a-1	FRMPD4	false	candidate	""	FRMPD4 PDZ domain domainome 1.0	Stability measurements of the FRMPD4 PDZ domain from domainome 1.0.	""	1601	""	""	""		unknown	none	scores_not_downloaded_at_this_scope					
urn:mavedb:00000820-a-1	FUBP1	false	candidate	""	FUBP1 K Homology domain, type 1 domainome 1.0	Stability measurements of the FUBP1 K Homology domain, type 1 from domainome 1.0.	""	1481	""	""	""		unknown	none	scores_not_downloaded_at_this_scope					
urn:mavedb:00000821-a-1	FUBP1	false	candidate	""	FUBP1 K Homology domain, type 1 domainome 1.0	Stability measurements of the FUBP1 K Homology domain, type 1 from domainome 1.0.	""	1441	""	""	""		unknown	none	scores_not_downloaded_at_this_scope					
urn:mavedb:00000822-a-1	FUBP3	false	candidate	""	FUBP3 K Homology domain, type 1 domainome 1.0	Stability measurements of the FUBP3 K Homology domain, type 1 from domainome 1.0.	""	1521	""	""	""		unknown	none	scores_not_downloaded_at_this_scope					
urn:mavedb:00000116-a-1	FYN	false	candidate	""	FYN SH3 domain trypsin digestion	Trypsin digestion of Tyrosine-protein kinase Fyn SH3 domain.	""	1629	""	""	""		unknown	none	scores_not_downloaded_at_this_scope,genomic_mapping_incomplete					
urn:mavedb:00000116-a-2	FYN	false	candidate	""	FYN SH3 domain chymotrypsin digestion	Chymotrypsin digestion of Tyrosine-protein kinase Fyn SH3 domain.	""	1629	""	""	""		unknown	none	scores_not_downloaded_at_this_scope,genomic_mapping_incomplete					
urn:mavedb:00000117-a-1	FYN	false	candidate	""	FYN SH3 domain (E24S) trypsin digestion	Trypsin digestion of Tyrosine-protein kinase Fyn SH3 domain (E24S).	""	1276	""	""	""		unknown	none	scores_not_downloaded_at_this_scope,genomic_mapping_incomplete					
urn:mavedb:00000117-a-2	FYN	false	candidate	""	FYN SH3 domain (E24S) chymotrypsin digestion	Chymotrypsin digestion of Tyrosine-protein kinase Fyn SH3 domain (E24S).	""	1276	""	""	""		unknown	none	scores_not_downloaded_at_this_scope,genomic_mapping_incomplete					
urn:mavedb:00000118-a-1	FYN	false	candidate	""	FYN SH3 domain (F20A) trypsin digestion	Trypsin digestion of Tyrosine-protein kinase Fyn SH3 domain (F20A).	""	1278	""	""	""		unknown	none	scores_not_downloaded_at_this_scope,genomic_mapping_incomplete					
urn:mavedb:00000118-a-2	FYN	false	candidate	""	FYN SH3 domain (F20A) chymotrypsin digestion	Chymotrypsin digestion of Tyrosine-protein kinase Fyn SH3 domain (F20A).	""	1278	""	""	""		unknown	none	scores_not_downloaded_at_this_scope,genomic_mapping_incomplete					
urn:mavedb:00000119-a-1	FYN	false	candidate	""	FYN SH3 domain (L7S) trypsin digestion	Trypsin digestion of Tyrosine-protein kinase Fyn SH3 domain (L7S).	""	1276	""	""	""		unknown	none	scores_not_downloaded_at_this_scope,genomic_mapping_failed					
urn:mavedb:00000119-a-2	FYN	false	candidate	""	FYN SH3 domain (L7S) chymotrypsin digestion	Chymotrypsin digestion of Tyrosine-protein kinase Fyn SH3 domain (L7S).	""	1276	""	""	""		unknown	none	scores_not_downloaded_at_this_scope,genomic_mapping_failed					
urn:mavedb:00000120-a-1	FYN	false	candidate	""	FYN SH3 domain (V55A) trypsin digestion	Trypsin digestion of Tyrosine-protein kinase Fyn SH3 domain (V55A).	""	1276	""	""	""		unknown	none	scores_not_downloaded_at_this_scope,genomic_mapping_incomplete					
urn:mavedb:00000120-a-2	FYN	false	candidate	""	FYN SH3 domain (V55A) chymotrypsin digestion	Chymotrypsin digestion of Tyrosine-protein kinase Fyn SH3 domain (V55A).	""	1276	""	""	""		unknown	none	scores_not_downloaded_at_this_scope,genomic_mapping_incomplete					
urn:mavedb:00000439-a-1	FYN	false	candidate	""	FYN SH3 domain trypsin digestion	Trypsin digestion of Tyrosine-protein kinase Fyn SH3 domain.	""	1659	""	""	""		unknown	none	scores_not_downloaded_at_this_scope,genomic_mapping_incomplete					
urn:mavedb:00000439-a-2	FYN	false	candidate	""	FYN SH3 domain chymotrypsin digestion	Chymotrypsin digestion of Tyrosine-protein kinase Fyn SH3 domain.	""	1659	""	""	""		unknown	none	scores_not_downloaded_at_this_scope,genomic_mapping_incomplete					
urn:mavedb:00000823-a-1	FYN	false	candidate	""	FYN SH3 domain domainome 1.0	Stability measurements of the FYN SH3 domain from domainome 1.0.	""	1221	""	""	""		unknown	none	scores_not_downloaded_at_this_scope					
urn:mavedb:00001266-a-1	G6PD	false	candidate	""	G6PD Yeast Growth Scores	Scores for the G6PD turbidostat yeast growth assay.	Cell proliferation assay with genetic complementation	10675	""	""	""		unknown	none	scores_not_downloaded_at_this_scope,genomic_mapping_incomplete					
urn:mavedb:00001266-b-1	G6PD	false	candidate	""	G6PD VAMP-seq Scores	Scores for the G6PD VAMP-seq assay.	Flow cytometry assay	10674	lower_is_more_damaging	""	""		lower_is_more_damaging	medium	scores_not_downloaded_at_this_scope					
urn:mavedb:00001266-c-1	G6PD	false	candidate	""	G6PD Yeast Growth (Control) Scores	This is a growth-based assay for G6PD function in Saccharomyces cerevisiae using a continuous culture turbidostat system. It directly measures protein function by growing the yeast under control conditions.	Cell proliferation assay with genetic complementation	9145	""	""	""		unknown	none	scores_not_downloaded_at_this_scope,genomic_mapping_incomplete					
urn:mavedb:00000824-a-1	GABPA	false	candidate	""	GABPA Pointed domain domainome 1.0	Stability measurements of the GABPA Pointed domain from domainome 1.0.	""	1581	""	""	""		unknown	none	scores_not_downloaded_at_this_scope					
urn:mavedb:00000825-a-1	GAS2L1	false	candidate	""	GAS2L1 GAR domain domainome 1.0	Stability measurements of the GAS2L1 GAR domain from domainome 1.0.	""	1361	""	""	""		unknown	none	scores_not_downloaded_at_this_scope					
urn:mavedb:00000387-a-1	GAS7	false	candidate	""	GAS7 trypsin digestion	Trypsin digestion of Growth arrest-specific protein 7.	""	1192	""	""	""		unknown	none	scores_not_downloaded_at_this_scope,genomic_mapping_failed					
urn:mavedb:00000387-a-2	GAS7	false	candidate	""	GAS7 chymotrypsin digestion	Chymotrypsin digestion of Growth arrest-specific protein 7.	""	1192	""	""	""		unknown	none	scores_not_downloaded_at_this_scope,genomic_mapping_failed					
urn:mavedb:00000826-a-1	GATAD2B	false	candidate	""	GATAD2B Zinc finger, GATA-type domain domainome 1.0	Stability measurements of the GATAD2B Zinc finger, GATA-type domain from domainome 1.0.	""	821	""	""	""		unknown	none	scores_not_downloaded_at_this_scope					
urn:mavedb:00000096-a-1	GCK	false	candidate	""	GCK activity measured by complementation	Activity of GCK variants measured by functional complementation of an hxk1Δhxk2Δglk1Δ yeast strain.	Cell fitness	9362	lower_is_more_damaging	""	""		lower_is_more_damaging	medium	scores_not_downloaded_at_this_scope					
urn:mavedb:00000096-b-1	GCK	false	candidate	""	GCK variant abundance measured by DHFR-PCA	Cellular protein abundance of glucokinase (GCK) variants measured by DHFR-PCA in yeast.	Reporter	9201	""	""	""		unknown	none	scores_not_downloaded_at_this_scope					
urn:mavedb:00001247-a-1	GCK	false	candidate	""	GCK Y2H	Interaction of glucokinase (GCK) variants with glucokinase regulatory protein (GKRP) measured by reverse two-hybrid in yeast.	Cell proliferation assay	8387	""	""	""		unknown	none	scores_not_downloaded_at_this_scope,genomic_mapping_failed					
urn:mavedb:00000066-a-1	GDI1	false	candidate	""	GDI1  variant effect map score set	GDI1  variant effect map score set (Short description - to be updated)	""	5008	""	""	""		unknown	none	scores_not_downloaded_at_this_scope					
urn:mavedb:00000828-a-1	GFI1	false	candidate	""	GFI1 Zinc finger C2H2-type domain domainome 1.0	Stability measurements of the GFI1 Zinc finger C2H2-type domain from domainome 1.0.	""	461	""	""	""		unknown	none	scores_not_downloaded_at_this_scope					
urn:mavedb:00000829-a-1	GFI1	false	candidate	""	GFI1 Zinc finger C2H2-type domain domainome 1.0	Stability measurements of the GFI1 Zinc finger C2H2-type domain from domainome 1.0.	""	441	""	""	""		unknown	none	scores_not_downloaded_at_this_scope					
urn:mavedb:00000827-a-1	GFI1B	false	candidate	""	GFI1B Zinc finger C2H2-type domain domainome 1.0	Stability measurements of the GFI1B Zinc finger C2H2-type domain from domainome 1.0.	""	441	""	""	""		unknown	none	scores_not_downloaded_at_this_scope					
urn:mavedb:00000830-a-1	GLI1	false	candidate	""	GLI1 Zinc finger C2H2-type domain domainome 1.0	Stability measurements of the GLI1 Zinc finger C2H2-type domain from domainome 1.0.	""	501	""	""	""		unknown	none	scores_not_downloaded_at_this_scope					
urn:mavedb:00000831-a-1	GLI2	false	candidate	""	GLI2 Zinc finger C2H2-type domain domainome 1.0	Stability measurements of the GLI2 Zinc finger C2H2-type domain from domainome 1.0.	""	501	""	""	""		unknown	none	scores_not_downloaded_at_this_scope					
urn:mavedb:00000832-a-1	GLI3	false	candidate	""	GLI3 Zinc finger C2H2-type domain domainome 1.0	Stability measurements of the GLI3 Zinc finger C2H2-type domain from domainome 1.0.	""	501	""	""	""		unknown	none	scores_not_downloaded_at_this_scope					
urn:mavedb:00000833-a-1	GLIS3	false	candidate	""	GLIS3 Zinc finger C2H2-type domain domainome 1.0	Stability measurements of the GLIS3 Zinc finger C2H2-type domain from domainome 1.0.	""	481	""	""	""		unknown	none	scores_not_downloaded_at_this_scope					
urn:mavedb:00000834-a-1	GLIS3	false	candidate	""	GLIS3 Zinc finger C2H2-type domain domainome 1.0	Stability measurements of the GLIS3 Zinc finger C2H2-type domain from domainome 1.0.	""	461	""	""	""		unknown	none	scores_not_downloaded_at_this_scope					
urn:mavedb:00001207-a-1	GPR68	false	candidate	""	GPR68 mutational scan of cAMP signaling at pH 6.5	We measured mutational effects on GPR68 proton-mediated cAMP signaling at pH 6.5 using transcriptional reporter.	""	9258	""	""	""		unknown	none	scores_not_downloaded_at_this_scope,licence_CC_BY-NC-SA_4.0					
urn:mavedb:00001207-a-2	GPR68	false	candidate	""	GPR68 mutational scan of surface eppression	Mutational effects were measured on GPR68 surface expression using antibody-labeling followed by FACS.	""	9258	""	""	""		unknown	none	scores_not_downloaded_at_this_scope,licence_CC_BY-NC-SA_4.0					
urn:mavedb:00001207-a-3	GPR68	false	candidate	""	GPR68 cAMP signaling at pH 5.5	We measured mutational effects on GPR68 proton-mediated cAMP signaling at pH 5.5 using transcriptional reporter.	""	9258	""	""	""		unknown	none	scores_not_downloaded_at_this_scope,licence_CC_BY-NC-SA_4.0					
urn:mavedb:00000835-a-1	GRB2	false	candidate	""	GRB2 SH3 domain domainome 1.0	Stability measurements of the GRB2 SH3 domain from domainome 1.0.	""	1121	""	""	""		unknown	none	scores_not_downloaded_at_this_scope					
urn:mavedb:00000836-a-1	GRIP1	false	candidate	""	GRIP1 PDZ domain domainome 1.0	Stability measurements of the GRIP1 PDZ domain from domainome 1.0.	""	1821	""	""	""		unknown	none	scores_not_downloaded_at_this_scope					
urn:mavedb:00000838-a-1	GSC	false	candidate	""	GSC Homeobox domain domainome 1.0	Stability measurements of the GSC Homeobox domain from domainome 1.0.	""	1121	""	""	""		unknown	none	scores_not_downloaded_at_this_scope					
urn:mavedb:00000839-a-1	GSX2	false	candidate	""	GSX2 Homeobox domain domainome 1.0	Stability measurements of the GSX2 Homeobox domain from domainome 1.0.	""	1121	""	""	""		unknown	none	scores_not_downloaded_at_this_scope					
urn:mavedb:00000840-a-1	GTF2F2	false	candidate	""	GTF2F2 TFIIF beta subunit, HTH domain domainome 1.0	Stability measurements of the GTF2F2 TFIIF beta subunit, HTH domain from domainome 1.0.	""	1281	""	""	""		unknown	none	scores_not_downloaded_at_this_scope					
urn:mavedb:00000051-c-1	GYPA	false	candidate	""	Helix region of Glycophorin A	A deep mutational scanning experiment targeting the GpA helix region on the bacterial inner membrane.	""	300	""	""	""		unknown	none	scores_not_downloaded_at_this_scope					
urn:mavedb:00000438-a-1	H1-0	false	candidate	""	H1-0 trypsin digestion	Trypsin digestion of Histone H1.0.	""	2263	""	""	""		unknown	none	scores_not_downloaded_at_this_scope					
urn:mavedb:00000438-a-2	H1-0	false	candidate	""	H1-0 chymotrypsin digestion	Chymotrypsin digestion of Histone H1.0.	""	2263	""	""	""		unknown	none	scores_not_downloaded_at_this_scope					
urn:mavedb:00000841-a-1	H1-6	false	candidate	""	H1-6 Linker histone H1/H5, domain H15 domainome 1.0	Stability measurements of the H1-6 Linker histone H1/H5, domain H15 from domainome 1.0.	""	1381	""	""	""		unknown	none	scores_not_downloaded_at_this_scope,genomic_mapping_incomplete					
urn:mavedb:00000842-a-1	HARS1	false	candidate	""	HARS1 WHEP-TRS domain domainome 1.0	Stability measurements of the HARS1 WHEP-TRS domain from domainome 1.0.	""	761	""	""	""		unknown	none	scores_not_downloaded_at_this_scope,genomic_mapping_incomplete					
urn:mavedb:00000404-a-1	HCK	false	candidate	""	HCK trypsin digestion	Trypsin digestion of Tyrosine-protein kinase HCK.	""	2384	""	""	""		unknown	none	scores_not_downloaded_at_this_scope,genomic_mapping_incomplete					
urn:mavedb:00000404-a-2	HCK	false	candidate	""	HCK chymotrypsin digestion	Chymotrypsin digestion of Tyrosine-protein kinase HCK.	""	2384	""	""	""		unknown	none	scores_not_downloaded_at_this_scope,genomic_mapping_incomplete					
urn:mavedb:00000843-a-1	HCK	false	candidate	""	HCK SH3 domain domainome 1.0	Stability measurements of the HCK SH3 domain from domainome 1.0.	""	1161	""	""	""		unknown	none	scores_not_downloaded_at_this_scope					
urn:mavedb:00000392-a-1	HECTD1	false	candidate	""	HECTD1 trypsin digestion	Trypsin digestion of E3 ubiquitin-protein ligase HECTD1.	""	8139	""	""	""		unknown	none	scores_not_downloaded_at_this_scope,genomic_mapping_failed					
urn:mavedb:00000392-a-2	HECTD1	false	candidate	""	HECTD1 chymotrypsin digestion	Chymotrypsin digestion of E3 ubiquitin-protein ligase HECTD1.	""	8139	""	""	""		unknown	none	scores_not_downloaded_at_this_scope,genomic_mapping_failed					
urn:mavedb:00000844-a-1	HECTD1	false	candidate	""	HECTD1 FKBP3, basic tilted helix bundle domain domainome 1.0	Stability measurements of the HECTD1 FKBP3, basic tilted helix bundle domain from domainome 1.0.	""	1361	""	""	""		unknown	none	scores_not_downloaded_at_this_scope					
urn:mavedb:00000845-a-1	HECW2	false	candidate	""	HECW2 WW domain domainome 1.0	Stability measurements of the HECW2 WW domain from domainome 1.0.	""	901	""	""	""		unknown	none	scores_not_downloaded_at_this_scope					
urn:mavedb:00000846-a-1	HERC2	false	candidate	""	HERC2 CPH domain domainome 1.0	Stability measurements of the HERC2 CPH domain from domainome 1.0.	""	1521	""	""	""		unknown	none	scores_not_downloaded_at_this_scope					
urn:mavedb:00000847-a-1	HESX1	false	candidate	""	HESX1 Homeobox domain domainome 1.0	Stability measurements of the HESX1 Homeobox domain from domainome 1.0.	""	1121	""	""	""		unknown	none	scores_not_downloaded_at_this_scope					
urn:mavedb:00000108-a-1	HMBS	false	candidate	""	Missense variant effect map for the human ubiquitous HMBS isoform	Missense variant effect map for the human ubiquitous HMBS isoform via functional complementation in yeast.	Cell fitness	6044	lower_is_more_damaging	""	""		lower_is_more_damaging	medium	scores_not_downloaded_at_this_scope					
urn:mavedb:00000108-b-1	HMBS	false	candidate	""	Missense variant effect map for the human erythroid-specific HMBS isoform	Missense variant effect map for the human erythroid-specific HMBS isoform via functional complementation in yeast.	Cell fitness	6486	lower_is_more_damaging	""	""		lower_is_more_damaging	medium	scores_not_downloaded_at_this_scope					
urn:mavedb:00000848-a-1	HMG20A	false	candidate	""	HMG20A High mobility group box domain domainome 1.0	Stability measurements of the HMG20A High mobility group box domain from domainome 1.0.	""	1341	""	""	""		unknown	none	scores_not_downloaded_at_this_scope					
urn:mavedb:00000035-a-1	HMGCR	false	candidate	""	HMGCR rosuvastatin imputed and refined	A deep mutational scan of HMG-CoA reductase (HMGCR) based on a functional complementation assay in yeast via DMS-TIleSeq in rosuvastatin media.	""	18448	""	""	""		unknown	none	scores_not_downloaded_at_this_scope					
urn:mavedb:00000035-a-2	HMGCR	false	candidate	""	HMGCR no statin imputed and refined	A deep mutational scan of human HMG-CoA reductase (HMGCR) based on a functional complementation assay in yeast via DMS-TileSeq in glucose media with no statin.	""	18448	""	""	""		unknown	none	scores_not_downloaded_at_this_scope					
urn:mavedb:00000035-a-3	HMGCR	false	candidate	""	HMGCR atorvastatin imputed and refined	A deep mutational scan of human HMG-CoA reductase (HMGCR) based on a functional complementation assay in yeast via DMS-TileSeq in atorvastatin media.	""	18448	""	""	""		unknown	none	scores_not_downloaded_at_this_scope					
urn:mavedb:00000849-a-1	HNRNPK	false	candidate	""	HNRNPK K Homology domain, type 1 domainome 1.0	Stability measurements of the HNRNPK K Homology domain, type 1 from domainome 1.0.	""	1481	""	""	""		unknown	none	scores_not_downloaded_at_this_scope					
urn:mavedb:00000852-a-1	HNRNPU	false	candidate	""	HNRNPU SAP domain domainome 1.0	Stability measurements of the HNRNPU SAP domain from domainome 1.0.	""	821	""	""	""		unknown	none	scores_not_downloaded_at_this_scope					
urn:mavedb:00000221-a-1	HNRNPUL1	false	candidate	""	HNRNPUL1 trypsin digestion	Trypsin digestion of Heterogeneous nuclear ribonucleoprotein U-like protein 1 SAP domain.	""	2110	""	""	""		unknown	none	scores_not_downloaded_at_this_scope,genomic_mapping_failed					
urn:mavedb:00000221-a-2	HNRNPUL1	false	candidate	""	HNRNPUL1 chymotrypsin digestion	Chymotrypsin digestion of Heterogeneous nuclear ribonucleoprotein U-like protein 1 SAP domain.	""	2110	""	""	""		unknown	none	scores_not_downloaded_at_this_scope,genomic_mapping_failed					
urn:mavedb:00000850-a-1	HNRNPUL1	false	candidate	""	HNRNPUL1 SAP domain domainome 1.0	Stability measurements of the HNRNPUL1 SAP domain from domainome 1.0.	""	841	""	""	""		unknown	none	scores_not_downloaded_at_this_scope					
urn:mavedb:00000851-a-1	HNRNPUL2	false	candidate	""	HNRNPUL2 SAP domain domainome 1.0	Stability measurements of the HNRNPUL2 SAP domain from domainome 1.0.	""	801	""	""	""		unknown	none	scores_not_downloaded_at_this_scope					
urn:mavedb:00000853-a-1	HOXB1	false	candidate	""	HOXB1 Homeobox domain domainome 1.0	Stability measurements of the HOXB1 Homeobox domain from domainome 1.0.	""	1061	""	""	""		unknown	none	scores_not_downloaded_at_this_scope					
urn:mavedb:00000057-a-1	HRAS	false	candidate	""	Unregulated-Ras	Selection result of Ras mutants expressed without the GAP or the GEF	""	3300	""	""	""		unknown	none	scores_not_downloaded_at_this_scope					
urn:mavedb:00000057-b-1	HRAS	false	candidate	""	Attenuated-Ras	Selection result of Ras mutants expressed in the presence of the GAP, but without the GEF	""	3300	""	""	""		unknown	none	scores_not_downloaded_at_this_scope					
urn:mavedb:00000057-c-1	HRAS	false	candidate	""	Regulated-Ras	In the presence of a GAP and a GEF, selection result on the mutated H-Ras.	""	3300	""	""	""		unknown	none	scores_not_downloaded_at_this_scope					
urn:mavedb:00000057-d-1	HRAS	false	candidate	""	G12V mutated Ras	Selection on the oncogenic G12V mutated type of Ras	""	3300	""	""	""		unknown	none	scores_not_downloaded_at_this_scope					
urn:mavedb:00000234-a-1	HUWE1	false	candidate	""	HUWE1 trypsin digestion	Trypsin digestion of E3 ubiquitin-protein ligase HUWE1.	""	1474	""	""	""		unknown	none	scores_not_downloaded_at_this_scope,genomic_mapping_failed					
urn:mavedb:00000234-a-2	HUWE1	false	candidate	""	HUWE1 chymotrypsin digestion	Chymotrypsin digestion of E3 ubiquitin-protein ligase HUWE1.	""	1474	""	""	""		unknown	none	scores_not_downloaded_at_this_scope,genomic_mapping_failed					
urn:mavedb:00000854-a-1	HUWE1	false	candidate	""	HUWE1 Ubiquitin-associated domain domainome 1.0	Stability measurements of the HUWE1 Ubiquitin-associated domain from domainome 1.0.	""	821	""	""	""		unknown	none	scores_not_downloaded_at_this_scope					
urn:mavedb:00001253-a-1	IAPP	false	candidate	""	IAPP multiple amino acid deletions	A deep mutational scan of islet amyloid polypeptide (IAPP) of internal deletions of multiple consecutive amino acids using a yeast-fusion system that reports on the aggregation ability of protein sequences.	""	358	""	""	""		unknown	none	scores_not_downloaded_at_this_scope					
urn:mavedb:00001253-a-2	IAPP	false	candidate	""	Nucleation scores for all single amino acid substitutions in IAPP	A deep mutational scan of islet amyloid polypeptide (IAPP) of single amino acid substitutions using a yeast-fusion system that reports on the aggregation ability of protein sequences.	""	699	""	""	""		unknown	none	scores_not_downloaded_at_this_scope					
urn:mavedb:00001253-a-3	IAPP	false	candidate	""	IAPP single amino acid deletions	A deep mutational scan of islet amyloid polypeptide (IAPP) of single amino acid deletions using a yeast-fusion system that reports on the aggregation ability of protein sequences.	""	25	""	""	""		unknown	none	scores_not_downloaded_at_this_scope					
urn:mavedb:00001253-a-4	IAPP	false	candidate	""	IAPP double amino acid insertions	A deep mutational scan of islet amyloid polypeptide (IAPP) of double amino acid insertions using a yeast-fusion system that reports on the aggregation ability of protein sequences.	""	48	""	""	""		unknown	none	scores_not_downloaded_at_this_scope					
urn:mavedb:00001253-a-5	IAPP	false	candidate	""	IAPP single amino acid insertions	A deep mutational scan of islet amyloid polypeptide (IAPP) of single amino acid insertions using a yeast-fusion system that reports on the aggregation ability of protein sequences.	""	684	""	""	""		unknown	none	scores_not_downloaded_at_this_scope					
urn:mavedb:00001239-a-1	INSR	false	candidate	""	Insulin Signalling Assay	Functional Assessment of Insulin Signalling	Flow cytometry assay	19100	""	""	""		unknown	none	scores_not_downloaded_at_this_scope					
urn:mavedb:00001239-a-2	INSR	false	candidate	""	mAb 83-07 Binding Assay	Functional Assessment of mAb 83-07 Binding	Flow cytometry assay	19100	""	""	""		unknown	none	scores_not_downloaded_at_this_scope					
urn:mavedb:00001239-a-3	INSR	false	candidate	""	mAb 83-14 Binding Assay	Functional Assessment of mAb  83-14 Binding	Flow cytometry assay	19100	""	""	""		unknown	none	scores_not_downloaded_at_this_scope					
urn:mavedb:00001239-a-4	INSR	false	candidate	""	mAb 83-14 Stimulated Signalling	Functional Assessment of mAb 83-14 Stimulated Signalling	Flow cytometry assay	19100	""	""	""		unknown	none	scores_not_downloaded_at_this_scope					
urn:mavedb:00001239-a-5	INSR	false	candidate	""	mAb 83-07 Stimulated Signalling	Functional Assessment of mAb 83-07 Stimulated Signalling	Flow cytometry assay	19100	""	""	""		unknown	none	scores_not_downloaded_at_this_scope					
urn:mavedb:00001239-a-6	INSR	false	candidate	""	Insulin Binding Assay	Functional Assessment of Insulin Binding	Flow cytometry assay	19100	""	""	""		unknown	none	scores_not_downloaded_at_this_scope					
urn:mavedb:00001239-a-7	INSR	false	candidate	""	Cell Surface Expression Assay	Functional Assessment of Cell Surface Expression	Flow cytometry assay	19100	""	""	""		unknown	none	scores_not_downloaded_at_this_scope					
urn:mavedb:00000855-a-1	INTS12	false	candidate	""	INTS12 Zinc finger, PHD-finger domain domainome 1.0	Stability measurements of the INTS12 Zinc finger, PHD-finger domain from domainome 1.0.	""	1181	""	""	""		unknown	none	scores_not_downloaded_at_this_scope					
urn:mavedb:00000386-a-1	ITCH	false	candidate	""	ITCH trypsin digestion	Trypsin digestion of E3 ubiquitin-protein ligase Itchy homolog.	""	1765	""	""	""		unknown	none	scores_not_downloaded_at_this_scope,genomic_mapping_failed					
urn:mavedb:00000386-a-2	ITCH	false	candidate	""	ITCH chymotrypsin digestion	Chymotrypsin digestion of E3 ubiquitin-protein ligase Itchy homolog.	""	1765	""	""	""		unknown	none	scores_not_downloaded_at_this_scope,genomic_mapping_failed					
urn:mavedb:00000856-a-1	ITCH	false	candidate	""	ITCH WW domain domainome 1.0	Stability measurements of the ITCH WW domain from domainome 1.0.	""	1001	""	""	""		unknown	none	scores_not_downloaded_at_this_scope					
urn:mavedb:00000857-a-1	ITCH	false	candidate	""	ITCH WW domain domainome 1.0	Stability measurements of the ITCH WW domain from domainome 1.0.	""	1081	""	""	""		unknown	none	scores_not_downloaded_at_this_scope					
urn:mavedb:00000858-a-1	ITK	false	candidate	""	ITK SH3 domain domainome 1.0	Stability measurements of the ITK SH3 domain from domainome 1.0.	""	1181	""	""	""		unknown	none	scores_not_downloaded_at_this_scope					
urn:mavedb:00000859-a-1	ITSN1	false	candidate	""	ITSN1 SH3 domain domainome 1.0	Stability measurements of the ITSN1 SH3 domain from domainome 1.0.	""	1141	""	""	""		unknown	none	scores_not_downloaded_at_this_scope					
urn:mavedb:00000860-a-1	ITSN1	false	candidate	""	ITSN1 SH3 domain domainome 1.0	Stability measurements of the ITSN1 SH3 domain from domainome 1.0.	""	1261	""	""	""		unknown	none	scores_not_downloaded_at_this_scope					
urn:mavedb:00000861-a-1	ITSN1	false	candidate	""	ITSN1 SH3 domain domainome 1.0	Stability measurements of the ITSN1 SH3 domain from domainome 1.0.	""	1141	""	""	""		unknown	none	scores_not_downloaded_at_this_scope					
urn:mavedb:00000862-a-1	ITSN1	false	candidate	""	ITSN1 SH3 domain domainome 1.0	Stability measurements of the ITSN1 SH3 domain from domainome 1.0.	""	1161	""	""	""		unknown	none	scores_not_downloaded_at_this_scope					
urn:mavedb:00000863-a-1	ITSN2	false	candidate	""	ITSN2 SH3 domain domainome 1.0	Stability measurements of the ITSN2 SH3 domain from domainome 1.0.	""	1101	""	""	""		unknown	none	scores_not_downloaded_at_this_scope					
urn:mavedb:00001198-a-1	JAG1	false	candidate	""	JAG1  Membrane Expression	A Deep Mutational Scan of the human JAG1 gene using a membrane expression assay and a cDNA library of variants.	Reporter	2832	""	""	""		unknown	none	scores_not_downloaded_at_this_scope					
urn:mavedb:00000109-a-1	JAK1	false	candidate	""	Base editing screens map mutations affecting interferon-γ signalling in cancer	Variant score set for JAK1 mutations from base editing screens where there is corroborating next-generation sequencing verification from HT-29 colon cancer cells. Dataset includes base editing variants where only one non-synonymous mutation is generated in the endogenous JAK1 gene. Where there are m	""	24	""	""	""		unknown	none	scores_not_downloaded_at_this_scope					
urn:mavedb:00000864-a-1	KANSL2	false	candidate	""	KANSL2 Potential DNA-binding domain domainome 1.0	Stability measurements of the KANSL2 Potential DNA-binding domain from domainome 1.0.	""	1281	""	""	""		unknown	none	scores_not_downloaded_at_this_scope					
urn:mavedb:00000865-a-1	KCMF1	false	candidate	""	KCMF1 Drought induced 19 protein type, zinc-binding domain domainome 1.0	Stability measurements of the KCMF1 Drought induced 19 protein type, zinc-binding domain from domainome 1.0.	""	1241	""	""	""		unknown	none	scores_not_downloaded_at_this_scope					
urn:mavedb:00000674-a-2	KCNE1	false	candidate	""	Trafficking scores for KCNE1 in the presence of KCNQ1	This data set includes mean, standard deviation, standard error, confidence interval and trafficking category in the presence of KCNQ1.	Reporter	2554	""	""	""		unknown	none	scores_not_downloaded_at_this_scope					
urn:mavedb:00000674-b-1	KCNE1	false	candidate	""	Functional MAVE scores for KCNE1	This data set includes mean, standard deviation, standard error, confidence interval and function category.	Reporter	2539	""	""	""		unknown	none	scores_not_downloaded_at_this_scope					
urn:mavedb:00000674-c-1	KCNE1	false	candidate	""	Trafficking scores for KCNE1 in the absence of KCNQ1	This data set includes mean, standard deviation, standard error, confidence interval and trafficking category in the absence of KCNQ1.	Reporter	2544	""	""	""		unknown	none	scores_not_downloaded_at_this_scope					
urn:mavedb:00001216-a-1	KCNH2	false	candidate	""	KCNH2 MAVE Trafficking Scores	A quantification of cell surface trafficking of the potassium channel gene KCNH2 using a multiplexed assay of variant effect (MAVE) in HEK293 cells.	Flow cytometry assay	22806	""	""	""		unknown	none	scores_not_downloaded_at_this_scope					
urn:mavedb:00001229-a-2	KCNH2	false	candidate	""	Scores from cell surface localization assay of KCNH2	Cell surface localization assay of 11 residues in the S5 helix of KCNH2	Reporter	231	lower_is_more_damaging	""	""		lower_is_more_damaging	medium	scores_not_downloaded_at_this_scope					
urn:mavedb:00001230-a-2	KCNH2	false	candidate	""	Scores from arrayed automated patch clamp experiment for KCNH2	Arrayed automated patch clamp experiment for 89 KCNH2 variants	Direct protein function	76	lower_is_more_damaging	""	""		lower_is_more_damaging	medium	scores_not_downloaded_at_this_scope					
urn:mavedb:00001231-a-2	KCNH2	false	candidate	""	Scores from cell surface expression deep mutational scan of KCNH2 in HEK293T cells	Cell surface expression deep mutational scan of KCNH2 variants in HEK293T cells	Reporter	22824	lower_is_more_damaging	""	""		lower_is_more_damaging	medium	scores_not_downloaded_at_this_scope					
urn:mavedb:00000094-a-15	KCNQ1	false	candidate	""	Normalized currents of 62 KCNQ1 missense SNVs in the homozygous state.	13. Normalized currents of 62 KCNQ1 missense SNVs in the homozygous state.	Direct protein function	62	""	""	""		unknown	none	scores_not_downloaded_at_this_scope					
urn:mavedb:00000664-a-1	KCNQ2	false	candidate	""	1. Current densities at +40 mV of 301 missense variants expressed in CHO cells alone	1. Current densities at +40 mV of 301 missense variants expressed in CHO cells alone	""	301	""	""	""		unknown	none	scores_not_downloaded_at_this_scope					
urn:mavedb:00000664-a-10	KCNQ2	false	candidate	""	10. Current densities at +40 mV of 30 non-missense variants co-expressed with wild-type KCNQ2 in CHO cells	10. Current densities at +40 mV of 30 non-missense variants co-expressed with wild-type KCNQ2 in CHO cell	""	30	""	""	""		unknown	none	scores_not_downloaded_at_this_scope,genomic_mapping_incomplete					
urn:mavedb:00000664-a-11	KCNQ2	false	candidate	""	11. V1/2 of 26 non-missense variants co-expressed with wild-type KCNQ2 in CHO cells (the other 4 non-missense variants generated too small currents to calculate V1/2)	11. V1/2 of 26 non-missense variants co-expressed with wild-type KCNQ2 in CHO cells (the other 4 non-missense variants generated too small currents to calculate V1/2)	""	26	""	""	""		unknown	none	scores_not_downloaded_at_this_scope,genomic_mapping_incomplete					
urn:mavedb:00000664-a-12	KCNQ2	false	candidate	""	12. Current densities at -40 mV of 30 non-missense variants co-expressed with wild-type KCNQ2 in CHO cells	12. Current densities at -40 mV of 30 non-missense variants co-expressed with wild-type KCNQ2 in CHO cells	""	30	""	""	""		unknown	none	scores_not_downloaded_at_this_scope,genomic_mapping_incomplete					
urn:mavedb:00000664-a-13	KCNQ2	false	candidate	""	13. Current densities at +40 mV of 57 variants used as benign controls in OddsPath expressed in CHO cells alone	13. Current densities at +40 mV of 57 variants used as benign controls in OddsPath expressed in CHO cells alone	""	57	""	""	""		unknown	none	scores_not_downloaded_at_this_scope					
urn:mavedb:00000664-a-14	KCNQ2	false	candidate	""	14. V1/2 of 57 variants used as benign controls in OddsPath expressed in CHO cells alone	14. V1/2 of 57 variants used as benign controls in OddsPath expressed in CHO cells alone	""	57	""	""	""		unknown	none	scores_not_downloaded_at_this_scope					
urn:mavedb:00000664-a-15	KCNQ2	false	candidate	""	15. Current densities at -40 mV of 57 variants used as benign controls in OddsPath expressed in CHO cells alone	15. Current densities at -40 mV of 57 variants used as benign controls in OddsPath expressed in CHO cells alone	""	57	""	""	""		unknown	none	scores_not_downloaded_at_this_scope					
urn:mavedb:00000664-a-16	KCNQ2	false	candidate	""	16. Current densities at +40 mV of 57 variants used as benign controls in OddsPath co-expressed with wild-type KCNQ2 in CHO cells	16. Current densities at +40 mV of 57 variants used as benign controls in OddsPath co-expressed with wild-type KCNQ2 in CHO cells	""	57	""	""	""		unknown	none	scores_not_downloaded_at_this_scope					
urn:mavedb:00000664-a-17	KCNQ2	false	candidate	""	17. V1/2 of 57 variants used as benign controls in OddsPath co-expressed with wild-type KCNQ2 in CHO cells	17. V1/2 of 57 variants used as benign controls in OddsPath co-expressed with wild-type KCNQ2 in CHO cells	""	57	""	""	""		unknown	none	scores_not_downloaded_at_this_scope					
urn:mavedb:00000664-a-18	KCNQ2	false	candidate	""	18. Current densities at -40 mV of 57 variants used as benign controls in OddsPath co-expressed with wild-type KCNQ2 in CHO cells	18. Current densities at -40 mV of 57 variants used as benign controls in OddsPath co-expressed with wild-type KCNQ2 in CHO cells	""	57	""	""	""		unknown	none	scores_not_downloaded_at_this_scope					
urn:mavedb:00000664-a-2	KCNQ2	false	candidate	""	2. V1/2 of 118 missense variants expressed in CHO cells alone	2. V1/2 of 118 missense variants expressed in CHO cells alone (the other 183 missense variants generated too small currents to calculate V1/2)	""	118	""	""	""		unknown	none	scores_not_downloaded_at_this_scope					
urn:mavedb:00000664-a-3	KCNQ2	false	candidate	""	3. Current densities at -40 mV of 301 missense variants expressed in CHO cells alone	3. Current densities at -40 mV of 301 missense variants expressed in CHO cells alone	""	301	""	""	""		unknown	none	scores_not_downloaded_at_this_scope					
urn:mavedb:00000664-a-4	KCNQ2	false	candidate	""	4. Current densities at +40 mV of 301 missense variants co-expressed with wild-type KCNQ2 in CHO cells	4. Current densities at +40 mV of 301 missense variants co-expressed with wild-type KCNQ2 in CHO cells	""	301	""	""	""		unknown	none	scores_not_downloaded_at_this_scope					
urn:mavedb:00000664-a-5	KCNQ2	false	candidate	""	5. V1/2 of 245 missense variants co-expressed with wild-type KCNQ2 in CHO cells	5. V1/2 of 245 missense variants co-expressed with wild-type KCNQ2 in CHO cells (the other 56 missense variants generated too small currents to calculate V1/2)	""	245	""	""	""		unknown	none	scores_not_downloaded_at_this_scope					
urn:mavedb:00000664-a-6	KCNQ2	false	candidate	""	6. Current densities at -40 mV of 301 missense variants co-expressed with wild-type KCNQ2 in CHO cells	6. Current densities at -40 mV of 301 missense variants co-expressed with wild-type KCNQ2 in CHO cells	""	301	""	""	""		unknown	none	scores_not_downloaded_at_this_scope					
urn:mavedb:00000664-a-7	KCNQ2	false	candidate	""	7. Current densities at +40 mV of 30 non-missense variants expressed in CHO cells alone	7. Current densities at +40 mV of 30 non-missense variants expressed in CHO cells alone	""	30	""	""	""		unknown	none	scores_not_downloaded_at_this_scope,genomic_mapping_incomplete					
urn:mavedb:00000664-a-9	KCNQ2	false	candidate	""	9. Current densities at -40 mV of 30 non-missense variants expressed in CHO cells alone	9. Current densities at -40 mV of 30 non-missense variants expressed in CHO cells alone	""	30	""	""	""		unknown	none	scores_not_downloaded_at_this_scope,genomic_mapping_incomplete					
urn:mavedb:00000094-a-10	KCNQ4	false	candidate	""	Normalized currents of co-expressing 76  variants (normal currents and large leftward shifts in V1/2 in the homozygous state) with WT	9. Normalized currents of co-expressing 76  variants (normal currents and large leftward shifts in V1/2 in the homozygous state) with WT.	Direct protein function	76	""	""	""		unknown	none	scores_not_downloaded_at_this_scope					
urn:mavedb:00000094-a-11	KCNQ4	false	candidate	""	V1/2 of co-expressing 76  variants (normal currents and large leftward shifts in V1/2 in the homozygous state) with WT	10. V1/2 of co-expressing 76  variants (normal currents and large leftward shifts in V1/2 in the homozygous state) with WT.	Direct protein function	76	""	""	""		unknown	none	scores_not_downloaded_at_this_scope					
urn:mavedb:00000094-a-12	KCNQ4	false	candidate	""	V1/2 properties of 29 synonymous variants expressed alone	12. V1/2 properties of 29 synonymous variants expressed alone.	Direct protein function	29	""	""	""		unknown	none	scores_not_downloaded_at_this_scope					
urn:mavedb:00000094-a-13	KCNQ4	false	candidate	""	Currents of 29 synonymous variants expressed alone	11. Currents of 29 synonymous variants expressed alone.	Direct protein function	29	""	""	""		unknown	none	scores_not_downloaded_at_this_scope					
urn:mavedb:00000094-a-2	KCNQ4	false	candidate	""	Normalized currents of 4,085 KCNQ4 missense SNVs in the homozygous state.	1. Normalized currents of 4,085 KCNQ4 missense SNVs in the homozygous state.	Direct protein function	4085	""	""	""		unknown	none	scores_not_downloaded_at_this_scope					
urn:mavedb:00000094-a-3	KCNQ4	false	candidate	""	V1/2 of 3,319 KCNQ4 missense SNVs in the homozygous state	2. V1/2 of 3,319 KCNQ4 missense SNVs in the homozygous state.	Direct protein function	3319	""	""	""		unknown	none	scores_not_downloaded_at_this_scope					
urn:mavedb:00000094-a-4	KCNQ4	false	candidate	""	Normalized currents of co-expressing 915  current-reduced variants with WT	3. Normalized currents of co-expressing 915  current-reduced variants with WT.	Direct protein function	915	""	""	""		unknown	none	scores_not_downloaded_at_this_scope					
urn:mavedb:00000094-a-5	KCNQ4	false	candidate	""	V1/2 of co-expressing 915  current-reduced variants with WT	4. V1/2 of co-expressing 915  current-reduced variants with WT.	Direct protein function	915	""	""	""		unknown	none	scores_not_downloaded_at_this_scope					
urn:mavedb:00000094-a-6	KCNQ4	false	candidate	""	Normalized currents of co-expressing 153 variants (normal currents and large rightward shifts in V1/2 in the homozygous state) with WT	5. Normalized currents of co-expressing 153 variants (normal currents and large rightward shifts in V1/2 in the homozygous state) with WT.	Direct protein function	153	""	""	""		unknown	none	scores_not_downloaded_at_this_scope					
urn:mavedb:00000094-a-7	KCNQ4	false	candidate	""	V1/2 of co-expressing 153 variants (normal currents and large rightward shifts in V1/2 in the homozygous state) with WT	6. V1/2 of co-expressing 153 variants (normal currents and large rightward shifts in V1/2 in the homozygous state) with WT.	Direct protein function	153	""	""	""		unknown	none	scores_not_downloaded_at_this_scope					
urn:mavedb:00000094-a-8	KCNQ4	false	candidate	""	Normalized currents of co-expressing 43  current-enhanced variants  with WT	7. Normalized currents of co-expressing 43  current-enhanced variants with WT.	Direct protein function	43	""	""	""		unknown	none	scores_not_downloaded_at_this_scope					
urn:mavedb:00000094-a-9	KCNQ4	false	candidate	""	V1/2 of co-expressing 43  current-enhanced variants with WT	8. V1/2 of co-expressing 43  current-enhanced variants with WT.	Direct protein function	43	""	""	""		unknown	none	scores_not_downloaded_at_this_scope					
urn:mavedb:00000866-a-1	KDM1A	false	candidate	""	KDM1A SWIRM domain domainome 1.0	Stability measurements of the KDM1A SWIRM domain from domainome 1.0.	""	1581	""	""	""		unknown	none	scores_not_downloaded_at_this_scope					
urn:mavedb:00000867-a-1	KDM1B	false	candidate	""	KDM1B Zinc finger, CW-type domain domainome 1.0	Stability measurements of the KDM1B Zinc finger, CW-type domain from domainome 1.0.	""	1041	""	""	""		unknown	none	scores_not_downloaded_at_this_scope					
urn:mavedb:00000868-a-1	KDM2B	false	candidate	""	KDM2B Zinc finger, PHD-finger domain domainome 1.0	Stability measurements of the KDM2B Zinc finger, PHD-finger domain from domainome 1.0.	""	1341	""	""	""		unknown	none	scores_not_downloaded_at_this_scope					
urn:mavedb:00000869-a-1	KDM5C	false	candidate	""	KDM5C Zinc finger, PHD-finger domain domainome 1.0	Stability measurements of the KDM5C Zinc finger, PHD-finger domain from domainome 1.0.	""	1101	""	""	""		unknown	none	scores_not_downloaded_at_this_scope					
urn:mavedb:00000870-a-1	KHSRP	false	candidate	""	KHSRP K Homology domain, type 1 domainome 1.0	Stability measurements of the KHSRP K Homology domain, type 1 from domainome 1.0.	""	1461	""	""	""		unknown	none	scores_not_downloaded_at_this_scope					
urn:mavedb:00000871-a-1	KIF16B	false	candidate	""	KIF16B Phox homology domain domainome 1.0	Stability measurements of the KIF16B Phox homology domain from domainome 1.0.	""	1221	""	""	""		unknown	none	scores_not_downloaded_at_this_scope					
urn:mavedb:00000872-a-1	KLF11	false	candidate	""	KLF11 Zinc finger C2H2-type domain domainome 1.0	Stability measurements of the KLF11 Zinc finger C2H2-type domain from domainome 1.0.	""	481	""	""	""		unknown	none	scores_not_downloaded_at_this_scope					
urn:mavedb:00000873-a-1	KMT2A	false	candidate	""	KMT2A Zinc finger, CXXC-type domain domainome 1.0	Stability measurements of the KMT2A Zinc finger, CXXC-type domain from domainome 1.0.	""	941	""	""	""		unknown	none	scores_not_downloaded_at_this_scope					
urn:mavedb:00000115-a-1	KRAS	false	candidate	""	binding free energy changes of KRAS-DARPin K55 interaction	binding free energy changes of KRAS-DARPin K55 interaction	""	3553	""	""	""		unknown	none	scores_not_downloaded_at_this_scope					
urn:mavedb:00000115-a-10	KRAS	false	candidate	""	binding fitness from KRAS-DARPin K27 bindingPCA of KRAS block3	binding fitness from KRAS-DARPin K27 bindingPCA of KRAS block3	""	4515	""	""	""		unknown	none	scores_not_downloaded_at_this_scope					
urn:mavedb:00000115-a-11	KRAS	false	candidate	""	binding fitness from KRAS-DARPin K27 bindingPCA of KRAS block2	binding fitness from KRAS-DARPin K27 bindingPCA of KRAS block2	""	8666	""	""	""		unknown	none	scores_not_downloaded_at_this_scope					
urn:mavedb:00000115-a-12	KRAS	false	candidate	""	binding fitness from KRAS-DARPin K27 bindingPCA of KRAS block1	binding fitness from KRAS-DARPin K27 bindingPCA of KRAS block1	""	14859	""	""	""		unknown	none	scores_not_downloaded_at_this_scope					
urn:mavedb:00000115-a-13	KRAS	false	candidate	""	binding fitness from KRAS-SOS1 bindingPCA of KRAS block3	binding fitness from KRAS-SOS1 bindingPCA of KRAS block3	""	3361	""	""	""		unknown	none	scores_not_downloaded_at_this_scope					
urn:mavedb:00000115-a-14	KRAS	false	candidate	""	binding fitness from KRAS-SOS1 bindingPCA of KRAS block2	binding fitness from KRAS-SOS1 bindingPCA of KRAS block2	""	5949	""	""	""		unknown	none	scores_not_downloaded_at_this_scope					
urn:mavedb:00000115-a-15	KRAS	false	candidate	""	binding fitness from KRAS-SOS1 bindingPCA of KRAS block1	binding fitness from KRAS-SOS1 bindingPCA of KRAS block1	""	12637	""	""	""		unknown	none	scores_not_downloaded_at_this_scope					
urn:mavedb:00000115-a-16	KRAS	false	candidate	""	binding fitness from KRAS-PIK3CGRDB bindingPCA of KRAS block3	binding fitness from KRAS-PIK3CGRDB bindingPCA of KRAS block3	""	3833	""	""	""		unknown	none	scores_not_downloaded_at_this_scope					
urn:mavedb:00000115-a-17	KRAS	false	candidate	""	binding fitness from KRAS-PIK3CGRDB bindingPCA of KRAS block2	binding fitness from KRAS-PIK3CGRDB bindingPCA of KRAS block2	""	6893	""	""	""		unknown	none	scores_not_downloaded_at_this_scope					
urn:mavedb:00000115-a-18	KRAS	false	candidate	""	binding fitness from KRAS-PIK3CGRDB bindingPCA of KRAS block1	binding fitness from KRAS-PIK3CGRDB bindingPCA of KRAS block1	""	11096	""	""	""		unknown	none	scores_not_downloaded_at_this_scope					
urn:mavedb:00000115-a-19	KRAS	false	candidate	""	binding fitness from KRAS-RALGDSRDB bindingPCA of KRAS block3	binding fitness from KRAS-RALGDSRDB bindingPCA of KRAS block3	""	3351	""	""	""		unknown	none	scores_not_downloaded_at_this_scope					
urn:mavedb:00000115-a-2	KRAS	false	candidate	""	binding free energy changes of KRAS-DARPin K27 interaction	binding free energy changes of KRAS-DARPin K27 interaction	""	3553	""	""	""		unknown	none	scores_not_downloaded_at_this_scope					
urn:mavedb:00000115-a-20	KRAS	false	candidate	""	binding fitness from KRAS-RALGDSRDB bindingPCA of KRAS block2	binding fitness from KRAS-RALGDSRDB bindingPCA of KRAS block2	""	5606	""	""	""		unknown	none	scores_not_downloaded_at_this_scope					
urn:mavedb:00000115-a-21	KRAS	false	candidate	""	binding fitness from KRAS-RALGDSRDB bindingPCA of KRAS block1	binding fitness from KRAS-RALGDSRDB bindingPCA of KRAS block1	""	13676	""	""	""		unknown	none	scores_not_downloaded_at_this_scope					
urn:mavedb:00000115-a-22	KRAS	false	candidate	""	binding fitness from KRAS-RAF1RDB bindingPCA of KRAS block1	binding fitness from KRAS-RAF1RDB bindingPCA of KRAS block1	""	14044	""	""	""		unknown	none	scores_not_downloaded_at_this_scope					
urn:mavedb:00000115-a-23	KRAS	false	candidate	""	abundance fitness from abundancePCA of KRAS block1	abundance fitness from abundancePCA of KRAS block1	""	13845	""	""	""		unknown	none	scores_not_downloaded_at_this_scope					
urn:mavedb:00000115-a-24	KRAS	false	candidate	""	binding fitness from KRAS-RAF1RDB bindingPCA of KRAS block3	binding fitness from KRAS-RAF1RDB bindingPCA of KRAS block3	""	5163	""	""	""		unknown	none	scores_not_downloaded_at_this_scope					
urn:mavedb:00000115-a-25	KRAS	false	candidate	""	binding fitness from KRAS-RAF1RDB bindingPCA of KRAS block2	binding fitness from KRAS-RAF1RDB bindingPCA of KRAS block2	""	7459	""	""	""		unknown	none	scores_not_downloaded_at_this_scope					
urn:mavedb:00000115-a-26	KRAS	false	candidate	""	binding fitness from KRAS-DARPin K55 bindingPCA of KRAS block1	binding fitness from KRAS-DARPin K55 bindingPCA of KRAS block1	""	12607	""	""	""		unknown	none	scores_not_downloaded_at_this_scope					
urn:mavedb:00000115-a-27	KRAS	false	candidate	""	abundance fitness from abundancePCA of KRAS block2	abundance fitness from abundancePCA of KRAS block2	""	8912	""	""	""		unknown	none	scores_not_downloaded_at_this_scope					
urn:mavedb:00000115-a-28	KRAS	false	candidate	""	abundance fitness from abundancePCA of KRAS block3	abundance fitness from abundancePCA of KRAS block3	""	4695	""	""	""		unknown	none	scores_not_downloaded_at_this_scope					
urn:mavedb:00000115-a-3	KRAS	false	candidate	""	binding free energy changes of KRAS-SOS1 interaction	binding free energy changes of KRAS-SOS1 interaction	""	3553	""	""	""		unknown	none	scores_not_downloaded_at_this_scope					
urn:mavedb:00000115-a-4	KRAS	false	candidate	""	binding free energy changes of KRAS-PIK3CGRBD interaction	binding free energy changes of KRAS-PIK3CGRBD interaction	""	3553	""	""	""		unknown	none	scores_not_downloaded_at_this_scope					
urn:mavedb:00000115-a-5	KRAS	false	candidate	""	binding free energy changes of KRAS-RALGDSRBD interaction	binding free energy changes of KRAS-RALGDSRBD interaction	""	3553	""	""	""		unknown	none	scores_not_downloaded_at_this_scope					
urn:mavedb:00000115-a-6	KRAS	false	candidate	""	binding free energy changes of KRAS-RAF1RBD interaction	binding free energy changes of KRAS-RAF1RBD interaction	""	3553	""	""	""		unknown	none	scores_not_downloaded_at_this_scope					
urn:mavedb:00000115-a-7	KRAS	false	candidate	""	folding free energy changes of KRAS in abundancePCA	folding free energy changes of KRAS in abundancePCA	""	3553	""	""	""		unknown	none	scores_not_downloaded_at_this_scope					
urn:mavedb:00000115-a-8	KRAS	false	candidate	""	binding fitness from KRAS-DARPin K55 bindingPCA of KRAS block3	binding fitness from KRAS-DARPin K55 bindingPCA of KRAS block3	""	4970	""	""	""		unknown	none	scores_not_downloaded_at_this_scope					
urn:mavedb:00000115-a-9	KRAS	false	candidate	""	binding fitness from KRAS-DARPin K55 bindingPCA of KRAS block2	binding fitness from KRAS-DARPin K55 bindingPCA of KRAS block2	""	8657	""	""	""		unknown	none	scores_not_downloaded_at_this_scope					
urn:mavedb:00001254-a-1	LARGE1	false	candidate	""	LARGE1 variants effects on alpha-DG glycosylation	LARGE1 variants effects on alpha-DG glycosylation	Reporter	6804	""	""	""		unknown	none	scores_not_downloaded_at_this_scope					
urn:mavedb:00000393-a-1	LASP1	false	candidate	""	LASP1 trypsin digestion	Trypsin digestion of LIM and SH3 domain protein 1.	""	4035	""	""	""		unknown	none	scores_not_downloaded_at_this_scope					
urn:mavedb:00000393-a-2	LASP1	false	candidate	""	LASP1 chymotrypsin digestion	Chymotrypsin digestion of LIM and SH3 domain protein 1.	""	4035	""	""	""		unknown	none	scores_not_downloaded_at_this_scope					
urn:mavedb:00000874-a-1	LATS1	false	candidate	""	LATS1 Ubiquitin-associated domain domainome 1.0	Stability measurements of the LATS1 Ubiquitin-associated domain from domainome 1.0.	""	881	""	""	""		unknown	none	scores_not_downloaded_at_this_scope,genomic_mapping_incomplete					
urn:mavedb:00000151-a-1	LCK	false	candidate	""	LCK trypsin digestion	Trypsin digestion of SH3 domain of Tyrosine-protein kinase Lck.	""	2343	""	""	""		unknown	none	scores_not_downloaded_at_this_scope,genomic_mapping_incomplete					
urn:mavedb:00000151-a-2	LCK	false	candidate	""	LCK chymotrypsin digestion	Chymotrypsin digestion of SH3 domain of Tyrosine-protein kinase Lck.	""	2343	""	""	""		unknown	none	scores_not_downloaded_at_this_scope,genomic_mapping_incomplete					
urn:mavedb:00000875-a-1	LCK	false	candidate	""	LCK SH3 domain domainome 1.0	Stability measurements of the LCK SH3 domain from domainome 1.0.	""	1161	""	""	""		unknown	none	scores_not_downloaded_at_this_scope					
urn:mavedb:00000876-a-1	LCOR	false	candidate	""	LCOR DNA binding HTH domain, Psq-type domainome 1.0	Stability measurements of the LCOR DNA binding HTH domain, Psq-type from domainome 1.0.	""	841	""	""	""		unknown	none	scores_not_downloaded_at_this_scope					
urn:mavedb:00000877-a-1	LCP1	false	candidate	""	LCP1 EF-hand domain domainome 1.0	Stability measurements of the LCP1 EF-hand domain from domainome 1.0.	""	1681	""	""	""		unknown	none	scores_not_downloaded_at_this_scope					
urn:mavedb:00000878-a-1	LDB3	false	candidate	""	LDB3 PDZ domain domainome 1.0	Stability measurements of the LDB3 PDZ domain from domainome 1.0.	""	1661	""	""	""		unknown	none	scores_not_downloaded_at_this_scope					
urn:mavedb:00001269-a-1	LDLR	false	candidate	""	LDLR missense variant effects on LDL uptake.	Sequence-function map of LDLR missense variants measuring LDL uptake.	Flow cytometry assay	17390	""	""	""		unknown	none	scores_not_downloaded_at_this_scope					
urn:mavedb:00001269-b-1	LDLR	false	candidate	""	LDLR missense variant effects on LDLR cell-surface abundance.	Sequence-function map of LDLR missense variants measuring LDLR cell-surface abundance.	Flow cytometry assay	16796	""	""	""		unknown	none	scores_not_downloaded_at_this_scope					
urn:mavedb:00001269-c-1	LDLR	false	candidate	""	LDLR missense variant effects on LDL uptake with VLDL.	Sequence-function map of LDLR missense variants measuring LDL uptake in the presence of VLDL.	Flow cytometry assay	7586	""	""	""		unknown	none	scores_not_downloaded_at_this_scope					
urn:mavedb:00000036-a-1	LDLRAP1	false	candidate	""	LDLRAP1 OBFC1 imputed and refined	A deep mutational scan of LDLRAP1 based on a Y2H assay with the interactor OBFC1.	""	6385	""	""	""		unknown	none	scores_not_downloaded_at_this_scope					
urn:mavedb:00000036-a-2	LDLRAP1	false	candidate	""	LDLRAP1 AP2B1 imputed and refined	A deep mutational scan of LDLRAP1 based on a Y2H assay with the interactor AP2B1.	""	6383	""	""	""		unknown	none	scores_not_downloaded_at_this_scope					
urn:mavedb:00000879-a-1	LIMS2	false	candidate	""	LIMS2 Zinc finger, LIM-type domain domainome 1.0	Stability measurements of the LIMS2 Zinc finger, LIM-type domain from domainome 1.0.	""	1181	""	""	""		unknown	none	scores_not_downloaded_at_this_scope					
urn:mavedb:00001243-a-1	LMNA	false	candidate	""	LMNA Variant Imaging in U2OS Cells	Deep mutational scan of LMNA between amino acids 178 and 273 in U2OS by imaging, using markers for DNA (DAPI), mEGFP-tagged Lamin A, actin (phalloidin), plasma membrane (wheat-germ agglutinin), mitochondria (mitoprobe).	Other	1766	""	""	""		unknown	none	scores_not_downloaded_at_this_scope,genomic_mapping_incomplete					
urn:mavedb:00000880-a-1	LSM14A	false	candidate	""	LSM14A Lsm14-like, N-terminal domain domainome 1.0	Stability measurements of the LSM14A Lsm14-like, N-terminal domain from domainome 1.0.	""	1461	""	""	""		unknown	none	scores_not_downloaded_at_this_scope					
urn:mavedb:00000444-a-1	LYN	false	candidate	""	LYN trypsin digestion	Trypsin digestion of Tyrosine-protein kinase Lyn.	""	2749	""	""	""		unknown	none	scores_not_downloaded_at_this_scope,genomic_mapping_incomplete					
urn:mavedb:00000444-a-2	LYN	false	candidate	""	LYN chymotrypsin digestion	Chymotrypsin digestion of Tyrosine-protein kinase Lyn.	""	2749	""	""	""		unknown	none	scores_not_downloaded_at_this_scope,genomic_mapping_incomplete					
urn:mavedb:00000881-a-1	MAEL	false	candidate	""	MAEL High mobility group box domain domainome 1.0	Stability measurements of the MAEL High mobility group box domain from domainome 1.0.	""	1381	""	""	""		unknown	none	scores_not_downloaded_at_this_scope					
urn:mavedb:00000882-a-1	MAGI1	false	candidate	""	MAGI1 WW domain domainome 1.0	Stability measurements of the MAGI1 WW domain from domainome 1.0.	""	921	""	""	""		unknown	none	scores_not_downloaded_at_this_scope					
urn:mavedb:00000883-a-1	MAGI1	false	candidate	""	MAGI1 WW domain domainome 1.0	Stability measurements of the MAGI1 WW domain from domainome 1.0.	""	1001	""	""	""		unknown	none	scores_not_downloaded_at_this_scope					
urn:mavedb:00000884-a-1	MAGI2	false	candidate	""	MAGI2 PDZ domain domainome 1.0	Stability measurements of the MAGI2 PDZ domain from domainome 1.0.	""	1761	""	""	""		unknown	none	scores_not_downloaded_at_this_scope					
urn:mavedb:00000885-a-1	MAGI2	false	candidate	""	MAGI2 PDZ domain domainome 1.0	Stability measurements of the MAGI2 PDZ domain from domainome 1.0.	""	1681	""	""	""		unknown	none	scores_not_downloaded_at_this_scope					
urn:mavedb:00000886-a-1	MAGI2	false	candidate	""	MAGI2 PDZ domain domainome 1.0	Stability measurements of the MAGI2 PDZ domain from domainome 1.0.	""	1641	""	""	""		unknown	none	scores_not_downloaded_at_this_scope					
urn:mavedb:00000887-a-1	MAGI2	false	candidate	""	MAGI2 WW domain domainome 1.0	Stability measurements of the MAGI2 WW domain from domainome 1.0.	""	901	""	""	""		unknown	none	scores_not_downloaded_at_this_scope					
urn:mavedb:00000888-a-1	MAGI3	false	candidate	""	MAGI3 WW domain domainome 1.0	Stability measurements of the MAGI3 WW domain from domainome 1.0.	""	861	""	""	""		unknown	none	scores_not_downloaded_at_this_scope					
urn:mavedb:00000889-a-1	MAMSTR	false	candidate	""	MAMSTR SAP domain domainome 1.0	Stability measurements of the MAMSTR SAP domain from domainome 1.0.	""	701	""	""	""		unknown	none	scores_not_downloaded_at_this_scope					
urn:mavedb:00001204-a-4	MAP2K1	false	candidate	""	Dabrafenib and Cetuximab HT-29 cells, base editing z-scores (predicted consequence)	We have supplied variant scores in the presence of drugs for non-synonymous variants that have been installed with base editors (CBE or ABE) and genotyped with amplicon sequencing (“verified BE dataset”). Only gRNAs that have installed a single amino acid variant are shown. We also supply a larger d	""	142	""	""	""		unknown	none	scores_not_downloaded_at_this_scope					
urn:mavedb:00001204-a-6	MAP2K1	false	candidate	""	Trametinib HT-29 cells, base editing z-scores (predicted consequence)	We have supplied variant scores in the presence of drugs for non-synonymous variants that have been installed with base editors (CBE or ABE) and genotyped with amplicon sequencing (“verified BE dataset”). Only gRNAs that have installed a single amino acid variant are shown. We also supply a larger d	""	142	""	""	""		unknown	none	scores_not_downloaded_at_this_scope					
urn:mavedb:00000890-a-1	MAP2K5	false	candidate	""	MAP2K5 PB1 domain domainome 1.0	Stability measurements of the MAP2K5 PB1 domain from domainome 1.0.	""	1901	""	""	""		unknown	none	scores_not_downloaded_at_this_scope					
urn:mavedb:00000891-a-1	MAP3K20	false	candidate	""	MAP3K20 Sterile alpha motif domain domainome 1.0	Stability measurements of the MAP3K20 Sterile alpha motif domain from domainome 1.0.	""	1681	""	""	""		unknown	none	scores_not_downloaded_at_this_scope					
urn:mavedb:00000103-a-1	MAPK1	false	candidate	""	MAP1K ETP	Average mutant sequencing reads for all replicates of the reference early time point (ETP)	""	6810	""	""	""		unknown	none	scores_not_downloaded_at_this_scope					
urn:mavedb:00000103-b-1	MAPK1	false	candidate	""	MAPK1 DOX	MAPK1 Induced with DOX	""	6810	""	""	""		unknown	none	scores_not_downloaded_at_this_scope					
urn:mavedb:00000103-c-1	MAPK1	false	candidate	""	MAPK1 SCH772984	MAPK1 Induced with DOX and selected with 2 microM SCH772984	""	6810	""	""	""		unknown	none	scores_not_downloaded_at_this_scope					
urn:mavedb:00000103-d-1	MAPK1	false	candidate	""	MAPK1 VRT-11E	MAP1K Induced with DOX and selected with 3 microM VRT-11E	""	6810	""	""	""		unknown	none	scores_not_downloaded_at_this_scope					
urn:mavedb:00000892-a-1	MCM10	false	candidate	""	MCM10 Zinc finger, Mcm10/DnaG-type domain domainome 1.0	Stability measurements of the MCM10 Zinc finger, Mcm10/DnaG-type domain from domainome 1.0.	""	901	""	""	""		unknown	none	scores_not_downloaded_at_this_scope					
urn:mavedb:00000893-a-1	MDM2	false	candidate	""	MDM2 Zinc finger, RanBP2-type domain domainome 1.0	Stability measurements of the MDM2 Zinc finger, RanBP2-type domain from domainome 1.0.	""	581	""	""	""		unknown	none	scores_not_downloaded_at_this_scope					
urn:mavedb:00000894-a-1	MDM4	false	candidate	""	MDM4 Zinc finger, RanBP2-type domain domainome 1.0	Stability measurements of the MDM4 Zinc finger, RanBP2-type domain from domainome 1.0.	""	621	""	""	""		unknown	none	scores_not_downloaded_at_this_scope					
urn:mavedb:00000895-a-1	MECP2	false	candidate	""	MECP2 Methyl-CpG DNA binding domain domainome 1.0	Stability measurements of the MECP2 Methyl-CpG DNA binding domain from domainome 1.0.	""	1441	""	""	""		unknown	none	scores_not_downloaded_at_this_scope					
urn:mavedb:00000896-a-1	MEX3C	false	candidate	""	MEX3C K Homology domain, type 1 domainome 1.0	Stability measurements of the MEX3C K Homology domain, type 1 from domainome 1.0.	""	1341	""	""	""		unknown	none	scores_not_downloaded_at_this_scope					
urn:mavedb:00000897-a-1	MEX3D	false	candidate	""	MEX3D K Homology domain, type 1 domainome 1.0	Stability measurements of the MEX3D K Homology domain, type 1 from domainome 1.0.	""	1361	""	""	""		unknown	none	scores_not_downloaded_at_this_scope					
urn:mavedb:00000898-a-1	MIB1	false	candidate	""	MIB1 Mind bomb, SH3 repeat domain domainome 1.0	Stability measurements of the MIB1 Mind bomb, SH3 repeat domain from domainome 1.0.	""	1301	""	""	""		unknown	none	scores_not_downloaded_at_this_scope					
urn:mavedb:00000899-a-1	MID1	false	candidate	""	MID1 B-box-type zinc finger domain domainome 1.0	Stability measurements of the MID1 B-box-type zinc finger domain from domainome 1.0.	""	861	""	""	""		unknown	none	scores_not_downloaded_at_this_scope					
urn:mavedb:00000900-a-1	MID2	false	candidate	""	MID2 B-box-type zinc finger domain domainome 1.0	Stability measurements of the MID2 B-box-type zinc finger domain from domainome 1.0.	""	901	""	""	""		unknown	none	scores_not_downloaded_at_this_scope					
urn:mavedb:00000901-a-1	MIS18BP1	false	candidate	""	MIS18BP1 SANT/Myb domain domainome 1.0	Stability measurements of the MIS18BP1 SANT/Myb domain from domainome 1.0.	""	981	""	""	""		unknown	none	scores_not_downloaded_at_this_scope					
urn:mavedb:00000902-a-1	MKRN1	false	candidate	""	MKRN1 Zinc finger, CCCH-type domain domainome 1.0	Stability measurements of the MKRN1 Zinc finger, CCCH-type domain from domainome 1.0.	""	441	""	""	""		unknown	none	scores_not_downloaded_at_this_scope					
urn:mavedb:00000903-a-1	MKRN2	false	candidate	""	MKRN2 Zinc finger, CCCH-type domain domainome 1.0	Stability measurements of the MKRN2 Zinc finger, CCCH-type domain from domainome 1.0.	""	381	""	""	""		unknown	none	scores_not_downloaded_at_this_scope					
urn:mavedb:00001218-a-1	MLH1	false	candidate	""	Cellular abundance of MLH1	Cellular abundance of MLH1 variants using DHFR-PCA in yeast.	Survival assessment assay	5056	""	""	""		unknown	none	scores_not_downloaded_at_this_scope					
urn:mavedb:00001218-a-2	MLH1	false	candidate	""	PMS2 interaction of MLH1	PMS2 interaction of MLH1 variants using Y2H in yeast.	Survival assessment assay	5056	""	""	""		unknown	none	scores_not_downloaded_at_this_scope					
urn:mavedb:00000904-a-1	MPDZ	false	candidate	""	MPDZ PDZ domain domainome 1.0	Stability measurements of the MPDZ PDZ domain from domainome 1.0.	""	1701	""	""	""		unknown	none	scores_not_downloaded_at_this_scope					
urn:mavedb:00000905-a-1	MPDZ	false	candidate	""	MPDZ PDZ domain domainome 1.0	Stability measurements of the MPDZ PDZ domain from domainome 1.0.	""	1841	""	""	""		unknown	none	scores_not_downloaded_at_this_scope					
urn:mavedb:00000906-a-1	MPDZ	false	candidate	""	MPDZ PDZ domain domainome 1.0	Stability measurements of the MPDZ PDZ domain from domainome 1.0.	""	1921	""	""	""		unknown	none	scores_not_downloaded_at_this_scope					
urn:mavedb:00000907-a-1	MPDZ	false	candidate	""	MPDZ PDZ domain domainome 1.0	Stability measurements of the MPDZ PDZ domain from domainome 1.0.	""	1761	""	""	""		unknown	none	scores_not_downloaded_at_this_scope					
urn:mavedb:00000043-a-1	MPL	false	candidate	""	Novel Drivers of MPL-dependent Oncogenic Transformation	The screen was designed to identify all single-amino-acid substitutions in the human TpoR transmembrane (TM) and partial juxtamembrane (JM) regions (488-516) that confer factor-free growth.	""	2415	""	""	""		unknown	none	scores_not_downloaded_at_this_scope,genomic_mapping_incomplete					
urn:mavedb:00000043-a-2	MPL	false	candidate	""	Novel Modifiers of MPL-dependent Oncogenic Transformation	This screen was designed to identify all single-amino-acid substitutions in the human TpoR transmembrane (TM) and partial juxtamembrane (JM) regions (488-516) that enhance the known S505N TpoR transmembrane domain mutation that causes receptor constitutive activity.	""	1966	""	""	""		unknown	none	scores_not_downloaded_at_this_scope,genomic_mapping_incomplete					
urn:mavedb:00001214-a-1	MPL	false	candidate	""	Constitutive active variants of TpoR	Deep Mutational Scanning of the TpoR transmembrane and juxtamembrane domains to explore sequence requirements for its constitutive activation. This dataset contains scores for protein variants.	Survival assessment assay	620	""	""	""		unknown	none	scores_not_downloaded_at_this_scope					
urn:mavedb:00001214-a-2	MPL	false	candidate	""	Constitutively active variants of TpoR	Deep Mutational Scanning of the TpoR transmembrane and juxtamembrane domains to explore sequence requirements for its constitutive activation. This dataset contains scores for synonymous wildtype.	Survival assessment assay	193	""	""	""		unknown	none	scores_not_downloaded_at_this_scope					
urn:mavedb:00001214-c-1	MPL	false	candidate	""	TpoR activation by high dosage of avatrombopag	Deep Mutational Scanning of the TpoR transmembrane and juxtamembrane domains to explore sequence requirements for ligand-induced activation. This dataset contains scores for protein variants.	Survival assessment assay	972	""	""	""		unknown	none	scores_not_downloaded_at_this_scope					
urn:mavedb:00001214-c-2	MPL	false	candidate	""	TpoR activation by high dosage of avatrombopag	Deep Mutational Scanning of the TpoR transmembrane and juxtamembrane domains to explore sequence requirements for ligand-induced activation. This dataset contains scores for synonymous wildtype.	Survival assessment assay	155	""	""	""		unknown	none	scores_not_downloaded_at_this_scope,genomic_mapping_incomplete					
urn:mavedb:00001214-d-1	MPL	false	candidate	""	TpoR activation by high dosage of eltrombopag	Deep Mutational Scanning of the TpoR transmembrane and juxtamembrane domains to explore sequence requirements for ligand-induced activation. This dataset contains scores for synonymous wildtype.	Survival assessment assay	161	""	""	""		unknown	none	scores_not_downloaded_at_this_scope,genomic_mapping_incomplete					
urn:mavedb:00001214-d-2	MPL	false	candidate	""	TpoR activation by high dosage of eltrombopag	Deep Mutational Scanning of the TpoR transmembrane and juxtamembrane domains to explore sequence requirements for ligand-induced activation. This dataset contains scores for protein variants.	Survival assessment assay	976	""	""	""		unknown	none	scores_not_downloaded_at_this_scope					
urn:mavedb:00001214-f-1	MPL	false	candidate	""	TpoR activation by low dosage of eltrombopag	Deep Mutational Scanning of the TpoR transmembrane and juxtamembrane domains to explore sequence requirements for ligand-induced activation. This dataset contains scores for synonymous wildtype.	Survival assessment assay	160	""	""	""		unknown	none	scores_not_downloaded_at_this_scope,genomic_mapping_incomplete					
urn:mavedb:00001214-f-2	MPL	false	candidate	""	TpoR activation by low dosage of eltrombopag	Deep Mutational Scanning of the TpoR transmembrane and juxtamembrane domains to explore sequence requirements for ligand-induced activation. This dataset contains scores for protein variants.	Survival assessment assay	969	""	""	""		unknown	none	scores_not_downloaded_at_this_scope					
urn:mavedb:00001214-g-1	MPL	false	candidate	""	TpoR activation by low dosage of lusutrombopag	Deep Mutational Scanning of the TpoR transmembrane and juxtamembrane domains to explore sequence requirements for ligand-induced activation. This dataset contains scores for protein variants.	Survival assessment assay	959	""	""	""		unknown	none	scores_not_downloaded_at_this_scope					
urn:mavedb:00001214-g-2	MPL	false	candidate	""	TpoR activation by low dosage of lusutrombopag	Deep Mutational Scanning of the TpoR transmembrane and juxtamembrane domains to explore sequence requirements for ligand-induced activation. This dataset contains scores for synonymous wildtype.	Survival assessment assay	156	""	""	""		unknown	none	scores_not_downloaded_at_this_scope,genomic_mapping_incomplete					
urn:mavedb:00001214-h-1	MPL	false	candidate	""	TpoR activation by high dosage of lusutrombopag	Deep Mutational Scanning of the TpoR transmembrane and juxtamembrane domains to explore sequence requirements for ligand-induced activation. This dataset contains scores for protein variants.	Survival assessment assay	970	""	""	""		unknown	none	scores_not_downloaded_at_this_scope					
urn:mavedb:00001214-h-2	MPL	false	candidate	""	TpoR activation by high dosage of lusutrombopag	Deep Mutational Scanning of the TpoR transmembrane and juxtamembrane domains to explore sequence requirements for ligand-induced activation. This dataset contains scores for synonymous wildtype.	Survival assessment assay	157	""	""	""		unknown	none	scores_not_downloaded_at_this_scope,genomic_mapping_incomplete					
urn:mavedb:00001214-i-1	MPL	false	candidate	""	TpoR activation by high dosage of Tpo	Deep Mutational Scanning of the TpoR transmembrane and juxtamembrane domains to explore sequence requirements for ligand-induced activation. This dataset contains scores for protein variants.	Survival assessment assay	978	""	""	""		unknown	none	scores_not_downloaded_at_this_scope					
urn:mavedb:00001214-i-2	MPL	false	candidate	""	TpoR activation by high dosage of Tpo	Deep Mutational Scanning of the TpoR transmembrane and juxtamembrane domains to explore sequence requirements for ligand-induced activation. This dataset contains scores for synonymous wildtype.	Survival assessment assay	165	""	""	""		unknown	none	scores_not_downloaded_at_this_scope,genomic_mapping_incomplete					
urn:mavedb:00001214-j-1	MPL	false	candidate	""	Surface presentation level of hTpoR variants	Profile surface presentation level of hTpoR variants using DMS. This dataset contains scores for protein variants.	Flow cytometry assay	978	""	""	""		unknown	none	scores_not_downloaded_at_this_scope					
urn:mavedb:00001214-j-2	MPL	false	candidate	""	Surface levels of hTpoR variants	Profile surface presentation level of hTpoR variants using DMS. This dataset contains all synonymous wildtype..	Flow cytometry assay	157	""	""	""		unknown	none	scores_not_downloaded_at_this_scope,genomic_mapping_incomplete					
urn:mavedb:00001214-l-1	MPL	false	candidate	""	TpoR activation by low dosage of avatrombopag	Deep Mutational Scanning of the TpoR transmembrane and juxtamembrane domains to explore sequence requirements for ligand-induced activation. This dataset contains scores for synonymous wildtype.	Survival assessment assay	156	""	""	""		unknown	none	scores_not_downloaded_at_this_scope,genomic_mapping_incomplete					
urn:mavedb:00001214-l-2	MPL	false	candidate	""	TpoR activation by low dosage of avatrombopag	Deep Mutational Scanning of the TpoR transmembrane and juxtamembrane domains to explore sequence requirements for ligand-induced activation. This dataset contains scores for protein variants.	Survival assessment assay	970	""	""	""		unknown	none	scores_not_downloaded_at_this_scope					
urn:mavedb:00001214-n-1	MPL	false	candidate	""	TpoR activation by low dosage of Tpo	Deep Mutational Scanning of the TpoR transmembrane and juxtamembrane domains to explore sequence requirements for ligand-induced activation. This dataset contains scores for protein variants.	Survival assessment assay	961	""	""	""		unknown	none	scores_not_downloaded_at_this_scope					
urn:mavedb:00001214-n-2	MPL	false	candidate	""	TpoR activation by low dosage of Tpo	Deep Mutational Scanning of the TpoR transmembrane and juxtamembrane domains to explore sequence requirements for ligand-induced activation. This dataset contains scores for synonymous wildtype.	Survival assessment assay	155	""	""	""		unknown	none	scores_not_downloaded_at_this_scope,genomic_mapping_incomplete					
urn:mavedb:00001214-o-1	MPL	false	candidate	""	TpoR activation by low dosage of romi-peptide	Deep Mutational Scanning of the TpoR transmembrane and juxtamembrane domains to explore sequence requirements for ligand-induced activation. This dataset contains scores for protein variants.	Survival assessment assay	948	""	""	""		unknown	none	scores_not_downloaded_at_this_scope					
urn:mavedb:00001214-o-2	MPL	false	candidate	""	TpoR activation by low dosage of romi-peptide	Deep Mutational Scanning of the TpoR transmembrane and juxtamembrane domains to explore sequence requirements for ligand-induced activation. This dataset contains scores for synonymous wildtype.	Survival assessment assay	151	""	""	""		unknown	none	scores_not_downloaded_at_this_scope,genomic_mapping_incomplete					
urn:mavedb:00001214-p-1	MPL	false	candidate	""	TpoR activation by high dosage of romi-peptide	Deep Mutational Scanning of the TpoR transmembrane and juxtamembrane domains to explore sequence requirements for ligand-induced activation. This dataset contains scores for protein variants.	Survival assessment assay	970	""	""	""		unknown	none	scores_not_downloaded_at_this_scope					
urn:mavedb:00001214-p-2	MPL	false	candidate	""	TpoR activation by high dosage of romi-peptide	Deep Mutational Scanning of the TpoR transmembrane and juxtamembrane domains to explore sequence requirements for ligand-induced activation. This dataset contains scores for synonymous wildtype.	Survival assessment assay	158	""	""	""		unknown	none	scores_not_downloaded_at_this_scope,genomic_mapping_incomplete					
urn:mavedb:00000908-a-1	MPP3	false	candidate	""	MPP3 PDZ domain domainome 1.0	Stability measurements of the MPP3 PDZ domain from domainome 1.0.	""	1781	""	""	""		unknown	none	scores_not_downloaded_at_this_scope					
urn:mavedb:00000909-a-1	MRTFA	false	candidate	""	MRTFA SAP domain domainome 1.0	Stability measurements of the MRTFA SAP domain from domainome 1.0.	""	861	""	""	""		unknown	none	scores_not_downloaded_at_this_scope					
urn:mavedb:00000050-a-1	MSH2	false	candidate	""	MSH2 LOF scores (HAP1)	MSH2 loss-of-function (LOF) scores in human HAP1 cells.	Cell fitness	17746	higher_is_more_damaging	""	""		higher_is_more_damaging	medium	scores_not_downloaded_at_this_scope					
urn:mavedb:00000910-a-1	MSX1	false	candidate	""	MSX1 Homeobox domain domainome 1.0	Stability measurements of the MSX1 Homeobox domain from domainome 1.0.	""	1121	""	""	""		unknown	none	scores_not_downloaded_at_this_scope					
urn:mavedb:00000911-a-1	MSX2	false	candidate	""	MSX2 Homeobox domain domainome 1.0	Stability measurements of the MSX2 Homeobox domain from domainome 1.0.	""	1121	""	""	""		unknown	none	scores_not_downloaded_at_this_scope					
urn:mavedb:00000912-a-1	MTA3	false	candidate	""	MTA3 SANT/Myb domain domainome 1.0	Stability measurements of the MTA3 SANT/Myb domain from domainome 1.0.	""	1061	""	""	""		unknown	none	scores_not_downloaded_at_this_scope					
urn:mavedb:00000049-a-1	MTHFR	false	candidate	""	MTHFR at 100ug/ml folate in WT background	A deep mutational scan of human MTHFR via functional complementation in yeast at 100ug/ml folate in WT background	""	13704	""	""	""		unknown	none	scores_not_downloaded_at_this_scope,genomic_mapping_incomplete					
urn:mavedb:00000049-a-2	MTHFR	false	candidate	""	MTHFR at 25ug/ml folate in A222V background	A deep mutational scan of human MTHFR via functional complementation in yeast at 25ug/ml folate in A222V background	""	13690	""	""	""		unknown	none	scores_not_downloaded_at_this_scope,genomic_mapping_incomplete					
urn:mavedb:00000049-a-3	MTHFR	false	candidate	""	MTHFR at 100ug/ml folate in A222V background	A deep mutational scan of human MTHFR via functional complementation in yeast at 100ug/ml folate in A222V background	""	13690	""	""	""		unknown	none	scores_not_downloaded_at_this_scope,genomic_mapping_incomplete					
urn:mavedb:00000049-a-4	MTHFR	false	candidate	""	MTHFR at 12ug/ml folate in WT background	A deep mutational scan of human MTHFR via functional complementation in yeast at 12ug/ml folate in WT background	""	13704	""	""	""		unknown	none	scores_not_downloaded_at_this_scope,genomic_mapping_incomplete					
urn:mavedb:00000049-a-5	MTHFR	false	candidate	""	MTHFR at 12ug/ml folate in A222V background	A deep mutational scan of human MTHFR via functional complementation in yeast at 12ug/ml folate in A222V background	""	13690	""	""	""		unknown	none	scores_not_downloaded_at_this_scope,genomic_mapping_incomplete					
urn:mavedb:00000049-a-6	MTHFR	false	candidate	""	MTHFR at 25ug/ml folate in WT background	A deep mutational scan of human MTHFR via functional complementation in yeast at 25ug/ml folate in WT background	""	13704	""	""	""		unknown	none	scores_not_downloaded_at_this_scope,genomic_mapping_incomplete					
urn:mavedb:00000049-a-7	MTHFR	false	candidate	""	MTHFR at 200ug/ml folate in WT background	A deep mutational scan of human MTHFR via functional complementation in yeast at 200ug/ml folate in WT background	""	12538	""	""	""		unknown	none	scores_not_downloaded_at_this_scope					
urn:mavedb:00000049-a-8	MTHFR	false	candidate	""	MTHFR at 200ug/ml folate in A222V background	A deep mutational scan of human MTHFR via functional complementation in yeast at 200ug/ml folate in A222V background	""	12141	""	""	""		unknown	none	scores_not_downloaded_at_this_scope					
urn:mavedb:00000913-a-1	MXD1	false	candidate	""	MXD1 Myc-type, basic helix-loop-helix (bHLH) domain domainome 1.0	Stability measurements of the MXD1 Myc-type, basic helix-loop-helix (bHLH) domain from domainome 1.0.	""	1041	""	""	""		unknown	none	scores_not_downloaded_at_this_scope					
urn:mavedb:00000914-a-1	MXI1	false	candidate	""	MXI1 Myc-type, basic helix-loop-helix (bHLH) domain domainome 1.0	Stability measurements of the MXI1 Myc-type, basic helix-loop-helix (bHLH) domain from domainome 1.0.	""	1021	""	""	""		unknown	none	scores_not_downloaded_at_this_scope					
urn:mavedb:00000915-a-1	MYB	false	candidate	""	MYB SANT/Myb domain domainome 1.0	Stability measurements of the MYB SANT/Myb domain from domainome 1.0.	""	941	""	""	""		unknown	none	scores_not_downloaded_at_this_scope					
urn:mavedb:00000916-a-1	MYB	false	candidate	""	MYB SANT/Myb domain domainome 1.0	Stability measurements of the MYB SANT/Myb domain from domainome 1.0.	""	1241	""	""	""		unknown	none	scores_not_downloaded_at_this_scope					
urn:mavedb:00000917-a-1	MYO1E	false	candidate	""	MYO1E SH3 domain domainome 1.0	Stability measurements of the MYO1E SH3 domain from domainome 1.0.	""	1161	""	""	""		unknown	none	scores_not_downloaded_at_this_scope					
urn:mavedb:00000918-a-1	MYOCD	false	candidate	""	MYOCD SAP domain domainome 1.0	Stability measurements of the MYOCD SAP domain from domainome 1.0.	""	881	""	""	""		unknown	none	scores_not_downloaded_at_this_scope					
urn:mavedb:00000919-a-1	MYSM1	false	candidate	""	MYSM1 SANT/Myb domain domainome 1.0	Stability measurements of the MYSM1 SANT/Myb domain from domainome 1.0.	""	861	""	""	""		unknown	none	scores_not_downloaded_at_this_scope					
urn:mavedb:00000922-a-1	NANOS2	false	candidate	""	NANOS2 Zinc finger, nanos-type domain domainome 1.0	Stability measurements of the NANOS2 Zinc finger, nanos-type domain from domainome 1.0.	""	1061	""	""	""		unknown	none	scores_not_downloaded_at_this_scope					
urn:mavedb:00000925-a-1	NCF1	false	candidate	""	NCF1 SH3 domain domainome 1.0	Stability measurements of the NCF1 SH3 domain from domainome 1.0.	""	1321	""	""	""		unknown	none	scores_not_downloaded_at_this_scope					
urn:mavedb:00000926-a-1	NCF2	false	candidate	""	NCF2 PB1 domain domainome 1.0	Stability measurements of the NCF2 PB1 domain from domainome 1.0.	""	1501	""	""	""		unknown	none	scores_not_downloaded_at_this_scope					
urn:mavedb:00000927-a-1	NCF2	false	candidate	""	NCF2 SH3 domain domainome 1.0	Stability measurements of the NCF2 SH3 domain from domainome 1.0.	""	1181	""	""	""		unknown	none	scores_not_downloaded_at_this_scope					
urn:mavedb:00000928-a-1	NCF2	false	candidate	""	NCF2 SH3 domain domainome 1.0	Stability measurements of the NCF2 SH3 domain from domainome 1.0.	""	1201	""	""	""		unknown	none	scores_not_downloaded_at_this_scope					
urn:mavedb:00000929-a-1	NCOR2	false	candidate	""	NCOR2 SANT/Myb domain domainome 1.0	Stability measurements of the NCOR2 SANT/Myb domain from domainome 1.0.	""	1161	""	""	""		unknown	none	scores_not_downloaded_at_this_scope					
urn:mavedb:00000065-a-1	NCS1	false	candidate	""	NCS1 variant effect map score set	NCS1 variant effect map score set.	""	3341	""	""	""		unknown	none	scores_not_downloaded_at_this_scope					
urn:mavedb:00000663-a-1	NDUFAF6	false	candidate	""	NDUFAF6	Deep mutational scan of complex I assembly factor NDUFAF6	Cell fitness	5715	""	""	""		unknown	none	scores_not_downloaded_at_this_scope,genomic_mapping_incomplete					
urn:mavedb:00000930-a-1	NEB	false	candidate	""	NEB SH3 domain domainome 1.0	Stability measurements of the NEB SH3 domain from domainome 1.0.	""	1221	""	""	""		unknown	none	scores_not_downloaded_at_this_scope					
urn:mavedb:00000408-a-1	NEDD4	false	candidate	""	NEDD4 trypsin digestion	Trypsin digestion of E3 ubiquitin-protein ligase NEDD4.	""	1140	""	""	""		unknown	none	scores_not_downloaded_at_this_scope,genomic_mapping_failed					
urn:mavedb:00000408-a-2	NEDD4	false	candidate	""	NEDD4 chymotrypsin digestion	Chymotrypsin digestion of E3 ubiquitin-protein ligase NEDD4.	""	1140	""	""	""		unknown	none	scores_not_downloaded_at_this_scope,genomic_mapping_failed					
urn:mavedb:00000934-a-1	NEDD4	false	candidate	""	NEDD4 WW domain domainome 1.0	Stability measurements of the NEDD4 WW domain from domainome 1.0.	""	921	""	""	""		unknown	none	scores_not_downloaded_at_this_scope					
urn:mavedb:00000931-a-1	NEDD4L	false	candidate	""	NEDD4L WW domain domainome 1.0	Stability measurements of the NEDD4L WW domain from domainome 1.0.	""	1021	""	""	""		unknown	none	scores_not_downloaded_at_this_scope					
urn:mavedb:00000932-a-1	NEDD4L	false	candidate	""	NEDD4L WW domain domainome 1.0	Stability measurements of the NEDD4L WW domain from domainome 1.0.	""	981	""	""	""		unknown	none	scores_not_downloaded_at_this_scope					
urn:mavedb:00000933-a-1	NEDD4L	false	candidate	""	NEDD4L WW domain domainome 1.0	Stability measurements of the NEDD4L WW domain from domainome 1.0.	""	881	""	""	""		unknown	none	scores_not_downloaded_at_this_scope					
urn:mavedb:00000935-a-1	NEIL3	false	candidate	""	NEIL3 Zinc finger, RanBP2-type domain domainome 1.0	Stability measurements of the NEIL3 Zinc finger, RanBP2-type domain from domainome 1.0.	""	601	""	""	""		unknown	none	scores_not_downloaded_at_this_scope					
urn:mavedb:00000298-a-1	NKX3-1	false	candidate	""	NKX3-1 trypsin digestion	Trypsin digestion of Homeobox protein Nkx-3.1.	""	2682	""	""	""		unknown	none	scores_not_downloaded_at_this_scope,genomic_mapping_failed					
urn:mavedb:00000298-a-2	NKX3-1	false	candidate	""	NKX3-1 chymotrypsin digestion	Chymotrypsin digestion of Homeobox protein Nkx-3.1.	""	2682	""	""	""		unknown	none	scores_not_downloaded_at_this_scope,genomic_mapping_failed					
urn:mavedb:00000186-a-1	NPHP1	false	candidate	""	NPHP1 trypsin digestion	Trypsin digestion of Nephrocystin-1.	""	1660	""	""	""		unknown	none	scores_not_downloaded_at_this_scope,genomic_mapping_incomplete					
urn:mavedb:00000186-a-2	NPHP1	false	candidate	""	NPHP1 chymotrypsin digestion	Chymotrypsin digestion of Nephrocystin-1.	""	1660	""	""	""		unknown	none	scores_not_downloaded_at_this_scope,genomic_mapping_incomplete					
urn:mavedb:00000187-a-1	NPHP1	false	candidate	""	NPHP1 (F13S) trypsin digestion	Trypsin digestion of Nephrocystin-1 (F13S).	""	1301	""	""	""		unknown	none	scores_not_downloaded_at_this_scope,genomic_mapping_incomplete					
urn:mavedb:00000187-a-2	NPHP1	false	candidate	""	NPHP1 (F13S) chymotrypsin digestion	Chymotrypsin digestion of Nephrocystin-1 (F13S).	""	1301	""	""	""		unknown	none	scores_not_downloaded_at_this_scope,genomic_mapping_incomplete					
urn:mavedb:00000188-a-1	NPHP1	false	candidate	""	NPHP1 (V29A) trypsin digestion	Trypsin digestion of Nephrocystin-1 (V29A).	""	1301	""	""	""		unknown	none	scores_not_downloaded_at_this_scope,genomic_mapping_incomplete					
urn:mavedb:00000188-a-2	NPHP1	false	candidate	""	NPHP1 (V29A) chymotrypsin digestion	Chymotrypsin digestion of Nephrocystin-1 (V29A).	""	1301	""	""	""		unknown	none	scores_not_downloaded_at_this_scope,genomic_mapping_incomplete					
urn:mavedb:00000936-a-1	NPHP1	false	candidate	""	NPHP1 SH3 domain domainome 1.0	Stability measurements of the NPHP1 SH3 domain from domainome 1.0.	""	1201	""	""	""		unknown	none	scores_not_downloaded_at_this_scope					
urn:mavedb:00000937-a-1	NR1D2	false	candidate	""	NR1D2 Zinc finger, nuclear hormone receptor-type domain domainome 1.0	Stability measurements of the NR1D2 Zinc finger, nuclear hormone receptor-type domain from domainome 1.0.	""	1381	""	""	""		unknown	none	scores_not_downloaded_at_this_scope					
urn:mavedb:00000938-a-1	NR2F1	false	candidate	""	NR2F1 Zinc finger, nuclear hormone receptor-type domain domainome 1.0	Stability measurements of the NR2F1 Zinc finger, nuclear hormone receptor-type domain from domainome 1.0.	""	1541	""	""	""		unknown	none	scores_not_downloaded_at_this_scope					
urn:mavedb:00000939-a-1	NR3C1	false	candidate	""	NR3C1 Zinc finger, nuclear hormone receptor-type domain domainome 1.0	Stability measurements of the NR3C1 Zinc finger, nuclear hormone receptor-type domain from domainome 1.0.	""	1521	""	""	""		unknown	none	scores_not_downloaded_at_this_scope					
urn:mavedb:00000940-a-1	NR3C2	false	candidate	""	NR3C2 Zinc finger, nuclear hormone receptor-type domain domainome 1.0	Stability measurements of the NR3C2 Zinc finger, nuclear hormone receptor-type domain from domainome 1.0.	""	1521	""	""	""		unknown	none	scores_not_downloaded_at_this_scope					
urn:mavedb:00000941-a-1	NR4A2	false	candidate	""	NR4A2 Zinc finger, nuclear hormone receptor-type domain domainome 1.0	Stability measurements of the NR4A2 Zinc finger, nuclear hormone receptor-type domain from domainome 1.0.	""	1541	""	""	""		unknown	none	scores_not_downloaded_at_this_scope					
urn:mavedb:00000055-a-1	NUDT15	false	candidate	""	NUDT15 protein stability scores	NUDT15 protein stability scores measured by VAMP-seq.	""	3100	""	""	""		unknown	none	scores_not_downloaded_at_this_scope,genomic_mapping_incomplete					
urn:mavedb:00000055-b-1	NUDT15	false	candidate	""	NUDT15 activity scores	NUDT15 activity scores measured by a thiopurine-cytotoxicity-based screen.	""	3100	""	""	""		unknown	none	scores_not_downloaded_at_this_scope,genomic_mapping_incomplete					
urn:mavedb:00000208-a-1	OBSCN	false	candidate	""	OBSCN trypsin digestion	Trypsin digestion of Obscurin.	""	3599	""	""	""		unknown	none	scores_not_downloaded_at_this_scope					
urn:mavedb:00000208-a-2	OBSCN	false	candidate	""	OBSCN chymotrypsin digestion	Chymotrypsin digestion of Obscurin.	""	3599	""	""	""		unknown	none	scores_not_downloaded_at_this_scope					
urn:mavedb:00000220-a-1	OSTF1	false	candidate	""	OSTF1 trypsin digestion	Trypsin digestion of Osteoclast-stimulating factor 1 SH3 domain.	""	3043	""	""	""		unknown	none	scores_not_downloaded_at_this_scope,genomic_mapping_incomplete					
urn:mavedb:00000220-a-2	OSTF1	false	candidate	""	OSTF1 chymotrypsin digestion	Chymotrypsin digestion of Osteoclast-stimulating factor 1 SH3 domain.	""	3043	""	""	""		unknown	none	scores_not_downloaded_at_this_scope,genomic_mapping_incomplete					
urn:mavedb:00000112-a-1	OTC	false	candidate	""	SNV-accessible missense variant scores for OTC	Variant growth scores reported relative to an arg3 deletion mutant (0) and wild type yOTC (1).	Cell fitness	1570	lower_is_more_damaging	""	""		lower_is_more_damaging	medium	scores_not_downloaded_at_this_scope,licence_CC_BY-NC-SA_4.0					
urn:mavedb:00000942-a-1	OTX2	false	candidate	""	OTX2 Homeobox domain domainome 1.0	Stability measurements of the OTX2 Homeobox domain from domainome 1.0.	""	1121	""	""	""		unknown	none	scores_not_downloaded_at_this_scope					
urn:mavedb:00000943-a-1	OVOL2	false	candidate	""	OVOL2 Zinc finger C2H2-type domain domainome 1.0	Stability measurements of the OVOL2 Zinc finger C2H2-type domain from domainome 1.0.	""	461	""	""	""		unknown	none	scores_not_downloaded_at_this_scope					
urn:mavedb:00000944-a-1	PACSIN1	false	candidate	""	PACSIN1 SH3 domain domainome 1.0	Stability measurements of the PACSIN1 SH3 domain from domainome 1.0.	""	1161	""	""	""		unknown	none	scores_not_downloaded_at_this_scope					
urn:mavedb:00000945-a-1	PACSIN2	false	candidate	""	PACSIN2 SH3 domain domainome 1.0	Stability measurements of the PACSIN2 SH3 domain from domainome 1.0.	""	1181	""	""	""		unknown	none	scores_not_downloaded_at_this_scope					
urn:mavedb:00000946-a-1	PACSIN3	false	candidate	""	PACSIN3 SH3 domain domainome 1.0	Stability measurements of the PACSIN3 SH3 domain from domainome 1.0.	""	1181	""	""	""		unknown	none	scores_not_downloaded_at_this_scope					
urn:mavedb:00001278-a-1	PALB2	false	candidate	""	Scores from site-saturation functional screen of PALB2 missense variants in mES cells	Site-saturation fuctional screen of PALB2 missense variants in the CC and WD40 domains in mouse embryonic stem cells using PARPi sensitivity as a readout for homologous recombination	Cell fitness	7100	lower_is_more_damaging	""	""		lower_is_more_damaging	medium	scores_not_downloaded_at_this_scope,genomic_mapping_failed					
urn:mavedb:00001278-b-1	PALB2	false	candidate	""	SGE Functional scores of PALB2 variants in exon 10	Saturation genome editing of PALB2 exon 10 in haploid HAP1 cells	Cell fitness	179	""	""	""		unknown	none	scores_not_downloaded_at_this_scope,genomic_mapping_failed					
urn:mavedb:00000948-a-1	PARD3	false	candidate	""	PARD3 PDZ domain domainome 1.0	Stability measurements of the PARD3 PDZ domain from domainome 1.0.	""	1861	""	""	""		unknown	none	scores_not_downloaded_at_this_scope					
urn:mavedb:00000947-a-1	PARD3B	false	candidate	""	PARD3B PDZ domain domainome 1.0	Stability measurements of the PARD3B PDZ domain from domainome 1.0.	""	1781	""	""	""		unknown	none	scores_not_downloaded_at_this_scope					
urn:mavedb:00000104-a-1	PARP1	false	candidate	""	PARP1 dense CRISPR clone5	PARP1 dense CRISPR screen, clone 5	""	46213	""	""	""		unknown	none	scores_not_downloaded_at_this_scope,genomic_mapping_incomplete					
urn:mavedb:00000104-a-2	PARP1	false	candidate	""	PARP1 dense CRISPR screen clone 8	PARP1 dense CRISPR screen, clone 8	""	46834	""	""	""		unknown	none	scores_not_downloaded_at_this_scope,genomic_mapping_incomplete					
urn:mavedb:00000665-a-1	PAX6	false	candidate	""	pax6_le9_geneticin	Deep mutational scanning of PAX6 paired domain in LE9 yeast strain with geneticin selection	Cell fitness	7764	lower_is_more_damaging	""	""		lower_is_more_damaging	medium	scores_not_downloaded_at_this_scope					
urn:mavedb:00000665-b-1	PAX6	false	candidate	""	pax6_blx_geneticin	Deep mutational scanning of PAX6 paired domain in BLX yeast strain with geneticin selection	Cell fitness	7391	lower_is_more_damaging	""	""		lower_is_more_damaging	medium	scores_not_downloaded_at_this_scope					
urn:mavedb:00000665-c-1	PAX6	false	candidate	""	pax6_le9_no_geneticin	Deep mutational scanning of PAX6 paired domain in LE9 yeast strain without geneticin	Cell fitness	7819	higher_is_more_damaging	""	""		higher_is_more_damaging	medium	scores_not_downloaded_at_this_scope					
urn:mavedb:00000665-d-1	PAX6	false	candidate	""	pax6_blx_no_geneticin	Deep mutational scanning of PAX6 paired domain in BLX yeast strain without geneticin	Cell fitness	7370	higher_is_more_damaging	""	""		higher_is_more_damaging	medium	scores_not_downloaded_at_this_scope					
urn:mavedb:00000949-a-1	PAX6	false	candidate	""	PAX6 Homeobox domain domainome 1.0	Stability measurements of the PAX6 Homeobox domain from domainome 1.0.	""	1101	""	""	""		unknown	none	scores_not_downloaded_at_this_scope					
urn:mavedb:00000950-a-1	PAX7	false	candidate	""	PAX7 Homeobox domain domainome 1.0	Stability measurements of the PAX7 Homeobox domain from domainome 1.0.	""	1121	""	""	""		unknown	none	scores_not_downloaded_at_this_scope					
urn:mavedb:00000951-a-1	PBRM1	false	candidate	""	PBRM1 High mobility group box domain domainome 1.0	Stability measurements of the PBRM1 High mobility group box domain from domainome 1.0.	""	1241	""	""	""		unknown	none	scores_not_downloaded_at_this_scope					
urn:mavedb:00000952-a-1	PCBP1	false	candidate	""	PCBP1 K Homology domain, type 1 domainome 1.0	Stability measurements of the PCBP1 K Homology domain, type 1 from domainome 1.0.	""	1461	""	""	""		unknown	none	scores_not_downloaded_at_this_scope					
urn:mavedb:00000953-a-1	PCLO	false	candidate	""	PCLO Zinc finger, piccolo-type domain domainome 1.0	Stability measurements of the PCLO Zinc finger, piccolo-type domain from domainome 1.0.	""	1141	""	""	""		unknown	none	scores_not_downloaded_at_this_scope					
urn:mavedb:00000955-a-1	PDHX	false	candidate	""	PDHX Peripheral subunit-binding domain domainome 1.0	Stability measurements of the PDHX Peripheral subunit-binding domain from domainome 1.0.	""	941	""	""	""		unknown	none	scores_not_downloaded_at_this_scope					
urn:mavedb:00000956-a-1	PDLIM2	false	candidate	""	PDLIM2 Zinc finger, LIM-type domain domainome 1.0	Stability measurements of the PDLIM2 Zinc finger, LIM-type domain from domainome 1.0.	""	1121	""	""	""		unknown	none	scores_not_downloaded_at_this_scope					
urn:mavedb:00000957-a-1	PDZRN3	false	candidate	""	PDZRN3 PDZ domain domainome 1.0	Stability measurements of the PDZRN3 PDZ domain from domainome 1.0.	""	1801	""	""	""		unknown	none	scores_not_downloaded_at_this_scope					
urn:mavedb:00000958-a-1	PDZRN3	false	candidate	""	PDZRN3 PDZ domain domainome 1.0	Stability measurements of the PDZRN3 PDZ domain from domainome 1.0.	""	1901	""	""	""		unknown	none	scores_not_downloaded_at_this_scope					
urn:mavedb:00000632-a-1	PHF20	false	candidate	""	PHF20 trypsin digestion	Trypsin digestion of PHD finger protein 20.	""	1127	""	""	""		unknown	none	scores_not_downloaded_at_this_scope,genomic_mapping_incomplete					
urn:mavedb:00000632-a-2	PHF20	false	candidate	""	PHF20 chymotrypsin digestion	Chymotrypsin digestion of PHD finger protein 20.	""	1127	""	""	""		unknown	none	scores_not_downloaded_at_this_scope,genomic_mapping_incomplete					
urn:mavedb:00000959-a-1	PHOX2A	false	candidate	""	PHOX2A Homeobox domain domainome 1.0	Stability measurements of the PHOX2A Homeobox domain from domainome 1.0.	""	1121	""	""	""		unknown	none	scores_not_downloaded_at_this_scope					
urn:mavedb:00000153-a-1	PIN1	false	candidate	""	PIN1 WW domain trypsin digestion	Trypsin digestion of Peptidyl-prolyl cis-trans isomerase NIMA-interacting 1 WW domain.	""	1028	""	""	""		unknown	none	scores_not_downloaded_at_this_scope,genomic_mapping_incomplete					
urn:mavedb:00000153-a-2	PIN1	false	candidate	""	PIN1 WW domain chymotrypsin digestion	Chymotrypsin digestion of Peptidyl-prolyl cis-trans isomerase NIMA-interacting 1 WW domain.	""	1028	""	""	""		unknown	none	scores_not_downloaded_at_this_scope,genomic_mapping_incomplete					
urn:mavedb:00000269-a-1	PIN1	false	candidate	""	PIN1 trypsin digestion	Trypsin digestion of Peptidyl-prolyl cis-trans isomerase NIMA-interacting 1.	""	903	""	""	""		unknown	none	scores_not_downloaded_at_this_scope,genomic_mapping_failed					
urn:mavedb:00000269-a-2	PIN1	false	candidate	""	PIN1 chymotrypsin digestion	Chymotrypsin digestion of Peptidyl-prolyl cis-trans isomerase NIMA-interacting 1.	""	903	""	""	""		unknown	none	scores_not_downloaded_at_this_scope,genomic_mapping_failed					
urn:mavedb:00000333-a-1	PIN1	false	candidate	""	PIN1 trypsin digestion	Trypsin digestion of Peptidyl-prolyl cis-trans isomerase NIMA-interacting 1.	""	1357	""	""	""		unknown	none	scores_not_downloaded_at_this_scope,genomic_mapping_failed					
urn:mavedb:00000333-a-2	PIN1	false	candidate	""	PIN1 chymotrypsin digestion	Chymotrypsin digestion of Peptidyl-prolyl cis-trans isomerase NIMA-interacting 1.	""	1357	""	""	""		unknown	none	scores_not_downloaded_at_this_scope,genomic_mapping_failed					
urn:mavedb:00000334-a-1	PIN1	false	candidate	""	PIN1 (S16E mutant) trypsin digestion	Trypsin digestion of Peptidyl-prolyl cis-trans isomerase NIMA-interacting 1 (S16E mutant).	""	920	""	""	""		unknown	none	scores_not_downloaded_at_this_scope,genomic_mapping_failed					
urn:mavedb:00000334-a-2	PIN1	false	candidate	""	PIN1 (S16E mutant) chymotrypsin digestion	Chymotrypsin digestion of Peptidyl-prolyl cis-trans isomerase NIMA-interacting 1 (S16E mutant).	""	920	""	""	""		unknown	none	scores_not_downloaded_at_this_scope,genomic_mapping_failed					
urn:mavedb:00000336-a-1	PIN1	false	candidate	""	PIN1 trypsin digestion	Trypsin digestion of Peptidyl-prolyl cis-trans isomerase NIMA-interacting 1.	""	797	""	""	""		unknown	none	scores_not_downloaded_at_this_scope,genomic_mapping_incomplete					
urn:mavedb:00000336-a-2	PIN1	false	candidate	""	PIN1 chymotrypsin digestion	Chymotrypsin digestion of Peptidyl-prolyl cis-trans isomerase NIMA-interacting 1.	""	797	""	""	""		unknown	none	scores_not_downloaded_at_this_scope,genomic_mapping_incomplete					
urn:mavedb:00000337-a-1	PIN1	false	candidate	""	PIN1 trypsin digestion	Trypsin digestion of Peptidyl-prolyl cis-trans isomerase NIMA-interacting 1.	""	717	""	""	""		unknown	none	scores_not_downloaded_at_this_scope,genomic_mapping_incomplete					
urn:mavedb:00000337-a-2	PIN1	false	candidate	""	PIN1 chymotrypsin digestion	Chymotrypsin digestion of Peptidyl-prolyl cis-trans isomerase NIMA-interacting 1.	""	717	""	""	""		unknown	none	scores_not_downloaded_at_this_scope,genomic_mapping_incomplete					
urn:mavedb:00000960-a-1	PIN1	false	candidate	""	PIN1 WW domain domainome 1.0	Stability measurements of the PIN1 WW domain from domainome 1.0.	""	801	""	""	""		unknown	none	scores_not_downloaded_at_this_scope					
urn:mavedb:00000295-a-1	PITX2	false	candidate	""	PITX2 homeodomain trypsin digestion	Trypsin digestion of Pituitary homeobox 2 homeodomain.	""	1466	""	""	""		unknown	none	scores_not_downloaded_at_this_scope,genomic_mapping_incomplete					
urn:mavedb:00000295-a-2	PITX2	false	candidate	""	PITX2 homeodomain chymotrypsin digestion	Chymotrypsin digestion of Pituitary homeobox 2 homeodomain.	""	1466	""	""	""		unknown	none	scores_not_downloaded_at_this_scope,genomic_mapping_incomplete					
urn:mavedb:00000296-a-1	PITX2	false	candidate	""	PITX2 homeodomain (R24H mutant) trypsin digestion	Trypsin digestion of Pituitary homeobox 2 homeodomain (R24H mutant).	""	2224	""	""	""		unknown	none	scores_not_downloaded_at_this_scope,genomic_mapping_incomplete					
urn:mavedb:00000296-a-2	PITX2	false	candidate	""	PITX2 homeodomain (R24H mutant) chymotrypsin digestion	Chymotrypsin digestion of Pituitary homeobox 2 homeodomain (R24H mutant).	""	2224	""	""	""		unknown	none	scores_not_downloaded_at_this_scope,genomic_mapping_incomplete					
urn:mavedb:00000206-a-1	PKN1	false	candidate	""	PKN1 trypsin digestion	Trypsin digestion of Serine/threonine-protein kinase N1.	""	1559	""	""	""		unknown	none	scores_not_downloaded_at_this_scope,genomic_mapping_failed					
urn:mavedb:00000206-a-2	PKN1	false	candidate	""	PKN1 chymotrypsin digestion	Chymotrypsin digestion of Serine/threonine-protein kinase N1.	""	1559	""	""	""		unknown	none	scores_not_downloaded_at_this_scope,genomic_mapping_failed					
urn:mavedb:00000961-a-1	PKN1	false	candidate	""	PKN1 HR1 rho-binding domain domainome 1.0	Stability measurements of the PKN1 HR1 rho-binding domain from domainome 1.0.	""	1221	""	""	""		unknown	none	scores_not_downloaded_at_this_scope					
urn:mavedb:00000962-a-1	PLCG2	false	candidate	""	PLCG2 SH3 domain domainome 1.0	Stability measurements of the PLCG2 SH3 domain from domainome 1.0.	""	1121	""	""	""		unknown	none	scores_not_downloaded_at_this_scope					
urn:mavedb:00000963-a-1	PMS1	false	candidate	""	PMS1 High mobility group box domain domainome 1.0	Stability measurements of the PMS1 High mobility group box domain from domainome 1.0.	""	1321	""	""	""		unknown	none	scores_not_downloaded_at_this_scope					
urn:mavedb:00000966-a-1	POU1F1	false	candidate	""	POU1F1 POU-specific domain domainome 1.0	Stability measurements of the POU1F1 POU-specific domain from domainome 1.0.	""	1381	""	""	""		unknown	none	scores_not_downloaded_at_this_scope					
urn:mavedb:00000967-a-1	POU2F1	false	candidate	""	POU2F1 POU-specific domain domainome 1.0	Stability measurements of the POU2F1 POU-specific domain from domainome 1.0.	""	1401	""	""	""		unknown	none	scores_not_downloaded_at_this_scope					
urn:mavedb:00000968-a-1	POU2F2	false	candidate	""	POU2F2 POU-specific domain domainome 1.0	Stability measurements of the POU2F2 POU-specific domain from domainome 1.0.	""	1401	""	""	""		unknown	none	scores_not_downloaded_at_this_scope					
urn:mavedb:00000969-a-1	POU2F3	false	candidate	""	POU2F3 POU-specific domain domainome 1.0	Stability measurements of the POU2F3 POU-specific domain from domainome 1.0.	""	1501	""	""	""		unknown	none	scores_not_downloaded_at_this_scope					
urn:mavedb:00000970-a-1	POU3F1	false	candidate	""	POU3F1 POU-specific domain domainome 1.0	Stability measurements of the POU3F1 POU-specific domain from domainome 1.0.	""	1561	""	""	""		unknown	none	scores_not_downloaded_at_this_scope					
urn:mavedb:00000971-a-1	POU3F2	false	candidate	""	POU3F2 Homeobox domain domainome 1.0	Stability measurements of the POU3F2 Homeobox domain from domainome 1.0.	""	1121	""	""	""		unknown	none	scores_not_downloaded_at_this_scope					
urn:mavedb:00000972-a-1	POU3F2	false	candidate	""	POU3F2 POU-specific domain domainome 1.0	Stability measurements of the POU3F2 POU-specific domain from domainome 1.0.	""	1541	""	""	""		unknown	none	scores_not_downloaded_at_this_scope					
urn:mavedb:00000973-a-1	POU3F3	false	candidate	""	POU3F3 Homeobox domain domainome 1.0	Stability measurements of the POU3F3 Homeobox domain from domainome 1.0.	""	1121	""	""	""		unknown	none	scores_not_downloaded_at_this_scope					
urn:mavedb:00000974-a-1	POU3F3	false	candidate	""	POU3F3 POU-specific domain domainome 1.0	Stability measurements of the POU3F3 POU-specific domain from domainome 1.0.	""	1381	""	""	""		unknown	none	scores_not_downloaded_at_this_scope					
urn:mavedb:00000975-a-1	POU3F4	false	candidate	""	POU3F4 Homeobox domain domainome 1.0	Stability measurements of the POU3F4 Homeobox domain from domainome 1.0.	""	1121	""	""	""		unknown	none	scores_not_downloaded_at_this_scope					
urn:mavedb:00000976-a-1	POU4F1	false	candidate	""	POU4F1 POU-specific domain domainome 1.0	Stability measurements of the POU4F1 POU-specific domain from domainome 1.0.	""	1641	""	""	""		unknown	none	scores_not_downloaded_at_this_scope					
urn:mavedb:00000977-a-1	POU4F2	false	candidate	""	POU4F2 POU-specific domain domainome 1.0	Stability measurements of the POU4F2 POU-specific domain from domainome 1.0.	""	1441	""	""	""		unknown	none	scores_not_downloaded_at_this_scope					
urn:mavedb:00000978-a-1	POU4F3	false	candidate	""	POU4F3 POU-specific domain domainome 1.0	Stability measurements of the POU4F3 POU-specific domain from domainome 1.0.	""	1441	""	""	""		unknown	none	scores_not_downloaded_at_this_scope					
urn:mavedb:00000979-a-1	POU5F1	false	candidate	""	POU5F1 POU-specific domain domainome 1.0	Stability measurements of the POU5F1 POU-specific domain from domainome 1.0.	""	1581	""	""	""		unknown	none	scores_not_downloaded_at_this_scope,genomic_mapping_incomplete					
urn:mavedb:00000980-a-1	POU6F1	false	candidate	""	POU6F1 POU-specific domain domainome 1.0	Stability measurements of the POU6F1 POU-specific domain from domainome 1.0.	""	1801	""	""	""		unknown	none	scores_not_downloaded_at_this_scope					
urn:mavedb:00000981-a-1	POU6F2	false	candidate	""	POU6F2 Homeobox domain domainome 1.0	Stability measurements of the POU6F2 Homeobox domain from domainome 1.0.	""	1101	""	""	""		unknown	none	scores_not_downloaded_at_this_scope					
urn:mavedb:00000982-a-1	PPARD	false	candidate	""	PPARD Zinc finger, nuclear hormone receptor-type domain domainome 1.0	Stability measurements of the PPARD Zinc finger, nuclear hormone receptor-type domain from domainome 1.0.	""	1501	""	""	""		unknown	none	scores_not_downloaded_at_this_scope					
urn:mavedb:00000983-a-1	PPP1R9A	false	candidate	""	PPP1R9A Sterile alpha motif domain domainome 1.0	Stability measurements of the PPP1R9A Sterile alpha motif domain from domainome 1.0.	""	1261	""	""	""		unknown	none	scores_not_downloaded_at_this_scope					
urn:mavedb:00000984-a-1	PRDM15	false	candidate	""	PRDM15 Zinc finger C2H2-type domain domainome 1.0	Stability measurements of the PRDM15 Zinc finger C2H2-type domain from domainome 1.0.	""	441	""	""	""		unknown	none	scores_not_downloaded_at_this_scope					
urn:mavedb:00000985-a-1	PRDM16	false	candidate	""	PRDM16 Zinc finger C2H2-type domain domainome 1.0	Stability measurements of the PRDM16 Zinc finger C2H2-type domain from domainome 1.0.	""	441	""	""	""		unknown	none	scores_not_downloaded_at_this_scope					
urn:mavedb:00000986-a-1	PRDM5	false	candidate	""	PRDM5 Zinc finger C2H2-type domain domainome 1.0	Stability measurements of the PRDM5 Zinc finger C2H2-type domain from domainome 1.0.	""	461	""	""	""		unknown	none	scores_not_downloaded_at_this_scope					
urn:mavedb:00000987-a-1	PRDM8	false	candidate	""	PRDM8 Zinc finger C2H2-type domain domainome 1.0	Stability measurements of the PRDM8 Zinc finger C2H2-type domain from domainome 1.0.	""	421	""	""	""		unknown	none	scores_not_downloaded_at_this_scope					
urn:mavedb:00000988-a-1	PRKCD	false	candidate	""	PRKCD Protein kinase C-like, phorbol ester/diacylglycerol-binding domain domainome 1.0	Stability measurements of the PRKCD Protein kinase C-like, phorbol ester/diacylglycerol-binding domain from domainome 1.0.	""	1101	""	""	""		unknown	none	scores_not_downloaded_at_this_scope					
urn:mavedb:00000114-a-1	PRKN	false	candidate	""	Parkin (PRKN) cellular abundance	Protein abundance scores of Parkin variants in human cells measured by VAMP-seq experiment	""	9220	""	""	""		unknown	none	scores_not_downloaded_at_this_scope					
urn:mavedb:00001281-a-1	PRKN	false	candidate	""	PRKN abundance MAVE	Measuring the impact of the variants on PRKN abundance following mitochondrial depolarisation in HeLa cells	""	9205	""	""	""		unknown	none	scores_not_downloaded_at_this_scope					
urn:mavedb:00001281-a-2	PRKN	false	candidate	""	PRKN pSer65-Ub MAVE	Measuring the impact of the variants on phosphorylated ubiquitin (pSer65-Ub) accumulation following mitochondrial depolarisation in HeLa cells.	""	9176	""	""	""		unknown	none	scores_not_downloaded_at_this_scope					
urn:mavedb:00000989-a-1	PROP1	false	candidate	""	PROP1 Homeobox domain domainome 1.0	Stability measurements of the PROP1 Homeobox domain from domainome 1.0.	""	1121	""	""	""		unknown	none	scores_not_downloaded_at_this_scope					
urn:mavedb:00000990-a-1	PRPF3	false	candidate	""	PRPF3 PWI domain domainome 1.0	Stability measurements of the PRPF3 PWI domain from domainome 1.0.	""	1361	""	""	""		unknown	none	scores_not_downloaded_at_this_scope,genomic_mapping_incomplete					
urn:mavedb:00000207-a-1	PRPF40A	false	candidate	""	PRPF40A trypsin digestion	Trypsin digestion of Pre-mRNA-processing factor 40 homolog A.	""	2367	""	""	""		unknown	none	scores_not_downloaded_at_this_scope,genomic_mapping_incomplete					
urn:mavedb:00000207-a-2	PRPF40A	false	candidate	""	PRPF40A chymotrypsin digestion	Chymotrypsin digestion of Pre-mRNA-processing factor 40 homolog A.	""	2367	""	""	""		unknown	none	scores_not_downloaded_at_this_scope,genomic_mapping_incomplete					
urn:mavedb:00000991-a-1	PRPF40A	false	candidate	""	PRPF40A FF domain domainome 1.0	Stability measurements of the PRPF40A FF domain from domainome 1.0.	""	1081	""	""	""		unknown	none	scores_not_downloaded_at_this_scope					
urn:mavedb:00000992-a-1	PRPF40A	false	candidate	""	PRPF40A FF domain domainome 1.0	Stability measurements of the PRPF40A FF domain from domainome 1.0.	""	1001	""	""	""		unknown	none	scores_not_downloaded_at_this_scope					
urn:mavedb:00000993-a-1	PRPF40A	false	candidate	""	PRPF40A FF domain domainome 1.0	Stability measurements of the PRPF40A FF domain from domainome 1.0.	""	1201	""	""	""		unknown	none	scores_not_downloaded_at_this_scope					
urn:mavedb:00000994-a-1	PRPF40A	false	candidate	""	PRPF40A FF domain domainome 1.0	Stability measurements of the PRPF40A FF domain from domainome 1.0.	""	1101	""	""	""		unknown	none	scores_not_downloaded_at_this_scope					
urn:mavedb:00000995-a-1	PRPF40A	false	candidate	""	PRPF40A WW domain domainome 1.0	Stability measurements of the PRPF40A WW domain from domainome 1.0.	""	1021	""	""	""		unknown	none	scores_not_downloaded_at_this_scope					
urn:mavedb:00000996-a-1	PRPF40B	false	candidate	""	PRPF40B FF domain domainome 1.0	Stability measurements of the PRPF40B FF domain from domainome 1.0.	""	1181	""	""	""		unknown	none	scores_not_downloaded_at_this_scope					
urn:mavedb:00000997-a-1	PRRX1	false	candidate	""	PRRX1 Homeobox domain domainome 1.0	Stability measurements of the PRRX1 Homeobox domain from domainome 1.0.	""	1121	""	""	""		unknown	none	scores_not_downloaded_at_this_scope					
urn:mavedb:00000107-a-1	PSAT1	false	candidate	""	PSAT1 200 Solid Growth Assay	Functional impact of 200 protein coding variants in Human Phosphoserine Aminotransferase 1 (PSAT1) using a yeast-based complementation assay. This targeted set represents all of the protein coding variants present in ClinVar, gnomAD (r2.0.2), and the disease literature (up to 2020) for PSAT1.	""	200	""	""	""		unknown	none	scores_not_downloaded_at_this_scope,licence_CC_BY-NC-SA_4.0					
urn:mavedb:00000107-b-1	PSAT1	false	candidate	""	A SNV-accessible mutational scan of human PSAT1 using functional complementation in yeast.	A SNV-accessible mutational scan of human PSAT1 using functional complementation in yeast via a solid growth assay.	""	1914	""	""	""		unknown	none	scores_not_downloaded_at_this_scope,licence_CC_BY-NC-SA_4.0					
urn:mavedb:00000998-a-1	PSTPIP1	false	candidate	""	PSTPIP1 SH3 domain domainome 1.0	Stability measurements of the PSTPIP1 SH3 domain from domainome 1.0.	""	1121	""	""	""		unknown	none	scores_not_downloaded_at_this_scope					
urn:mavedb:00000013-a-1	PTEN	false	candidate	""	PTEN VAMP-seq	Amino acid scores for variant abundance by massively parallel sequencing (VAMP-seq) applied to PTEN.	Reporter	4409	""	""	""		unknown	none	scores_not_downloaded_at_this_scope,genomic_mapping_incomplete					
urn:mavedb:00000054-a-1	PTEN	false	candidate	""	PTEN lipid phosphatase scores	PTEN activity measured using a lipid phosphatase assay in a humanized yeast model.	Cell fitness	8681	lower_is_more_damaging	""	""		lower_is_more_damaging	medium	scores_not_downloaded_at_this_scope,genomic_mapping_incomplete					
urn:mavedb:00000101-a-1	PTEN	false	candidate	""	PTEN VAMP-seq Fill-in	Amino acid scores for variant abundance by massively parallel sequencing (VAMP-seq) applied to PTEN (fill-in dataset).	""	4514	""	""	""		unknown	none	scores_not_downloaded_at_this_scope					
urn:mavedb:00001244-a-1	PTEN	false	candidate	""	PTEN Variant Imaging in Neurons	Deep mutational scan of PTEN between amino acids 112 and 172 in hiPSC by imaging, using markers for DNA (DAPI), mEGFP-tagged PTEN, actin (phalloidin), phospho-AKT, and ER (Concanavalin A)	Other	1228	""	""	""		unknown	none	scores_not_downloaded_at_this_scope,genomic_mapping_incomplete					
urn:mavedb:00001244-b-1	PTEN	false	candidate	""	PTEN VIS-seq in hiPSCs	Deep mutational scan of PTEN between amino acids 112 and 172 in hiPSC by imaging, using markers for DNA (DAPI), mEGFP-tagged PTEN, actin (phalloidin), phospho-AKT, and ER (Concanavalin A)	Other	1228	""	""	""		unknown	none	scores_not_downloaded_at_this_scope,genomic_mapping_incomplete					
urn:mavedb:00000272-a-1	PTK6	false	candidate	""	PTK6 SH3 domain trypsin digestion	Trypsin digestion of Protein-tyrosine kinase 6 SH3 domain.	""	5358	""	""	""		unknown	none	scores_not_downloaded_at_this_scope					
urn:mavedb:00000272-a-2	PTK6	false	candidate	""	PTK6 SH3 domain chymotrypsin digestion	Chymotrypsin digestion of Protein-tyrosine kinase 6 SH3 domain.	""	5358	""	""	""		unknown	none	scores_not_downloaded_at_this_scope					
urn:mavedb:00000999-a-1	PYCARD	false	candidate	""	PYCARD CARD domain domainome 1.0	Stability measurements of the PYCARD CARD domain from domainome 1.0.	""	1621	""	""	""		unknown	none	scores_not_downloaded_at_this_scope					
urn:mavedb:00000154-a-1	RAD23A	false	candidate	""	RAD23A UBA domain trypsin digestion	Trypsin digestion of UV excision repair protein RAD23 homolog A UBA domain.	""	1214	""	""	""		unknown	none	scores_not_downloaded_at_this_scope,genomic_mapping_incomplete					
urn:mavedb:00000154-a-2	RAD23A	false	candidate	""	RAD23A UBA domain chymotrypsin digestion	Chymotrypsin digestion of UV excision repair protein RAD23 homolog A UBA domain.	""	1214	""	""	""		unknown	none	scores_not_downloaded_at_this_scope,genomic_mapping_incomplete					
urn:mavedb:00001000-a-1	RAD23B	false	candidate	""	RAD23B Ubiquitin-associated domain domainome 1.0	Stability measurements of the RAD23B Ubiquitin-associated domain from domainome 1.0.	""	901	""	""	""		unknown	none	scores_not_downloaded_at_this_scope					
urn:mavedb:00001001-a-1	RAD23B	false	candidate	""	RAD23B Ubiquitin-associated domain domainome 1.0	Stability measurements of the RAD23B Ubiquitin-associated domain from domainome 1.0.	""	901	""	""	""		unknown	none	scores_not_downloaded_at_this_scope					
urn:mavedb:00000061-a-1	RAF1	false	candidate	""	RAF variant selected after 2h	Measuring the interaction of mutated RAF to RAS by a new phage-assisted continuous selection (PACS) system.	""	298	""	""	""		unknown	none	scores_not_downloaded_at_this_scope					
urn:mavedb:00000061-b-1	RAF1	false	candidate	""	RAF variant selected after 4h	Measuring the interaction of mutated RAF to RAS by a new phage-assisted continuous selection (PACS) system	""	298	""	""	""		unknown	none	scores_not_downloaded_at_this_scope					
urn:mavedb:00000061-c-1	RAF1	false	candidate	""	RAF variant selected after 6h	Measuring the interaction of mutated RAF to RAS by a new phage-assisted continuous selection (PACS) system.	""	298	""	""	""		unknown	none	scores_not_downloaded_at_this_scope					
urn:mavedb:00000061-d-1	RAF1	false	candidate	""	RAF variant selected after 8h	Measuring the interaction of mutated RAF to RAS by a new phage-assisted continuous selection (PACS) system.	""	298	""	""	""		unknown	none	scores_not_downloaded_at_this_scope					
urn:mavedb:00000061-e-1	RAF1	false	candidate	""	RAF variant selected after 10h	Measuring the interaction of mutated RAF to RAS by a new phage-assisted continuous selection (PACS) system.	""	298	""	""	""		unknown	none	scores_not_downloaded_at_this_scope					
urn:mavedb:00000061-f-1	RAF1	false	candidate	""	RAF variant selected after 12h	Measuring the interaction of mutated RAF to RAS by a new phage-assisted continuous selection (PACS) system.	""	298	""	""	""		unknown	none	scores_not_downloaded_at_this_scope					
urn:mavedb:00000061-g-1	RAF1	false	candidate	""	RAF variant selected after 24h	Measuring the interaction of mutated RAF to RAS by a new phage-assisted continuous selection (PACS) system.	""	298	""	""	""		unknown	none	scores_not_downloaded_at_this_scope					
urn:mavedb:00000061-h-1	RAF1	false	candidate	""	RAF variant selected after 48h	Measuring the interaction of mutated RAF to RAS by a new phage-assisted continuous selection (PACS) system.	""	298	""	""	""		unknown	none	scores_not_downloaded_at_this_scope					
urn:mavedb:00000061-i-1	RAF1	false	candidate	""	RAF variant selected after 72h	Measuring the interaction of mutated RAF to RAS by a new phage-assisted continuous selection (PACS) system.	""	298	""	""	""		unknown	none	scores_not_downloaded_at_this_scope					
urn:mavedb:00001002-a-1	RAF1	false	candidate	""	RAF1 Raf-like Ras-binding domain domainome 1.0	Stability measurements of the RAF1 Raf-like Ras-binding domain from domainome 1.0.	""	1421	""	""	""		unknown	none	scores_not_downloaded_at_this_scope					
urn:mavedb:00001003-a-1	RAG2	false	candidate	""	RAG2 Recombination activating protein 2, PHD domain domainome 1.0	Stability measurements of the RAG2 Recombination activating protein 2, PHD domain from domainome 1.0.	""	1541	""	""	""		unknown	none	scores_not_downloaded_at_this_scope					
urn:mavedb:00000283-a-1	RALBP1	false	candidate	""	RALBP1 trypsin digestion	Trypsin digestion of RalA-binding protein 1.	""	1505	""	""	""		unknown	none	scores_not_downloaded_at_this_scope,genomic_mapping_incomplete					
urn:mavedb:00000283-a-2	RALBP1	false	candidate	""	RALBP1 chymotrypsin digestion	Chymotrypsin digestion of RalA-binding protein 1.	""	1505	""	""	""		unknown	none	scores_not_downloaded_at_this_scope,genomic_mapping_incomplete					
urn:mavedb:00001004-a-1	RANBP2	false	candidate	""	RANBP2 Zinc finger, RanBP2-type domain domainome 1.0	Stability measurements of the RANBP2 Zinc finger, RanBP2-type domain from domainome 1.0.	""	601	""	""	""		unknown	none	scores_not_downloaded_at_this_scope					
urn:mavedb:00001005-a-1	RANBP2	false	candidate	""	RANBP2 Zinc finger, RanBP2-type domain domainome 1.0	Stability measurements of the RANBP2 Zinc finger, RanBP2-type domain from domainome 1.0.	""	621	""	""	""		unknown	none	scores_not_downloaded_at_this_scope					
urn:mavedb:00001006-a-1	RARB	false	candidate	""	RARB Zinc finger, nuclear hormone receptor-type domain domainome 1.0	Stability measurements of the RARB Zinc finger, nuclear hormone receptor-type domain from domainome 1.0.	""	1541	""	""	""		unknown	none	scores_not_downloaded_at_this_scope,genomic_mapping_failed					
urn:mavedb:00000329-a-1	RASA1	false	candidate	""	RASA1 trypsin digestion	Trypsin digestion of Ras GTPase-activating protein 1.	""	3732	""	""	""		unknown	none	scores_not_downloaded_at_this_scope,genomic_mapping_incomplete					
urn:mavedb:00000329-a-2	RASA1	false	candidate	""	RASA1 chymotrypsin digestion	Chymotrypsin digestion of Ras GTPase-activating protein 1.	""	3732	""	""	""		unknown	none	scores_not_downloaded_at_this_scope,genomic_mapping_incomplete					
urn:mavedb:00001007-a-1	RASA1	false	candidate	""	RASA1 SH3 domain domainome 1.0	Stability measurements of the RASA1 SH3 domain from domainome 1.0.	""	1221	""	""	""		unknown	none	scores_not_downloaded_at_this_scope					
urn:mavedb:00001008-a-1	RASA4	false	candidate	""	RASA4 Zinc finger, Btk motif domain domainome 1.0	Stability measurements of the RASA4 Zinc finger, Btk motif domain from domainome 1.0.	""	561	""	""	""		unknown	none	scores_not_downloaded_at_this_scope					
urn:mavedb:00001009-a-1	RASGRP1	false	candidate	""	RASGRP1 Protein kinase C-like, phorbol ester/diacylglycerol-binding domain domainome 1.0	Stability measurements of the RASGRP1 Protein kinase C-like, phorbol ester/diacylglycerol-binding domain from domainome 1.0.	""	1101	""	""	""		unknown	none	scores_not_downloaded_at_this_scope					
urn:mavedb:00001010-a-1	RBCK1	false	candidate	""	RBCK1 IBR domain domainome 1.0	Stability measurements of the RBCK1 IBR domain from domainome 1.0.	""	861	""	""	""		unknown	none	scores_not_downloaded_at_this_scope					
urn:mavedb:00001011-a-1	RBM10	false	candidate	""	RBM10 Zinc finger, RanBP2-type domain domainome 1.0	Stability measurements of the RBM10 Zinc finger, RanBP2-type domain from domainome 1.0.	""	561	""	""	""		unknown	none	scores_not_downloaded_at_this_scope					
urn:mavedb:00001012-a-1	RBM10	false	candidate	""	RBM10 Zinc finger, RanBP2-type domain domainome 1.0	Stability measurements of the RBM10 Zinc finger, RanBP2-type domain from domainome 1.0.	""	521	""	""	""		unknown	none	scores_not_downloaded_at_this_scope					
urn:mavedb:00001013-a-1	RCOR1	false	candidate	""	RCOR1 SANT/Myb domain domainome 1.0	Stability measurements of the RCOR1 SANT/Myb domain from domainome 1.0.	""	1281	""	""	""		unknown	none	scores_not_downloaded_at_this_scope					
urn:mavedb:00001014-a-1	RCOR3	false	candidate	""	RCOR3 SANT/Myb domain domainome 1.0	Stability measurements of the RCOR3 SANT/Myb domain from domainome 1.0.	""	961	""	""	""		unknown	none	scores_not_downloaded_at_this_scope					
urn:mavedb:00001015-a-1	RERE	false	candidate	""	RERE Zinc finger, GATA-type domain domainome 1.0	Stability measurements of the RERE Zinc finger, GATA-type domain from domainome 1.0.	""	841	""	""	""		unknown	none	scores_not_downloaded_at_this_scope					
urn:mavedb:00001016-a-1	RFC1	false	candidate	""	RFC1 BRCT domain domainome 1.0	Stability measurements of the RFC1 BRCT domain from domainome 1.0.	""	1501	""	""	""		unknown	none	scores_not_downloaded_at_this_scope					
urn:mavedb:00000099-a-1	RHO	false	candidate	""	Rhodopsin surface expression	Rhodopsin VUS surface expression	Reporter	211	""	""	""		unknown	none	scores_not_downloaded_at_this_scope					
urn:mavedb:00001275-a-1	RHO	false	candidate	""	RHO surface trafficking DMS scores (Method 1)	Deep mutational scanning of all possible RHO missense variants using a flow cytometry-based cell-surface immunostaining assay in HEK293T cells.	Flow cytometry assay	7246	""	""	""		unknown	none	scores_not_downloaded_at_this_scope					
urn:mavedb:00001275-a-2	RHO	false	candidate	""	RHO membrane proximity DMS scores (Method 2)	Deep mutational scanning of all possible RHO missense variants using a membrane proximity assay	Flow cytometry assay	7244	""	""	""		unknown	none	scores_not_downloaded_at_this_scope					
urn:mavedb:00001017-a-1	RIPK2	false	candidate	""	RIPK2 CARD domain domainome 1.0	Stability measurements of the RIPK2 CARD domain from domainome 1.0.	""	1621	""	""	""		unknown	none	scores_not_downloaded_at_this_scope					
urn:mavedb:00001018-a-1	RNF113A	false	candidate	""	RNF113A Zinc finger, CCCH-type domain domainome 1.0	Stability measurements of the RNF113A Zinc finger, CCCH-type domain from domainome 1.0.	""	501	""	""	""		unknown	none	scores_not_downloaded_at_this_scope					
urn:mavedb:00001019-a-1	RNF126	false	candidate	""	RNF126 E3 ubiquitin-protein ligase RNF126-like, zinc-ribbon domain domainome 1.0	Stability measurements of the RNF126 E3 ubiquitin-protein ligase RNF126-like, zinc-ribbon domain from domainome 1.0.	""	601	""	""	""		unknown	none	scores_not_downloaded_at_this_scope					
urn:mavedb:00001020-a-1	RNF32	false	candidate	""	RNF32 IQ motif, EF-hand binding site domain domainome 1.0	Stability measurements of the RNF32 IQ motif, EF-hand binding site domain from domainome 1.0.	""	381	""	""	""		unknown	none	scores_not_downloaded_at_this_scope					
urn:mavedb:00001021-a-1	RNF7	false	candidate	""	RNF7 Zinc finger, RING-H2-type domain domainome 1.0	Stability measurements of the RNF7 Zinc finger, RING-H2-type domain from domainome 1.0.	""	1121	""	""	""		unknown	none	scores_not_downloaded_at_this_scope					
urn:mavedb:00001022-a-1	RPL35	false	candidate	""	RPL35 Ribosomal protein L29/L35 domainome 1.0	Stability measurements of the RPL35 Ribosomal protein L29/L35 from domainome 1.0.	""	1101	""	""	""		unknown	none	scores_not_downloaded_at_this_scope					
urn:mavedb:00001024-a-1	RSL24D1	false	candidate	""	RSL24D1 Ribosomal protein L24e-related domainome 1.0	Stability measurements of the RSL24D1 Ribosomal protein L24e-related from domainome 1.0.	""	1281	""	""	""		unknown	none	scores_not_downloaded_at_this_scope					
urn:mavedb:00001026-a-1	RUFY1	false	candidate	""	RUFY1 FYVE zinc finger domain domainome 1.0	Stability measurements of the RUFY1 FYVE zinc finger domain from domainome 1.0.	""	1201	""	""	""		unknown	none	scores_not_downloaded_at_this_scope					
urn:mavedb:00001027-a-1	RXRA	false	candidate	""	RXRA Zinc finger, nuclear hormone receptor-type domain domainome 1.0	Stability measurements of the RXRA Zinc finger, nuclear hormone receptor-type domain from domainome 1.0.	""	1541	""	""	""		unknown	none	scores_not_downloaded_at_this_scope					
urn:mavedb:00001030-a-1	SAFB	false	candidate	""	SAFB SAP domain domainome 1.0	Stability measurements of the SAFB SAP domain from domainome 1.0.	""	1101	""	""	""		unknown	none	scores_not_downloaded_at_this_scope					
urn:mavedb:00001029-a-1	SAFB2	false	candidate	""	SAFB2 SAP domain domainome 1.0	Stability measurements of the SAFB2 SAP domain from domainome 1.0.	""	881	""	""	""		unknown	none	scores_not_downloaded_at_this_scope					
urn:mavedb:00001031-a-1	SALL1	false	candidate	""	SALL1 Zinc finger C2H2-type domain domainome 1.0	Stability measurements of the SALL1 Zinc finger C2H2-type domain from domainome 1.0.	""	441	""	""	""		unknown	none	scores_not_downloaded_at_this_scope					
urn:mavedb:00001032-a-1	SALL4	false	candidate	""	SALL4 Zinc finger C2H2-type domain domainome 1.0	Stability measurements of the SALL4 Zinc finger C2H2-type domain from domainome 1.0.	""	441	""	""	""		unknown	none	scores_not_downloaded_at_this_scope					
urn:mavedb:00001033-a-1	SALL4	false	candidate	""	SALL4 Zinc finger C2H2-type domain domainome 1.0	Stability measurements of the SALL4 Zinc finger C2H2-type domain from domainome 1.0.	""	441	""	""	""		unknown	none	scores_not_downloaded_at_this_scope					
urn:mavedb:00001034-a-1	SALL4	false	candidate	""	SALL4 Zinc finger C2H2-type domain domainome 1.0	Stability measurements of the SALL4 Zinc finger C2H2-type domain from domainome 1.0.	""	441	""	""	""		unknown	none	scores_not_downloaded_at_this_scope					
urn:mavedb:00001035-a-1	SAMD9	false	candidate	""	SAMD9 Sterile alpha motif domain domainome 1.0	Stability measurements of the SAMD9 Sterile alpha motif domain from domainome 1.0.	""	1461	""	""	""		unknown	none	scores_not_downloaded_at_this_scope					
urn:mavedb:00001036-a-1	SARNP	false	candidate	""	SARNP SAP domain domainome 1.0	Stability measurements of the SARNP SAP domain from domainome 1.0.	""	901	""	""	""		unknown	none	scores_not_downloaded_at_this_scope					
urn:mavedb:00001037-a-1	SASH1	false	candidate	""	SASH1 Sterile alpha motif domain domainome 1.0	Stability measurements of the SASH1 Sterile alpha motif domain from domainome 1.0.	""	1421	""	""	""		unknown	none	scores_not_downloaded_at_this_scope					
urn:mavedb:00001038-a-1	SATB1	false	candidate	""	SATB1 CUT domain domainome 1.0	Stability measurements of the SATB1 CUT domain from domainome 1.0.	""	1481	""	""	""		unknown	none	scores_not_downloaded_at_this_scope					
urn:mavedb:00001039-a-1	SATB1	false	candidate	""	SATB1 CUT domain domainome 1.0	Stability measurements of the SATB1 CUT domain from domainome 1.0.	""	1501	""	""	""		unknown	none	scores_not_downloaded_at_this_scope					
urn:mavedb:00001040-a-1	SATB1	false	candidate	""	SATB1 SATB, CUT1-like DNA-binding domain domainome 1.0	Stability measurements of the SATB1 SATB, CUT1-like DNA-binding domain from domainome 1.0.	""	1401	""	""	""		unknown	none	scores_not_downloaded_at_this_scope					
urn:mavedb:00001041-a-1	SATB2	false	candidate	""	SATB2 CUT domain domainome 1.0	Stability measurements of the SATB2 CUT domain from domainome 1.0.	""	1541	""	""	""		unknown	none	scores_not_downloaded_at_this_scope					
urn:mavedb:00001042-a-1	SATB2	false	candidate	""	SATB2 CUT domain domainome 1.0	Stability measurements of the SATB2 CUT domain from domainome 1.0.	""	1501	""	""	""		unknown	none	scores_not_downloaded_at_this_scope					
urn:mavedb:00000098-a-2	SCN5A	false	candidate	""	SCN5A response to veratridine+brevetoxin+ouabain mixture	Deep mutational scan of human SCN5A by measuring response to veratridine+brevetoxin+ouabain drugs.	Cell fitness	252	""	""	""		unknown	none	scores_not_downloaded_at_this_scope					
urn:mavedb:00001233-a-1	SCN5A	false	candidate	""	Scores from automatic patch clamping assay of SCN5A variants in HEK293T cells	Automatic patch clamping assay (peak current density) of SCN5A variants in HEK293T cells	Direct protein function	49	""	""	""		unknown	none	scores_not_downloaded_at_this_scope,genomic_mapping_failed					
urn:mavedb:00001043-a-1	SCRIB	false	candidate	""	SCRIB PDZ domain domainome 1.0	Stability measurements of the SCRIB PDZ domain from domainome 1.0.	""	1941	""	""	""		unknown	none	scores_not_downloaded_at_this_scope					
urn:mavedb:00000051-a-1	SELL	false	candidate	""	C-terminal of L-Selectin	A deep mutational scanning experiment targeting the CLS helix region on the bacterial inner membrane.	""	540	""	""	""		unknown	none	scores_not_downloaded_at_this_scope,genomic_mapping_incomplete					
urn:mavedb:00001044-a-1	SETD2	false	candidate	""	SETD2 WW domain domainome 1.0	Stability measurements of the SETD2 WW domain from domainome 1.0.	""	981	""	""	""		unknown	none	scores_not_downloaded_at_this_scope					
urn:mavedb:00001283-a-1	SGCA	false	candidate	""	SGCA variants effects on α-sarcoglycan surface expression	SGCA variants effects on α-sarcoglycan surface expression	Reporter	3483	""	""	""		unknown	none	scores_not_downloaded_at_this_scope					
urn:mavedb:00000659-a-1	SGCB	false	candidate	""	SGCB All AA	Full AA DMS of SGCB.	Reporter	6327	lower_is_more_damaging	""	""		lower_is_more_damaging	medium	scores_not_downloaded_at_this_scope					
urn:mavedb:00001045-a-1	SH3D19	false	candidate	""	SH3D19 SH3 domain domainome 1.0	Stability measurements of the SH3D19 SH3 domain from domainome 1.0.	""	1121	""	""	""		unknown	none	scores_not_downloaded_at_this_scope					
urn:mavedb:00001046-a-1	SH3PXD2B	false	candidate	""	SH3PXD2B SH3 domain domainome 1.0	Stability measurements of the SH3PXD2B SH3 domain from domainome 1.0.	""	1181	""	""	""		unknown	none	scores_not_downloaded_at_this_scope					
urn:mavedb:00001047-a-1	SH3PXD2B	false	candidate	""	SH3PXD2B SH3 domain domainome 1.0	Stability measurements of the SH3PXD2B SH3 domain from domainome 1.0.	""	1101	""	""	""		unknown	none	scores_not_downloaded_at_this_scope					
urn:mavedb:00001048-a-1	SHOX	false	candidate	""	SHOX Homeobox domain domainome 1.0	Stability measurements of the SHOX Homeobox domain from domainome 1.0.	""	1121	""	""	""		unknown	none	scores_not_downloaded_at_this_scope					
urn:mavedb:00001049-a-1	SHROOM4	false	candidate	""	SHROOM4 PDZ domain domainome 1.0	Stability measurements of the SHROOM4 PDZ domain from domainome 1.0.	""	1721	""	""	""		unknown	none	scores_not_downloaded_at_this_scope					
urn:mavedb:00001050-a-1	SIX1	false	candidate	""	SIX1 Homeobox domain domainome 1.0	Stability measurements of the SIX1 Homeobox domain from domainome 1.0.	""	1001	""	""	""		unknown	none	scores_not_downloaded_at_this_scope					
urn:mavedb:00001051-a-1	SIX2	false	candidate	""	SIX2 Homeobox domain domainome 1.0	Stability measurements of the SIX2 Homeobox domain from domainome 1.0.	""	1001	""	""	""		unknown	none	scores_not_downloaded_at_this_scope					
urn:mavedb:00001052-a-1	SIX3	false	candidate	""	SIX3 Homeobox domain domainome 1.0	Stability measurements of the SIX3 Homeobox domain from domainome 1.0.	""	1021	""	""	""		unknown	none	scores_not_downloaded_at_this_scope					
urn:mavedb:00001053-a-1	SIX6	false	candidate	""	SIX6 Homeobox domain domainome 1.0	Stability measurements of the SIX6 Homeobox domain from domainome 1.0.	""	1021	""	""	""		unknown	none	scores_not_downloaded_at_this_scope					
urn:mavedb:00001054-a-1	SLTM	false	candidate	""	SLTM SAP domain domainome 1.0	Stability measurements of the SLTM SAP domain from domainome 1.0.	""	1001	""	""	""		unknown	none	scores_not_downloaded_at_this_scope					
urn:mavedb:00001055-a-1	SMARCA4	false	candidate	""	SMARCA4 BRK domain domainome 1.0	Stability measurements of the SMARCA4 BRK domain from domainome 1.0.	""	861	""	""	""		unknown	none	scores_not_downloaded_at_this_scope					
urn:mavedb:00001056-a-1	SMARCB1	false	candidate	""	SMARCB1 SNF5/SMARCB1/INI1 domain domainome 1.0	Stability measurements of the SMARCB1 SNF5/SMARCB1/INI1 domain from domainome 1.0.	""	1361	""	""	""		unknown	none	scores_not_downloaded_at_this_scope					
urn:mavedb:00001057-a-1	SMARCC1	false	candidate	""	SMARCC1 SANT/Myb domain domainome 1.0	Stability measurements of the SMARCC1 SANT/Myb domain from domainome 1.0.	""	881	""	""	""		unknown	none	scores_not_downloaded_at_this_scope					
urn:mavedb:00001058-a-1	SMARCC2	false	candidate	""	SMARCC2 SANT/Myb domain domainome 1.0	Stability measurements of the SMARCC2 SANT/Myb domain from domainome 1.0.	""	861	""	""	""		unknown	none	scores_not_downloaded_at_this_scope					
urn:mavedb:00001059-a-1	SMARCE1	false	candidate	""	SMARCE1 High mobility group box domain domainome 1.0	Stability measurements of the SMARCE1 High mobility group box domain from domainome 1.0.	""	1341	""	""	""		unknown	none	scores_not_downloaded_at_this_scope					
urn:mavedb:00000159-a-1	SMN1	false	candidate	""	SMN Tudor domain trypsin digestion	Trypsin digestion of Survival motor neuron protein Tudor domain.	""	1259	""	""	""		unknown	none	scores_not_downloaded_at_this_scope,genomic_mapping_incomplete					
urn:mavedb:00000159-a-2	SMN1	false	candidate	""	SMN Tudor domain chymotrypsin digestion	Chymotrypsin digestion of Survival motor neuron protein Tudor domain.	""	1259	""	""	""		unknown	none	scores_not_downloaded_at_this_scope,genomic_mapping_incomplete					
urn:mavedb:00001060-a-1	SMURF2	false	candidate	""	SMURF2 WW domain domainome 1.0	Stability measurements of the SMURF2 WW domain from domainome 1.0.	""	981	""	""	""		unknown	none	scores_not_downloaded_at_this_scope					
urn:mavedb:00000045-a-1	SNCA	false	candidate	""	Deep Mutational Scanning of alpha-Synuclein based on Toxicity in Yeast Treated with MG-132	The toxicity of alpha-synuclein missense variants was determined by measuring their change in frequency during yeast outgrowth	""	2800	""	""	""		unknown	none	scores_not_downloaded_at_this_scope					
urn:mavedb:00000045-b-1	SNCA	false	candidate	""	Deep Mutational Scanning of alpha-Synuclein based on Toxicity in Yeast Treated with Geldanamycin	The toxicity of alpha-synuclein missense variants was determined by measuring their change in frequency during yeast outgrowth	""	2800	""	""	""		unknown	none	scores_not_downloaded_at_this_scope					
urn:mavedb:00000045-c-1	SNCA	false	candidate	""	Deep Mutational Scanning of alpha-Synuclein based on Toxicity in Yeast Treated with Miconazole	The toxicity of alpha-synuclein missense variants was determined by measuring their change in frequency during yeast outgrowth	""	2800	""	""	""		unknown	none	scores_not_downloaded_at_this_scope					
urn:mavedb:00000045-d-1	SNCA	false	candidate	""	Deep Mutational Scanning of alpha-Synuclein based on Toxicity in Yeast Treated with Melatonin	The toxicity of alpha-synuclein missense variants was determined by measuring their change in frequency during yeast outgrowth	""	2800	""	""	""		unknown	none	scores_not_downloaded_at_this_scope					
urn:mavedb:00000045-e-1	SNCA	false	candidate	""	Deep Mutational Scanning of alpha-Synuclein based on Toxicity in Yeast Treated with Menadione	The toxicity of alpha-synuclein missense variants was determined by measuring their change in frequency during yeast outgrowth	""	2800	""	""	""		unknown	none	scores_not_downloaded_at_this_scope					
urn:mavedb:00000045-f-1	SNCA	false	candidate	""	Deep Mutational Scanning of alpha-Synuclein based on Toxicity in Yeast Treated with Spermidine	The toxicity of alpha-synuclein missense variants was determined by measuring their change in frequency during yeast outgrowth	""	2800	""	""	""		unknown	none	scores_not_downloaded_at_this_scope					
urn:mavedb:00000045-g-1	SNCA	false	candidate	""	Deep Mutational Scanning of alpha-Synuclein based on Toxicity in Yeast Treated with Dopamine	The toxicity of alpha-synuclein missense variants was determined by measuring their change in frequency during yeast outgrowth	""	2800	""	""	""		unknown	none	scores_not_downloaded_at_this_scope					
urn:mavedb:00000045-h-1	SNCA	false	candidate	""	Deep Mutational Scanning of alpha-Synuclein based on Toxicity in Yeast	The toxicity of alpha-synuclein missense variants was determined by measuring their change in frequency during yeast outgrowth	""	2800	""	""	""		unknown	none	scores_not_downloaded_at_this_scope					
urn:mavedb:00000045-i-1	SNCA	false	candidate	""	Deep Mutational Scanning of alpha-Synuclein based on Toxicity in Yeast Treated with Rapamycin	The toxicity of alpha-synuclein missense variants was determined by measuring their change in frequency during yeast outgrowth	""	2800	""	""	""		unknown	none	scores_not_downloaded_at_this_scope					
urn:mavedb:00000045-j-1	SNCA	false	candidate	""	Deep Mutational Scanning of alpha-Synuclein based on Toxicity in Yeast Treated with Tunicamycin	The toxicity of alpha-synuclein missense variants was determined by measuring their change in frequency during yeast outgrowth	""	2800	""	""	""		unknown	none	scores_not_downloaded_at_this_scope					
urn:mavedb:00000045-k-1	SNCA	false	candidate	""	Deep Mutational Scanning of alpha-Synuclein based on Expression Level in Yeast	The expression level of alpha-synuclein missense variants was determined by cell sorting of yeast expressing each variant fused to GFP	""	2800	""	""	""		unknown	none	scores_not_downloaded_at_this_scope					
urn:mavedb:00000045-l-1	SNCA	false	candidate	""	Deep Mutational Scanning of alpha-Synuclein based on Toxicity in Yeast Treated with Brefeldin A	The toxicity of alpha-synuclein missense variants was determined by measuring their change in frequency during yeast outgrowth	""	2800	""	""	""		unknown	none	scores_not_downloaded_at_this_scope					
urn:mavedb:00001249-a-1	SNCA	false	candidate	""	Concentration-Dependent Deep Mutational Scanning of alpha-Synuclein in Yeast (0.1%)	The toxicity of alpha synuclein single missense variants at a wide range of cellular concentrations in yeast	Cell proliferation assay	2800	""	""	""		unknown	none	scores_not_downloaded_at_this_scope					
urn:mavedb:00001249-a-2	SNCA	false	candidate	""	Concentration-Dependent Deep Mutational Scanning of alpha-Synuclein in Yeast (0.01%)	The toxicity of alpha synuclein single missense variants at a wide range of cellular concentrations in yeast	Cell proliferation assay	2800	""	""	""		unknown	none	scores_not_downloaded_at_this_scope					
urn:mavedb:00001249-a-3	SNCA	false	candidate	""	Concentration-Dependent Deep Mutational Scanning of alpha-Synuclein in Yeast (0.001%)	The toxicity of alpha synuclein single missense variants at a wide range of cellular concentrations in yeast	Cell proliferation assay	2800	""	""	""		unknown	none	scores_not_downloaded_at_this_scope					
urn:mavedb:00001249-a-4	SNCA	false	candidate	""	Concentration-Dependent Deep Mutational Scanning of alpha-Synuclein in Yeast (1%)	The toxicity of alpha synuclein single missense variants at a wide range of cellular concentrations in yeast	Cell proliferation assay	2800	""	""	""		unknown	none	scores_not_downloaded_at_this_scope					
urn:mavedb:00001062-a-1	SNTA1	false	candidate	""	SNTA1 PDZ domain domainome 1.0	Stability measurements of the SNTA1 PDZ domain from domainome 1.0.	""	1861	""	""	""		unknown	none	scores_not_downloaded_at_this_scope					
urn:mavedb:00001217-a-3	SOD1	false	candidate	""	SOD1 abundance map score set	A deep mutational scan of SOD1 using VAMP-Seq in HEK293 cells via DMS-TileSeq	Other	2906	""	""	""		unknown	none	scores_not_downloaded_at_this_scope					
urn:mavedb:00001217-a-4	SOD1	false	candidate	""	SOD1 activity map score set	A deep mutational scan of SOD1 activity in yeast via restrictive temperature selection and DMS-TileSeq	Other	2910	""	""	""		unknown	none	scores_not_downloaded_at_this_scope					
urn:mavedb:00000363-a-1	SORBS1	false	candidate	""	SORBS1 trypsin digestion	Trypsin digestion of Sorbin and SH3 domain-containing protein 1.	""	1838	""	""	""		unknown	none	scores_not_downloaded_at_this_scope,genomic_mapping_failed					
urn:mavedb:00000363-a-2	SORBS1	false	candidate	""	SORBS1 chymotrypsin digestion	Chymotrypsin digestion of Sorbin and SH3 domain-containing protein 1.	""	1838	""	""	""		unknown	none	scores_not_downloaded_at_this_scope,genomic_mapping_failed					
urn:mavedb:00001063-a-1	SOX11	false	candidate	""	SOX11 High mobility group box domain domainome 1.0	Stability measurements of the SOX11 High mobility group box domain from domainome 1.0.	""	1361	""	""	""		unknown	none	scores_not_downloaded_at_this_scope					
urn:mavedb:00001064-a-1	SOX17	false	candidate	""	SOX17 High mobility group box domain domainome 1.0	Stability measurements of the SOX17 High mobility group box domain from domainome 1.0.	""	1361	""	""	""		unknown	none	scores_not_downloaded_at_this_scope					
urn:mavedb:00001065-a-1	SOX18	false	candidate	""	SOX18 High mobility group box domain domainome 1.0	Stability measurements of the SOX18 High mobility group box domain from domainome 1.0.	""	1341	""	""	""		unknown	none	scores_not_downloaded_at_this_scope					
urn:mavedb:00001066-a-1	SOX2	false	candidate	""	SOX2 High mobility group box domain domainome 1.0	Stability measurements of the SOX2 High mobility group box domain from domainome 1.0.	""	1361	""	""	""		unknown	none	scores_not_downloaded_at_this_scope					
urn:mavedb:00001068-a-1	SOX3	false	candidate	""	SOX3 High mobility group box domain domainome 1.0	Stability measurements of the SOX3 High mobility group box domain from domainome 1.0.	""	1361	""	""	""		unknown	none	scores_not_downloaded_at_this_scope					
urn:mavedb:00000452-a-1	SOX30	false	candidate	""	SOX30 trypsin digestion	Trypsin digestion of Transcription factor SOX-30.	""	1255	""	""	""		unknown	none	scores_not_downloaded_at_this_scope					
urn:mavedb:00000452-a-2	SOX30	false	candidate	""	SOX30 chymotrypsin digestion	Chymotrypsin digestion of Transcription factor SOX-30.	""	1255	""	""	""		unknown	none	scores_not_downloaded_at_this_scope					
urn:mavedb:00001067-a-1	SOX30	false	candidate	""	SOX30 High mobility group box domain domainome 1.0	Stability measurements of the SOX30 High mobility group box domain from domainome 1.0.	""	1341	""	""	""		unknown	none	scores_not_downloaded_at_this_scope					
urn:mavedb:00001069-a-1	SOX4	false	candidate	""	SOX4 High mobility group box domain domainome 1.0	Stability measurements of the SOX4 High mobility group box domain from domainome 1.0.	""	1361	""	""	""		unknown	none	scores_not_downloaded_at_this_scope					
urn:mavedb:00001070-a-1	SOX5	false	candidate	""	SOX5 High mobility group box domain domainome 1.0	Stability measurements of the SOX5 High mobility group box domain from domainome 1.0.	""	1361	""	""	""		unknown	none	scores_not_downloaded_at_this_scope					
urn:mavedb:00001071-a-1	SOX6	false	candidate	""	SOX6 High mobility group box domain domainome 1.0	Stability measurements of the SOX6 High mobility group box domain from domainome 1.0.	""	1361	""	""	""		unknown	none	scores_not_downloaded_at_this_scope					
urn:mavedb:00001072-a-1	SOX8	false	candidate	""	SOX8 High mobility group box domain domainome 1.0	Stability measurements of the SOX8 High mobility group box domain from domainome 1.0.	""	1361	""	""	""		unknown	none	scores_not_downloaded_at_this_scope					
urn:mavedb:00001073-a-1	SP7	false	candidate	""	SP7 Zinc finger C2H2-type domain domainome 1.0	Stability measurements of the SP7 Zinc finger C2H2-type domain from domainome 1.0.	""	481	""	""	""		unknown	none	scores_not_downloaded_at_this_scope					
urn:mavedb:00001258-a-1	SPOP	false	candidate	""	Selection of loss-of-function SPOP via yeast survival assay	An amino acid level deep mutational scan of human SPOP using yeast survival assay.	Survival assessment assay	7441	""	""	""		unknown	none	scores_not_downloaded_at_this_scope,genomic_mapping_incomplete					
urn:mavedb:00001074-a-1	SPTA1	false	candidate	""	SPTA1 SH3 domain domainome 1.0	Stability measurements of the SPTA1 SH3 domain from domainome 1.0.	""	1161	""	""	""		unknown	none	scores_not_downloaded_at_this_scope					
urn:mavedb:00000412-a-1	SPTAN1	false	candidate	""	SPTAN1 trypsin digestion	Trypsin digestion of Spectrin alpha chain, non-erythrocytic 1.	""	1597	""	""	""		unknown	none	scores_not_downloaded_at_this_scope,genomic_mapping_failed					
urn:mavedb:00000412-a-2	SPTAN1	false	candidate	""	SPTAN1 chymotrypsin digestion	Chymotrypsin digestion of Spectrin alpha chain, non-erythrocytic 1.	""	1597	""	""	""		unknown	none	scores_not_downloaded_at_this_scope,genomic_mapping_failed					
urn:mavedb:00000413-a-1	SPTAN1	false	candidate	""	SPTAN1 trypsin digestion	Trypsin digestion of Spectrin alpha chain, non-erythrocytic 1.	""	1319	""	""	""		unknown	none	scores_not_downloaded_at_this_scope,genomic_mapping_failed					
urn:mavedb:00000413-a-2	SPTAN1	false	candidate	""	SPTAN1 chymotrypsin digestion	Chymotrypsin digestion of Spectrin alpha chain, non-erythrocytic 1.	""	1319	""	""	""		unknown	none	scores_not_downloaded_at_this_scope,genomic_mapping_failed					
urn:mavedb:00000414-a-1	SPTAN1	false	candidate	""	SPTAN1 (A10S) trypsin digestion	Trypsin digestion of Spectrin alpha chain, non-erythrocytic 1 (A10S).	""	1318	""	""	""		unknown	none	scores_not_downloaded_at_this_scope,genomic_mapping_failed					
urn:mavedb:00000414-a-2	SPTAN1	false	candidate	""	SPTAN1 (A10S) chymotrypsin digestion	Chymotrypsin digestion of Spectrin alpha chain, non-erythrocytic 1 (A10S).	""	1318	""	""	""		unknown	none	scores_not_downloaded_at_this_scope,genomic_mapping_failed					
urn:mavedb:00000415-a-1	SPTAN1	false	candidate	""	SPTAN1 (M24A) trypsin digestion	Trypsin digestion of Spectrin alpha chain, non-erythrocytic 1 (M24A).	""	1320	""	""	""		unknown	none	scores_not_downloaded_at_this_scope,genomic_mapping_failed					
urn:mavedb:00000415-a-2	SPTAN1	false	candidate	""	SPTAN1 (M24A) chymotrypsin digestion	Chymotrypsin digestion of Spectrin alpha chain, non-erythrocytic 1 (M24A).	""	1320	""	""	""		unknown	none	scores_not_downloaded_at_this_scope,genomic_mapping_failed					
urn:mavedb:00001075-a-1	SPTAN1	false	candidate	""	SPTAN1 EF-hand domain domainome 1.0	Stability measurements of the SPTAN1 EF-hand domain from domainome 1.0.	""	1461	""	""	""		unknown	none	scores_not_downloaded_at_this_scope					
urn:mavedb:00000256-a-1	SQSTM1	false	candidate	""	SQSTM1 trypsin digestion	Trypsin digestion of Sequestosome-1.	""	1669	""	""	""		unknown	none	scores_not_downloaded_at_this_scope					
urn:mavedb:00000256-a-2	SQSTM1	false	candidate	""	SQSTM1 chymotrypsin digestion	Chymotrypsin digestion of Sequestosome-1.	""	1669	""	""	""		unknown	none	scores_not_downloaded_at_this_scope					
urn:mavedb:00001077-a-1	SQSTM1	false	candidate	""	SQSTM1 Sequestosome-1, UBA domain domainome 1.0	Stability measurements of the SQSTM1 Sequestosome-1, UBA domain from domainome 1.0.	""	1041	""	""	""		unknown	none	scores_not_downloaded_at_this_scope					
urn:mavedb:00001078-a-1	SQSTM1	false	candidate	""	SQSTM1 Zinc finger, ZZ-type domain domainome 1.0	Stability measurements of the SQSTM1 Zinc finger, ZZ-type domain from domainome 1.0.	""	1041	""	""	""		unknown	none	scores_not_downloaded_at_this_scope					
urn:mavedb:00000041-a-1	SRC	false	candidate	""	Amino acid scores for Src CD	Amino acid scores for deep mutational scan of the Src kinase catalytic domain.	""	3506	""	""	""		unknown	none	scores_not_downloaded_at_this_scope					
urn:mavedb:00000041-b-1	SRC	false	candidate	""	Deep mutational scan of Src SH4	Amino acid scores for deep mutational scan of the Src kinase catalytic domain.	""	360	""	""	""		unknown	none	scores_not_downloaded_at_this_scope					
urn:mavedb:00001079-a-1	SRC	false	candidate	""	SRC SH3 domain domainome 1.0	Stability measurements of the SRC SH3 domain from domainome 1.0.	""	1141	""	""	""		unknown	none	scores_not_downloaded_at_this_scope					
urn:mavedb:00001080-a-1	SRGAP1	false	candidate	""	SRGAP1 SH3 domain domainome 1.0	Stability measurements of the SRGAP1 SH3 domain from domainome 1.0.	""	1161	""	""	""		unknown	none	scores_not_downloaded_at_this_scope					
urn:mavedb:00001081-a-1	SRGAP3	false	candidate	""	SRGAP3 SH3 domain domainome 1.0	Stability measurements of the SRGAP3 SH3 domain from domainome 1.0.	""	1161	""	""	""		unknown	none	scores_not_downloaded_at_this_scope					
urn:mavedb:00001083-a-1	STAU1	false	candidate	""	STAU1 Double-stranded RNA-binding domain domainome 1.0	Stability measurements of the STAU1 Double-stranded RNA-binding domain from domainome 1.0.	""	1341	""	""	""		unknown	none	scores_not_downloaded_at_this_scope					
urn:mavedb:00001221-a-1	STIM1	false	candidate	""	STIM1 cEFhand DMS (Standard LP cells)	A deep mutational scan of overexpressed STIM1 cEFhand domain in HEK293T landing pad cells with endogenous STIM1 present (standard LP cells)	Survival assessment assay	756	""	""	""		unknown	none	scores_not_downloaded_at_this_scope					
urn:mavedb:00001221-a-2	STIM1	false	candidate	""	STIM1 cEFhand DMS - Knockout LP cells	A deep mutational scan of the STIM1 cEFhand in HEK293T landing pad cells with endogenous STIM1 knocked out (knockout LP cells)	Survival assessment assay	756	""	""	""		unknown	none	scores_not_downloaded_at_this_scope					
urn:mavedb:00001246-a-1	STK11	false	candidate	""	Comprehensively Testing the Function of Missense Variation in the STK11 Tumour Suppressor	Proliferation based mutational scan of STK11 in HeLa cells.	Cell proliferation assay	9072	""	""	""		unknown	none	scores_not_downloaded_at_this_scope					
urn:mavedb:00001084-a-1	STOX1	false	candidate	""	STOX1 Storkhead-box protein, winged-helix domain domainome 1.0	Stability measurements of the STOX1 Storkhead-box protein, winged-helix domain from domainome 1.0.	""	1561	""	""	""		unknown	none	scores_not_downloaded_at_this_scope					
urn:mavedb:00001085-a-1	STOX2	false	candidate	""	STOX2 Storkhead-box protein, winged-helix domain domainome 1.0	Stability measurements of the STOX2 Storkhead-box protein, winged-helix domain from domainome 1.0.	""	1561	""	""	""		unknown	none	scores_not_downloaded_at_this_scope					
urn:mavedb:00001086-a-1	STXBP4	false	candidate	""	STXBP4 WW domain domainome 1.0	Stability measurements of the STXBP4 WW domain from domainome 1.0.	""	921	""	""	""		unknown	none	scores_not_downloaded_at_this_scope					
urn:mavedb:00000001-b-1	SUMO1	false	candidate	""	SUMO1 imputed and refined	A machine-learning imputed and refined Deep Mutational Scan of the human SUMO1 using functional complementation in yeast.	""	2020	""	""	""		unknown	none	scores_not_downloaded_at_this_scope					
urn:mavedb:00000001-b-2	SUMO1	false	candidate	""	SUMO1 DMS-TileSeq	A Deep Mutational Scan of the human SUMO1 using functional complementation in yeast via DMS-TileSeq	""	4698	""	""	""		unknown	none	scores_not_downloaded_at_this_scope,genomic_mapping_incomplete					
urn:mavedb:00001087-a-1	SUOX	false	candidate	""	SUOX Cytochrome b5-like heme/steroid binding domain domainome 1.0	Stability measurements of the SUOX Cytochrome b5-like heme/steroid binding domain from domainome 1.0.	""	1481	""	""	""		unknown	none	scores_not_downloaded_at_this_scope					
urn:mavedb:00001088-a-1	TAB3	false	candidate	""	TAB3 Ubiquitin system component CUE domain domainome 1.0	Stability measurements of the TAB3 Ubiquitin system component CUE domain from domainome 1.0.	""	781	""	""	""		unknown	none	scores_not_downloaded_at_this_scope					
urn:mavedb:00001089-a-1	TADA2A	false	candidate	""	TADA2A SWIRM domain domainome 1.0	Stability measurements of the TADA2A SWIRM domain from domainome 1.0.	""	1321	""	""	""		unknown	none	scores_not_downloaded_at_this_scope					
urn:mavedb:00000060-a-1	TARDBP	false	candidate	""	TDP-43 toxicity	Deep mutational scanning of TDP-43 prion-like domain (AA 290-331) using a toxicity assay	Cell fitness	704	""	""	""		unknown	none	scores_not_downloaded_at_this_scope					
urn:mavedb:00000060-a-2	TARDBP	false	candidate	""	TDP-43 toxicity	Deep mutational scanning of TDP-43 prion-like domain (AA 332-373) using a toxicity assay	Cell fitness	714	""	""	""		unknown	none	scores_not_downloaded_at_this_scope					
urn:mavedb:00001090-a-1	TARDBP	false	candidate	""	TARDBP TAR DNA-binding protein 43, N-terminal domain domainome 1.0	Stability measurements of the TARDBP TAR DNA-binding protein 43, N-terminal domain from domainome 1.0.	""	1441	""	""	""		unknown	none	scores_not_downloaded_at_this_scope					
urn:mavedb:00001091-a-1	TAX1BP1	false	candidate	""	TAX1BP1 CALCOCO1/2, zinc finger UBZ1-type domain domainome 1.0	Stability measurements of the TAX1BP1 CALCOCO1/2, zinc finger UBZ1-type domain from domainome 1.0.	""	521	""	""	""		unknown	none	scores_not_downloaded_at_this_scope					
urn:mavedb:00001092-a-1	TCEANC	false	candidate	""	TCEANC Transcription factor IIS, N-terminal domain domainome 1.0	Stability measurements of the TCEANC Transcription factor IIS, N-terminal domain from domainome 1.0.	""	961	""	""	""		unknown	none	scores_not_downloaded_at_this_scope					
urn:mavedb:00000352-a-1	TCERG1	false	candidate	""	TCERG1 (Y438R mutant) trypsin digestion	Trypsin digestion of Transcription elongation regulator 1 (Y438R mutant).	""	915	""	""	""		unknown	none	scores_not_downloaded_at_this_scope					
urn:mavedb:00000352-a-2	TCERG1	false	candidate	""	TCERG1 (Y438R mutant) chymotrypsin digestion	Chymotrypsin digestion of Transcription elongation regulator 1 (Y438R mutant).	""	915	""	""	""		unknown	none	scores_not_downloaded_at_this_scope					
urn:mavedb:00000353-a-1	TCERG1	false	candidate	""	TCERG1 (Y446L mutant) trypsin digestion	Trypsin digestion of Transcription elongation regulator 1 (Y446L mutant).	""	928	""	""	""		unknown	none	scores_not_downloaded_at_this_scope					
urn:mavedb:00000353-a-2	TCERG1	false	candidate	""	TCERG1 (Y446L mutant) chymotrypsin digestion	Chymotrypsin digestion of Transcription elongation regulator 1 (Y446L mutant).	""	928	""	""	""		unknown	none	scores_not_downloaded_at_this_scope					
urn:mavedb:00000354-a-1	TCERG1	false	candidate	""	TCERG1 (W457F mutant) trypsin digestion	Trypsin digestion of Transcription elongation regulator 1 (W457F  mutant).	""	1048	""	""	""		unknown	none	scores_not_downloaded_at_this_scope					
urn:mavedb:00000354-a-2	TCERG1	false	candidate	""	TCERG1 (W457F mutant) chymotrypsin digestion	Chymotrypsin digestion of Transcription elongation regulator 1 (W457F  mutant).	""	1048	""	""	""		unknown	none	scores_not_downloaded_at_this_scope					
urn:mavedb:00000357-a-1	TCERG1	false	candidate	""	TCERG1 (L453D mutant) trypsin digestion	Trypsin digestion of Transcription elongation regulator 1 (L453D mutant).	""	930	""	""	""		unknown	none	scores_not_downloaded_at_this_scope					
urn:mavedb:00000357-a-2	TCERG1	false	candidate	""	TCERG1 (L453D mutant) chymotrypsin digestion	Chymotrypsin digestion of Transcription elongation regulator 1 (L453D mutant).	""	930	""	""	""		unknown	none	scores_not_downloaded_at_this_scope					
urn:mavedb:00000358-a-1	TCERG1	false	candidate	""	TCERG1 (L453E mutant) trypsin digestion	Trypsin digestion of Transcription elongation regulator 1 (L453E mutant).	""	1046	""	""	""		unknown	none	scores_not_downloaded_at_this_scope					
urn:mavedb:00000358-a-2	TCERG1	false	candidate	""	TCERG1 (L453E mutant) chymotrypsin digestion	Chymotrypsin digestion of Transcription elongation regulator 1 (L453E mutant).	""	1046	""	""	""		unknown	none	scores_not_downloaded_at_this_scope					
urn:mavedb:00000359-a-1	TCERG1	false	candidate	""	TCERG1 (L453W mutant) trypsin digestion	Trypsin digestion of Transcription elongation regulator 1 (L453W mutant).	""	637	""	""	""		unknown	none	scores_not_downloaded_at_this_scope					
urn:mavedb:00000359-a-2	TCERG1	false	candidate	""	TCERG1 (L453W mutant) chymotrypsin digestion	Chymotrypsin digestion of Transcription elongation regulator 1 (L453W mutant).	""	637	""	""	""		unknown	none	scores_not_downloaded_at_this_scope					
urn:mavedb:00001093-a-1	TCERG1	false	candidate	""	TCERG1 FF domain domainome 1.0	Stability measurements of the TCERG1 FF domain from domainome 1.0.	""	1381	""	""	""		unknown	none	scores_not_downloaded_at_this_scope					
urn:mavedb:00001094-a-1	TCERG1	false	candidate	""	TCERG1 FF domain domainome 1.0	Stability measurements of the TCERG1 FF domain from domainome 1.0.	""	1241	""	""	""		unknown	none	scores_not_downloaded_at_this_scope					
urn:mavedb:00001095-a-1	TCERG1	false	candidate	""	TCERG1 FF domain domainome 1.0	Stability measurements of the TCERG1 FF domain from domainome 1.0.	""	1001	""	""	""		unknown	none	scores_not_downloaded_at_this_scope					
urn:mavedb:00001096-a-1	TCERG1	false	candidate	""	TCERG1 FF domain domainome 1.0	Stability measurements of the TCERG1 FF domain from domainome 1.0.	""	1121	""	""	""		unknown	none	scores_not_downloaded_at_this_scope					
urn:mavedb:00001097-a-1	TCERG1	false	candidate	""	TCERG1 FF domain domainome 1.0	Stability measurements of the TCERG1 FF domain from domainome 1.0.	""	1181	""	""	""		unknown	none	scores_not_downloaded_at_this_scope					
urn:mavedb:00001098-a-1	TCERG1L	false	candidate	""	TCERG1L FF domain domainome 1.0	Stability measurements of the TCERG1L FF domain from domainome 1.0.	""	1141	""	""	""		unknown	none	scores_not_downloaded_at_this_scope					
urn:mavedb:00001099-a-1	TDRD3	false	candidate	""	TDRD3 Tudor domain domainome 1.0	Stability measurements of the TDRD3 Tudor domain from domainome 1.0.	""	1161	""	""	""		unknown	none	scores_not_downloaded_at_this_scope					
urn:mavedb:00000067-a-1	TECR	false	candidate	""	TECR variant effect map score set	TECR variant effect map score set (Short description - to be updated)	""	4235	""	""	""		unknown	none	scores_not_downloaded_at_this_scope					
urn:mavedb:00001100-a-1	TERF2	false	candidate	""	TERF2 SANT/Myb domain domainome 1.0	Stability measurements of the TERF2 SANT/Myb domain from domainome 1.0.	""	1081	""	""	""		unknown	none	scores_not_downloaded_at_this_scope					
urn:mavedb:00001101-a-1	TESMIN	false	candidate	""	TESMIN CRC domain domainome 1.0	Stability measurements of the TESMIN CRC domain from domainome 1.0.	""	721	""	""	""		unknown	none	scores_not_downloaded_at_this_scope					
urn:mavedb:00001102-a-1	TFG	false	candidate	""	TFG PB1 domain domainome 1.0	Stability measurements of the TFG PB1 domain from domainome 1.0.	""	1741	""	""	""		unknown	none	scores_not_downloaded_at_this_scope					
urn:mavedb:00001104-a-1	TIAM1	false	candidate	""	TIAM1 PDZ domain domainome 1.0	Stability measurements of the TIAM1 PDZ domain from domainome 1.0.	""	1681	""	""	""		unknown	none	scores_not_downloaded_at_this_scope					
urn:mavedb:00001105-a-1	TJP2	false	candidate	""	TJP2 PDZ domain domainome 1.0	Stability measurements of the TJP2 PDZ domain from domainome 1.0.	""	1901	""	""	""		unknown	none	scores_not_downloaded_at_this_scope					
urn:mavedb:00001106-a-1	TJP2	false	candidate	""	TJP2 PDZ domain domainome 1.0	Stability measurements of the TJP2 PDZ domain from domainome 1.0.	""	1921	""	""	""		unknown	none	scores_not_downloaded_at_this_scope					
urn:mavedb:00000419-a-1	TNKS2	false	candidate	""	TNKS2 trypsin digestion	Trypsin digestion of Poly [ADP-ribose] polymerase tankyrase-2.	""	1663	""	""	""		unknown	none	scores_not_downloaded_at_this_scope,genomic_mapping_incomplete					
urn:mavedb:00000419-a-2	TNKS2	false	candidate	""	TNKS2 chymotrypsin digestion	Chymotrypsin digestion of Poly [ADP-ribose] polymerase tankyrase-2.	""	1663	""	""	""		unknown	none	scores_not_downloaded_at_this_scope,genomic_mapping_incomplete					
urn:mavedb:00001107-a-1	TNNC2	false	candidate	""	TNNC2 EF-hand domain domainome 1.0	Stability measurements of the TNNC2 EF-hand domain from domainome 1.0.	""	1661	""	""	""		unknown	none	scores_not_downloaded_at_this_scope					
urn:mavedb:00001108-a-1	TOE1	false	candidate	""	TOE1 Zinc finger, CCCH-type domain domainome 1.0	Stability measurements of the TOE1 Zinc finger, CCCH-type domain from domainome 1.0.	""	461	""	""	""		unknown	none	scores_not_downloaded_at_this_scope					
urn:mavedb:00001109-a-1	TOP3A	false	candidate	""	TOP3A Zinc finger, GRF-type domain domainome 1.0	Stability measurements of the TOP3A Zinc finger, GRF-type domain from domainome 1.0.	""	801	""	""	""		unknown	none	scores_not_downloaded_at_this_scope					
urn:mavedb:00001110-a-1	TOP3A	false	candidate	""	TOP3A Zinc finger, GRF-type domain domainome 1.0	Stability measurements of the TOP3A Zinc finger, GRF-type domain from domainome 1.0.	""	861	""	""	""		unknown	none	scores_not_downloaded_at_this_scope					
urn:mavedb:00001111-a-1	TOX3	false	candidate	""	TOX3 High mobility group box domain domainome 1.0	Stability measurements of the TOX3 High mobility group box domain from domainome 1.0.	""	1361	""	""	""		unknown	none	scores_not_downloaded_at_this_scope					
urn:mavedb:00001112-a-1	TP63	false	candidate	""	TP63 Sterile alpha motif domain domainome 1.0	Stability measurements of the TP63 Sterile alpha motif domain from domainome 1.0.	""	1321	""	""	""		unknown	none	scores_not_downloaded_at_this_scope					
urn:mavedb:00001113-a-1	TP73	false	candidate	""	TP73 Sterile alpha motif domain domainome 1.0	Stability measurements of the TP73 Sterile alpha motif domain from domainome 1.0.	""	1261	""	""	""		unknown	none	scores_not_downloaded_at_this_scope					
urn:mavedb:00000001-d-2	TPK1	false	candidate	""	TPK1 imputed and refined	A machine-learning imputed and refined Deep Mutational Scan of human TPK1 using functional complementation in yeast.	Cell fitness	4860	""	""	""		unknown	none	scores_not_downloaded_at_this_scope,genomic_mapping_incomplete					
urn:mavedb:00001251-a-1	TPK1	false	candidate	""	TPK1 DMS-TileSeq	A Deep Mutational Scan of human TPK1 using functional complementation in yeast via DMS-TileSeq.	Cell fitness	9542	lower_is_more_damaging	""	""		lower_is_more_damaging	medium	scores_not_downloaded_at_this_scope,genomic_mapping_incomplete					
urn:mavedb:00000013-b-1	TPMT	false	candidate	""	TPMT VAMP-seq	Amino acid scores for variant abundance by massively parallel sequencing (VAMP-seq) applied to TPMT.	""	4028	""	""	""		unknown	none	scores_not_downloaded_at_this_scope,genomic_mapping_incomplete					
urn:mavedb:00001114-a-1	TRIM26	false	candidate	""	TRIM26 B-box-type zinc finger domain domainome 1.0	Stability measurements of the TRIM26 B-box-type zinc finger domain from domainome 1.0.	""	881	""	""	""		unknown	none	scores_not_downloaded_at_this_scope					
urn:mavedb:00001115-a-1	TRIM28	false	candidate	""	TRIM28 Zinc finger, PHD-finger domain domainome 1.0	Stability measurements of the TRIM28 Zinc finger, PHD-finger domain from domainome 1.0.	""	1041	""	""	""		unknown	none	scores_not_downloaded_at_this_scope					
urn:mavedb:00001117-a-1	TRIM3	false	candidate	""	TRIM3 B-box-type zinc finger domain domainome 1.0	Stability measurements of the TRIM3 B-box-type zinc finger domain from domainome 1.0.	""	881	""	""	""		unknown	none	scores_not_downloaded_at_this_scope					
urn:mavedb:00001116-a-1	TRIM36	false	candidate	""	TRIM36 B-box-type zinc finger domain domainome 1.0	Stability measurements of the TRIM36 B-box-type zinc finger domain from domainome 1.0.	""	901	""	""	""		unknown	none	scores_not_downloaded_at_this_scope					
urn:mavedb:00001118-a-1	TRIM44	false	candidate	""	TRIM44 B-box-type zinc finger domain domainome 1.0	Stability measurements of the TRIM44 B-box-type zinc finger domain from domainome 1.0.	""	901	""	""	""		unknown	none	scores_not_downloaded_at_this_scope					
urn:mavedb:00001119-a-1	TRIM49C	false	candidate	""	TRIM49C B-box-type zinc finger domain domainome 1.0	Stability measurements of the TRIM49C B-box-type zinc finger domain from domainome 1.0.	""	941	""	""	""		unknown	none	scores_not_downloaded_at_this_scope					
urn:mavedb:00001120-a-1	TRIM6	false	candidate	""	TRIM6 B-box-type zinc finger domain domainome 1.0	Stability measurements of the TRIM6 B-box-type zinc finger domain from domainome 1.0.	""	841	""	""	""		unknown	none	scores_not_downloaded_at_this_scope					
urn:mavedb:00001121-a-1	TRIM71	false	candidate	""	TRIM71 B-box-type zinc finger domain domainome 1.0	Stability measurements of the TRIM71 B-box-type zinc finger domain from domainome 1.0.	""	861	""	""	""		unknown	none	scores_not_downloaded_at_this_scope					
urn:mavedb:00001122-a-1	TRMT13	false	candidate	""	TRMT13 Zinc finger, CCCH-type, TRM13 domain domainome 1.0	Stability measurements of the TRMT13 Zinc finger, CCCH-type, TRM13 domain from domainome 1.0.	""	561	""	""	""		unknown	none	scores_not_downloaded_at_this_scope					
urn:mavedb:00001201-a-1	TSC2	false	candidate	""	TSC2 functional assay using prime editing in HAP1s	A curated loci prime editing (cliPE) approach to generate functional scores on over 200 variants in the TSC2 gene	""	208	""	""	""		unknown	none	scores_not_downloaded_at_this_scope					
urn:mavedb:00001267-a-1	TSC2	false	candidate	""	TSC2 Tuberin Domain Scores	Scores for the TSC2 Tuberin domain VAMP-seq assay.	Flow cytometry assay	3605	""	""	""		unknown	none	scores_not_downloaded_at_this_scope					
urn:mavedb:00001267-a-3	TSC2	false	candidate	""	TSC2 Tuberin Domain Updated Scores	Scores for the TSC2 Tuberin domain VAMP-seq assay analysed with the CountESS pipeline.	Flow cytometry assay	3765	""	""	""		unknown	none	scores_not_downloaded_at_this_scope					
urn:mavedb:00001267-b-1	TSC2	false	candidate	""	TSC2 RapGAP Domain Scores	Scores for the TSC2 RapGAP domain VAMP-seq assay.	Flow cytometry assay	5648	""	""	""		unknown	none	scores_not_downloaded_at_this_scope					
urn:mavedb:00001267-b-3	TSC2	false	candidate	""	TSC2 RapGAP Domain Updated Scores	Scores for the TSC2 RapGAP domain VAMP-seq assay analysed with the CountESS pipeline.	Flow cytometry assay	5731	""	""	""		unknown	none	scores_not_downloaded_at_this_scope					
urn:mavedb:00001123-a-1	TTC3	false	candidate	""	TTC3 Zinc finger, RING-type domain domainome 1.0	Stability measurements of the TTC3 Zinc finger, RING-type domain from domainome 1.0.	""	821	""	""	""		unknown	none	scores_not_downloaded_at_this_scope					
urn:mavedb:00001270-a-1	TYK2	false	candidate	""	TYK2-DMS: IFN-alpha, 1U/mL	TYK2-DMS: IFN-alpha, 1U/mL	Bulk RNA-sequencing	23723	""	""	""		unknown	none	scores_not_downloaded_at_this_scope					
urn:mavedb:00001270-a-10	TYK2	false	candidate	""	TYK2-DMS: IFN-alpha, 100U/mL + NDI-034858, 1 uM	TYK2-DMS: IFN-alpha, 100U/mL + NDI-034858, 1 uM	Bulk RNA-sequencing	23720	""	""	""		unknown	none	scores_not_downloaded_at_this_scope					
urn:mavedb:00001270-a-2	TYK2	false	candidate	""	TYK2-DMS: IFN-alpha, 100U/mL + BMS-986202, 10 uM	TYK2-DMS: IFN-alpha, 100U/mL + BMS-986202, 10 uM	Bulk RNA-sequencing	23723	""	""	""		unknown	none	scores_not_downloaded_at_this_scope					
urn:mavedb:00001270-a-3	TYK2	false	candidate	""	TYK2-DMS: IFN-alpha, 100U/mL + NDI-034858, 7 nM	TYK2-DMS: IFN-alpha, 100U/mL + NDI-034858, 7 nM	Bulk RNA-sequencing	23719	""	""	""		unknown	none	scores_not_downloaded_at_this_scope					
urn:mavedb:00001270-a-4	TYK2	false	candidate	""	TYK2-DMS: IFN-alpha, 10U/mL	TYK2-DMS: IFN-alpha, 10U/mL	Bulk RNA-sequencing	23723	""	""	""		unknown	none	scores_not_downloaded_at_this_scope					
urn:mavedb:00001270-a-5	TYK2	false	candidate	""	TYK2-DMS: IFN-alpha, 100U/mL + BMS-986202, 20 nM	TYK2-DMS: IFN-alpha, 100U/mL + BMS-986202, 20 nM	Bulk RNA-sequencing	23720	""	""	""		unknown	none	scores_not_downloaded_at_this_scope					
urn:mavedb:00001270-a-6	TYK2	false	candidate	""	TYK2-DMS: IFN-alpha, 100U/mL	TYK2-DMS: IFN-alpha, 100U/mL	Bulk RNA-sequencing	23723	""	""	""		unknown	none	scores_not_downloaded_at_this_scope					
urn:mavedb:00001270-a-7	TYK2	false	candidate	""	TYK2-DMS: IFN-alpha, 100U/mL + BMS-986202, 20 nM (duplicate assay)	TYK2-DMS: IFN-alpha, 100U/mL + BMS-986202, 20 nM (duplicate assay)	Bulk RNA-sequencing	23719	""	""	""		unknown	none	scores_not_downloaded_at_this_scope					
urn:mavedb:00001270-a-8	TYK2	false	candidate	""	TYK2-DMS: IFN-alpha, 100U/mL + BMS-986202, 1 uM	TYK2-DMS: IFN-alpha, 100U/mL + BMS-986202, 1 uM	Bulk RNA-sequencing	23720	""	""	""		unknown	none	scores_not_downloaded_at_this_scope					
urn:mavedb:00001270-a-9	TYK2	false	candidate	""	TYK2-DMS: IFN-alpha, 100U/mL (duplicate assay)	TYK2-DMS: IFN-alpha, 100U/mL (duplicate assay)	Bulk RNA-sequencing	23719	""	""	""		unknown	none	scores_not_downloaded_at_this_scope					
urn:mavedb:00001271-a-1	TYK2	false	candidate	""	TYK2-VampDMS	TYK2-VampDMS	Bulk RNA-sequencing	23698	""	""	""		unknown	none	scores_not_downloaded_at_this_scope					
urn:mavedb:00000431-a-1	UBB	false	candidate	""	UBB trypsin digestion	Trypsin digestion of Polyubiquitin-B.	""	2164	""	""	""		unknown	none	scores_not_downloaded_at_this_scope,genomic_mapping_failed					
urn:mavedb:00000431-a-2	UBB	false	candidate	""	UBB chymotrypsin digestion	Chymotrypsin digestion of Polyubiquitin-B.	""	2164	""	""	""		unknown	none	scores_not_downloaded_at_this_scope,genomic_mapping_failed					
urn:mavedb:00000636-a-1	UBB	false	candidate	""	UBB trypsin digestion	Trypsin digestion of Polyubiquitin-B.	""	1544	""	""	""		unknown	none	scores_not_downloaded_at_this_scope,genomic_mapping_incomplete					
urn:mavedb:00000636-a-2	UBB	false	candidate	""	UBB chymotrypsin digestion	Chymotrypsin digestion of Polyubiquitin-B.	""	1544	""	""	""		unknown	none	scores_not_downloaded_at_this_scope,genomic_mapping_incomplete					
urn:mavedb:00000189-a-1	UBC	false	candidate	""	UBC trypsin digestion	Trypsin digestion of Polyubiquitin-C.	""	1555	""	""	""		unknown	none	scores_not_downloaded_at_this_scope,genomic_mapping_failed					
urn:mavedb:00000189-a-2	UBC	false	candidate	""	UBC chymotrypsin digestion	Chymotrypsin digestion of Polyubiquitin-C.	""	1555	""	""	""		unknown	none	scores_not_downloaded_at_this_scope,genomic_mapping_failed					
urn:mavedb:00000190-a-1	UBC	false	candidate	""	UBC (F13S) trypsin digestion	Trypsin digestion of Polyubiquitin-C (F13S).	""	1565	""	""	""		unknown	none	scores_not_downloaded_at_this_scope,genomic_mapping_failed					
urn:mavedb:00000190-a-2	UBC	false	candidate	""	UBC (F13S) chymotrypsin digestion	Chymotrypsin digestion of Polyubiquitin-C (F13S).	""	1565	""	""	""		unknown	none	scores_not_downloaded_at_this_scope,genomic_mapping_failed					
urn:mavedb:00000191-a-1	UBC	false	candidate	""	UBC (L3A) trypsin digestion	Trypsin digestion of Polyubiquitin-C (L3A).	""	1563	""	""	""		unknown	none	scores_not_downloaded_at_this_scope,genomic_mapping_failed					
urn:mavedb:00000191-a-2	UBC	false	candidate	""	UBC (L3A) chymotrypsin digestion	Chymotrypsin digestion of Polyubiquitin-C (L3A).	""	1563	""	""	""		unknown	none	scores_not_downloaded_at_this_scope,genomic_mapping_failed					
urn:mavedb:00000196-a-1	UBC	false	candidate	""	UBC trypsin digestion	Trypsin digestion of Polyubiquitin-C.	""	1434	""	""	""		unknown	none	scores_not_downloaded_at_this_scope,genomic_mapping_failed					
urn:mavedb:00000196-a-2	UBC	false	candidate	""	UBC chymotrypsin digestion	Chymotrypsin digestion of Polyubiquitin-C.	""	1434	""	""	""		unknown	none	scores_not_downloaded_at_this_scope,genomic_mapping_failed					
urn:mavedb:00000197-a-1	UBC	false	candidate	""	UBC (I3A) trypsin digestion	Trypsin digestion of Polyubiquitin-C (I3A).	""	1439	""	""	""		unknown	none	scores_not_downloaded_at_this_scope,genomic_mapping_failed					
urn:mavedb:00000197-a-2	UBC	false	candidate	""	UBC (I3A) chymotrypsin digestion	Chymotrypsin digestion of Polyubiquitin-C (I3A).	""	1439	""	""	""		unknown	none	scores_not_downloaded_at_this_scope,genomic_mapping_failed					
urn:mavedb:00000198-a-1	UBC	false	candidate	""	UBC (L15S) trypsin digestion	Trypsin digestion of Polyubiquitin-C (L15S).	""	1444	""	""	""		unknown	none	scores_not_downloaded_at_this_scope					
urn:mavedb:00000198-a-2	UBC	false	candidate	""	UBC (L15S) chymotrypsin digestion	Chymotrypsin digestion of Polyubiquitin-C (L15S).	""	1444	""	""	""		unknown	none	scores_not_downloaded_at_this_scope					
urn:mavedb:00000199-a-1	UBC	false	candidate	""	UBC (L43A) trypsin digestion	Trypsin digestion of Polyubiquitin-C (L43A).	""	1442	""	""	""		unknown	none	scores_not_downloaded_at_this_scope,genomic_mapping_failed					
urn:mavedb:00000199-a-2	UBC	false	candidate	""	UBC (L43A) chymotrypsin digestion	Chymotrypsin digestion of Polyubiquitin-C (L43A).	""	1442	""	""	""		unknown	none	scores_not_downloaded_at_this_scope,genomic_mapping_failed					
urn:mavedb:00000200-a-1	UBC	false	candidate	""	UBC (L67S) trypsin digestion	Trypsin digestion of Polyubiquitin-C (L67S).	""	1439	""	""	""		unknown	none	scores_not_downloaded_at_this_scope,genomic_mapping_failed					
urn:mavedb:00000200-a-2	UBC	false	candidate	""	UBC (L67S) chymotrypsin digestion	Chymotrypsin digestion of Polyubiquitin-C (L67S).	""	1439	""	""	""		unknown	none	scores_not_downloaded_at_this_scope,genomic_mapping_failed					
urn:mavedb:00000201-a-1	UBC	false	candidate	""	UBC (pross10) trypsin digestion	Trypsin digestion of Polyubiquitin-C (pross10).	""	1291	""	""	""		unknown	none	scores_not_downloaded_at_this_scope,genomic_mapping_failed					
urn:mavedb:00000201-a-2	UBC	false	candidate	""	UBC (pross10) chymotrypsin digestion	Chymotrypsin digestion of Polyubiquitin-C (pross10).	""	1291	""	""	""		unknown	none	scores_not_downloaded_at_this_scope,genomic_mapping_failed					
urn:mavedb:00000202-a-1	UBC	false	candidate	""	UBC (pross7) trypsin digestion	Trypsin digestion of Polyubiquitin-C (pross7).	""	1290	""	""	""		unknown	none	scores_not_downloaded_at_this_scope,genomic_mapping_failed					
urn:mavedb:00000202-a-2	UBC	false	candidate	""	UBC (pross7) chymotrypsin digestion	Chymotrypsin digestion of Polyubiquitin-C (pross7).	""	1290	""	""	""		unknown	none	scores_not_downloaded_at_this_scope,genomic_mapping_failed					
urn:mavedb:00000628-a-1	UBC	false	candidate	""	UBC trypsin digestion	Trypsin digestion of Polyubiquitin-C.	""	1544	""	""	""		unknown	none	scores_not_downloaded_at_this_scope,genomic_mapping_failed					
urn:mavedb:00000628-a-2	UBC	false	candidate	""	UBC chymotrypsin digestion	Chymotrypsin digestion of Polyubiquitin-C.	""	1544	""	""	""		unknown	none	scores_not_downloaded_at_this_scope,genomic_mapping_failed					
urn:mavedb:00000001-a-1	UBE2I	false	candidate	""	UBE2I imputed & refined	A joint Deep Mutational Scan of the human SUMO E2 conjugase UBE2I using functional complementation in yeast, combining DMS-BarSeq and DMS-TileSeq data, followed by machine-learning-based imputation and refinement.	""	3180	""	""	""		unknown	none	scores_not_downloaded_at_this_scope,genomic_mapping_incomplete					
urn:mavedb:00000001-a-2	UBE2I	false	candidate	""	UBE2I DMS-BarSeq	A Deep Mutational Scan of the human SUMO E2 conjugase UBE2I using functional complementation in yeast via DMS-BarSeq	""	3418	""	""	""		unknown	none	scores_not_downloaded_at_this_scope,genomic_mapping_failed					
urn:mavedb:00000001-a-3	UBE2I	false	candidate	""	UBE2I DMS-TileSeq	A Deep Mutational Scan of the human SUMO E2 conjugase UBE2I using functional complementation in yeast via DMS-TileSeq.	""	7390	""	""	""		unknown	none	scores_not_downloaded_at_this_scope,genomic_mapping_incomplete					
urn:mavedb:00000001-a-4	UBE2I	false	candidate	""	UBE2I joint data	A joint Deep Mutational Scan dataset of the human SUMO E2 conjugase UBE2I using functional complementation in yeast, combining DMS-BarSeq and DMS-TileSeq	""	10438	""	""	""		unknown	none	scores_not_downloaded_at_this_scope,genomic_mapping_failed					
urn:mavedb:00001124-a-1	UBE2K	false	candidate	""	UBE2K Ubiquitin-associated domain domainome 1.0	Stability measurements of the UBE2K Ubiquitin-associated domain from domainome 1.0.	""	861	""	""	""		unknown	none	scores_not_downloaded_at_this_scope					
urn:mavedb:00001125-a-1	UBE3A	false	candidate	""	UBE3A Ubiquitin-protein ligase E3A, N-terminal zinc-binding domain domainome 1.0	Stability measurements of the UBE3A Ubiquitin-protein ligase E3A, N-terminal zinc-binding domain from domainome 1.0.	""	1141	""	""	""		unknown	none	scores_not_downloaded_at_this_scope					
urn:mavedb:00000394-a-1	UBE4B	false	candidate	""	UBE4B trypsin digestion	Trypsin digestion of Ubiquitin conjugation factor E4 B.	""	5022	""	""	""		unknown	none	scores_not_downloaded_at_this_scope,genomic_mapping_incomplete					
urn:mavedb:00000394-a-2	UBE4B	false	candidate	""	UBE4B chymotrypsin digestion	Chymotrypsin digestion of Ubiquitin conjugation factor E4 B.	""	5022	""	""	""		unknown	none	scores_not_downloaded_at_this_scope,genomic_mapping_incomplete					
urn:mavedb:00001126-a-1	UBE4B	false	candidate	""	UBE4B U box domain domainome 1.0	Stability measurements of the UBE4B U box domain from domainome 1.0.	""	1421	""	""	""		unknown	none	scores_not_downloaded_at_this_scope					
urn:mavedb:00001127-a-1	UBQLN3	false	candidate	""	UBQLN3 Ubiquitin-associated domain domainome 1.0	Stability measurements of the UBQLN3 Ubiquitin-associated domain from domainome 1.0.	""	861	""	""	""		unknown	none	scores_not_downloaded_at_this_scope					
urn:mavedb:00000152-a-1	UBR5	false	candidate	""	UBR5 trypsin digestion	Trypsin digestion of E3 ubiquitin-protein ligase UBR5 .	""	1628	""	""	""		unknown	none	scores_not_downloaded_at_this_scope,genomic_mapping_incomplete					
urn:mavedb:00000152-a-2	UBR5	false	candidate	""	UBR5 chymotrypsin digestion	Chymotrypsin digestion of E3 ubiquitin-protein ligase UBR5 .	""	1628	""	""	""		unknown	none	scores_not_downloaded_at_this_scope,genomic_mapping_incomplete					
urn:mavedb:00000629-a-1	UBTF	false	candidate	""	UBTF trypsin digestion	Trypsin digestion of Nucleolar transcription factor 1.	""	1082	""	""	""		unknown	none	scores_not_downloaded_at_this_scope,genomic_mapping_incomplete					
urn:mavedb:00000629-a-2	UBTF	false	candidate	""	UBTF chymotrypsin digestion	Chymotrypsin digestion of Nucleolar transcription factor 1.	""	1082	""	""	""		unknown	none	scores_not_downloaded_at_this_scope,genomic_mapping_incomplete					
urn:mavedb:00001128-a-1	UBTF	false	candidate	""	UBTF High mobility group box domain domainome 1.0	Stability measurements of the UBTF High mobility group box domain from domainome 1.0.	""	1241	""	""	""		unknown	none	scores_not_downloaded_at_this_scope					
urn:mavedb:00001129-a-1	UBXN2B	false	candidate	""	UBXN2B UBX domain domainome 1.0	Stability measurements of the UBXN2B UBX domain from domainome 1.0.	""	1481	""	""	""		unknown	none	scores_not_downloaded_at_this_scope					
urn:mavedb:00001130-a-1	UFM1	false	candidate	""	UFM1 Ubiquitin-fold modifier 1 domainome 1.0	Stability measurements of the UFM1 Ubiquitin-fold modifier 1 from domainome 1.0.	""	1481	""	""	""		unknown	none	scores_not_downloaded_at_this_scope					
urn:mavedb:00001131-a-1	USH1C	false	candidate	""	USH1C PDZ domain domainome 1.0	Stability measurements of the USH1C PDZ domain from domainome 1.0.	""	1781	""	""	""		unknown	none	scores_not_downloaded_at_this_scope					
urn:mavedb:00001132-a-1	VAV1	false	candidate	""	VAV1 SH3 domain domainome 1.0	Stability measurements of the VAV1 SH3 domain from domainome 1.0.	""	1341	""	""	""		unknown	none	scores_not_downloaded_at_this_scope					
urn:mavedb:00001133-a-1	VAV1	false	candidate	""	VAV1 SH3 domain domainome 1.0	Stability measurements of the VAV1 SH3 domain from domainome 1.0.	""	1221	""	""	""		unknown	none	scores_not_downloaded_at_this_scope					
urn:mavedb:00001134-a-1	VAX1	false	candidate	""	VAX1 Homeobox domain domainome 1.0	Stability measurements of the VAX1 Homeobox domain from domainome 1.0.	""	1121	""	""	""		unknown	none	scores_not_downloaded_at_this_scope					
urn:mavedb:00001135-a-1	VCP	false	candidate	""	VCP CDC48, N-terminal subdomain domainome 1.0	Stability measurements of the VCP CDC48, N-terminal subdomain from domainome 1.0.	""	1621	""	""	""		unknown	none	scores_not_downloaded_at_this_scope,genomic_mapping_incomplete					
urn:mavedb:00001137-a-1	VIL1	false	candidate	""	VIL1 Villin headpiece domain domainome 1.0	Stability measurements of the VIL1 Villin headpiece domain from domainome 1.0.	""	701	""	""	""		unknown	none	scores_not_downloaded_at_this_scope					
urn:mavedb:00001139-a-1	WBP4	false	candidate	""	WBP4 U1-C, C2H2-type zinc finger domain domainome 1.0	Stability measurements of the WBP4 U1-C, C2H2-type zinc finger domain from domainome 1.0.	""	721	""	""	""		unknown	none	scores_not_downloaded_at_this_scope					
urn:mavedb:00001140-a-1	WNK1	false	candidate	""	WNK1 Serine/threonine-protein kinase OSR1/WNK, CCT domain domainome 1.0	Stability measurements of the WNK1 Serine/threonine-protein kinase OSR1/WNK, CCT domain from domainome 1.0.	""	1761	""	""	""		unknown	none	scores_not_downloaded_at_this_scope					
urn:mavedb:00001141-a-1	WSB2	false	candidate	""	WSB2 SOCS box domain domainome 1.0	Stability measurements of the WSB2 SOCS box domain from domainome 1.0.	""	661	""	""	""		unknown	none	scores_not_downloaded_at_this_scope					
urn:mavedb:00000367-a-1	WWP1	false	candidate	""	WWP1 trypsin digestion	Trypsin digestion of NEDD4-like E3 ubiquitin-protein ligase WWP1.	""	1414	""	""	""		unknown	none	scores_not_downloaded_at_this_scope					
urn:mavedb:00000367-a-2	WWP1	false	candidate	""	WWP1 chymotrypsin digestion	Chymotrypsin digestion of NEDD4-like E3 ubiquitin-protein ligase WWP1.	""	1414	""	""	""		unknown	none	scores_not_downloaded_at_this_scope					
urn:mavedb:00001142-a-1	WWP1	false	candidate	""	WWP1 WW domain domainome 1.0	Stability measurements of the WWP1 WW domain from domainome 1.0.	""	961	""	""	""		unknown	none	scores_not_downloaded_at_this_scope					
urn:mavedb:00001143-a-1	WWP2	false	candidate	""	WWP2 WW domain domainome 1.0	Stability measurements of the WWP2 WW domain from domainome 1.0.	""	1081	""	""	""		unknown	none	scores_not_downloaded_at_this_scope					
urn:mavedb:00001144-a-1	WWTR1	false	candidate	""	WWTR1 WW domain domainome 1.0	Stability measurements of the WWTR1 WW domain from domainome 1.0.	""	941	""	""	""		unknown	none	scores_not_downloaded_at_this_scope					
urn:mavedb:00001145-a-1	XRCC6	false	candidate	""	XRCC6 SAP domain domainome 1.0	Stability measurements of the XRCC6 SAP domain from domainome 1.0.	""	1041	""	""	""		unknown	none	scores_not_downloaded_at_this_scope					
urn:mavedb:00000002-a-1	YAP1	false	candidate	""	Enrich2 nucleotide variant scores for YAP65 WW domain	Nucleotide variant scores for deep mutational scan of the hYAP65 WW domain using phage display calculated by Enrich2.	""	48183	""	""	""		unknown	none	scores_not_downloaded_at_this_scope,genomic_mapping_failed					
urn:mavedb:00000002-a-2	YAP1	false	candidate	""	Enrich2 amino acid variant scores for YAP65 WW domain	Amino acid variant scores for deep mutational scan of the hYAP65 WW domain using phage display calculated by Enrich2.	""	30487	""	""	""		unknown	none	scores_not_downloaded_at_this_scope,genomic_mapping_incomplete					
urn:mavedb:00001146-a-1	YAP1	false	candidate	""	YAP1 WW domain domainome 1.0	Stability measurements of the YAP1 WW domain from domainome 1.0.	""	941	""	""	""		unknown	none	scores_not_downloaded_at_this_scope					
urn:mavedb:00001147-a-1	YAP1	false	candidate	""	YAP1 WW domain domainome 1.0	Stability measurements of the YAP1 WW domain from domainome 1.0.	""	921	""	""	""		unknown	none	scores_not_downloaded_at_this_scope					
urn:mavedb:00001148-a-1	YAP1	false	candidate	""	YAP1 WW domain domainome 1.0	Stability measurements of the YAP1 WW domain from domainome 1.0.	""	1001	""	""	""		unknown	none	scores_not_downloaded_at_this_scope					
urn:mavedb:00001149-a-1	YBX1	false	candidate	""	YBX1 Cold-shock protein, DNA-binding domain domainome 1.0	Stability measurements of the YBX1 Cold-shock protein, DNA-binding domain from domainome 1.0.	""	1821	""	""	""		unknown	none	scores_not_downloaded_at_this_scope					
urn:mavedb:00001150-a-1	YBX2	false	candidate	""	YBX2 Cold-shock protein, DNA-binding domain domainome 1.0	Stability measurements of the YBX2 Cold-shock protein, DNA-binding domain from domainome 1.0.	""	1841	""	""	""		unknown	none	scores_not_downloaded_at_this_scope					
urn:mavedb:00001151-a-1	YBX3	false	candidate	""	YBX3 Cold-shock protein, DNA-binding domain domainome 1.0	Stability measurements of the YBX3 Cold-shock protein, DNA-binding domain from domainome 1.0.	""	1721	""	""	""		unknown	none	scores_not_downloaded_at_this_scope					
urn:mavedb:00001152-a-1	YY1	false	candidate	""	YY1 Zinc finger C2H2-type domain domainome 1.0	Stability measurements of the YY1 Zinc finger C2H2-type domain from domainome 1.0.	""	481	""	""	""		unknown	none	scores_not_downloaded_at_this_scope					
urn:mavedb:00001153-a-1	ZBTB20	false	candidate	""	ZBTB20 Zinc finger C2H2-type domain domainome 1.0	Stability measurements of the ZBTB20 Zinc finger C2H2-type domain from domainome 1.0.	""	441	""	""	""		unknown	none	scores_not_downloaded_at_this_scope					
urn:mavedb:00001154-a-1	ZBTB20	false	candidate	""	ZBTB20 Zinc finger C2H2-type domain domainome 1.0	Stability measurements of the ZBTB20 Zinc finger C2H2-type domain from domainome 1.0.	""	441	""	""	""		unknown	none	scores_not_downloaded_at_this_scope					
urn:mavedb:00001155-a-1	ZBTB20	false	candidate	""	ZBTB20 Zinc finger C2H2-type domain domainome 1.0	Stability measurements of the ZBTB20 Zinc finger C2H2-type domain from domainome 1.0.	""	441	""	""	""		unknown	none	scores_not_downloaded_at_this_scope					
urn:mavedb:00001156-a-1	ZBTB24	false	candidate	""	ZBTB24 Zinc finger C2H2-type domain domainome 1.0	Stability measurements of the ZBTB24 Zinc finger C2H2-type domain from domainome 1.0.	""	441	""	""	""		unknown	none	scores_not_downloaded_at_this_scope					
urn:mavedb:00001157-a-1	ZBTB24	false	candidate	""	ZBTB24 Zinc finger C2H2-type domain domainome 1.0	Stability measurements of the ZBTB24 Zinc finger C2H2-type domain from domainome 1.0.	""	441	""	""	""		unknown	none	scores_not_downloaded_at_this_scope					
urn:mavedb:00001158-a-1	ZC3H10	false	candidate	""	ZC3H10 Zinc finger, CCCH-type domain domainome 1.0	Stability measurements of the ZC3H10 Zinc finger, CCCH-type domain from domainome 1.0.	""	441	""	""	""		unknown	none	scores_not_downloaded_at_this_scope					
urn:mavedb:00001159-a-1	ZC3H15	false	candidate	""	ZC3H15 E3 ligase, CCCH-type zinc finger domain domainome 1.0	Stability measurements of the ZC3H15 E3 ligase, CCCH-type zinc finger domain from domainome 1.0.	""	421	""	""	""		unknown	none	scores_not_downloaded_at_this_scope					
urn:mavedb:00001160-a-1	ZC3H7A	false	candidate	""	ZC3H7A Zinc finger, CCCH-type domain domainome 1.0	Stability measurements of the ZC3H7A Zinc finger, CCCH-type domain from domainome 1.0.	""	421	""	""	""		unknown	none	scores_not_downloaded_at_this_scope					
urn:mavedb:00001161-a-1	ZEB1	false	candidate	""	ZEB1 Zinc finger C2H2-type domain domainome 1.0	Stability measurements of the ZEB1 Zinc finger C2H2-type domain from domainome 1.0.	""	441	""	""	""		unknown	none	scores_not_downloaded_at_this_scope					
urn:mavedb:00001162-a-1	ZFC3H1	false	candidate	""	ZFC3H1 Putative zinc-finger domain domainome 1.0	Stability measurements of the ZFC3H1 Putative zinc-finger domain from domainome 1.0.	""	381	""	""	""		unknown	none	scores_not_downloaded_at_this_scope					
urn:mavedb:00001163-a-1	ZFHX2	false	candidate	""	ZFHX2 Homeobox domain domainome 1.0	Stability measurements of the ZFHX2 Homeobox domain from domainome 1.0.	""	1121	""	""	""		unknown	none	scores_not_downloaded_at_this_scope					
urn:mavedb:00001164-a-1	ZFHX3	false	candidate	""	ZFHX3 Homeobox domain domainome 1.0	Stability measurements of the ZFHX3 Homeobox domain from domainome 1.0.	""	1121	""	""	""		unknown	none	scores_not_downloaded_at_this_scope					
urn:mavedb:00001165-a-1	ZFHX3	false	candidate	""	ZFHX3 Homeobox domain domainome 1.0	Stability measurements of the ZFHX3 Homeobox domain from domainome 1.0.	""	1121	""	""	""		unknown	none	scores_not_downloaded_at_this_scope					
urn:mavedb:00001166-a-1	ZFHX3	false	candidate	""	ZFHX3 Homeobox domain domainome 1.0	Stability measurements of the ZFHX3 Homeobox domain from domainome 1.0.	""	1121	""	""	""		unknown	none	scores_not_downloaded_at_this_scope					
urn:mavedb:00001167-a-1	ZFHX4	false	candidate	""	ZFHX4 Homeobox domain domainome 1.0	Stability measurements of the ZFHX4 Homeobox domain from domainome 1.0.	""	1121	""	""	""		unknown	none	scores_not_downloaded_at_this_scope					
urn:mavedb:00001168-a-1	ZFHX4	false	candidate	""	ZFHX4 Homeobox domain domainome 1.0	Stability measurements of the ZFHX4 Homeobox domain from domainome 1.0.	""	1121	""	""	""		unknown	none	scores_not_downloaded_at_this_scope					
urn:mavedb:00001169-a-1	ZFHX4	false	candidate	""	ZFHX4 Homeobox domain domainome 1.0	Stability measurements of the ZFHX4 Homeobox domain from domainome 1.0.	""	1121	""	""	""		unknown	none	scores_not_downloaded_at_this_scope					
urn:mavedb:00001170-a-1	ZFP30	false	candidate	""	ZFP30 Zinc finger C2H2-type domain domainome 1.0	Stability measurements of the ZFP30 Zinc finger C2H2-type domain from domainome 1.0.	""	441	""	""	""		unknown	none	scores_not_downloaded_at_this_scope,genomic_mapping_failed					
urn:mavedb:00001172-a-1	ZFP36	false	candidate	""	ZFP36 Zinc finger, CCCH-type domain domainome 1.0	Stability measurements of the ZFP36 Zinc finger, CCCH-type domain from domainome 1.0.	""	501	""	""	""		unknown	none	scores_not_downloaded_at_this_scope					
urn:mavedb:00001171-a-1	ZFP36L2	false	candidate	""	ZFP36L2 Zinc finger, CCCH-type domain domainome 1.0	Stability measurements of the ZFP36L2 Zinc finger, CCCH-type domain from domainome 1.0.	""	481	""	""	""		unknown	none	scores_not_downloaded_at_this_scope					
urn:mavedb:00001173-a-1	ZFP57	false	candidate	""	ZFP57 Zinc finger C2H2-type domain domainome 1.0	Stability measurements of the ZFP57 Zinc finger C2H2-type domain from domainome 1.0.	""	441	""	""	""		unknown	none	scores_not_downloaded_at_this_scope					
urn:mavedb:00001174-a-1	ZFYVE16	false	candidate	""	ZFYVE16 FYVE zinc finger domain domainome 1.0	Stability measurements of the ZFYVE16 FYVE zinc finger domain from domainome 1.0.	""	1241	""	""	""		unknown	none	scores_not_downloaded_at_this_scope					
urn:mavedb:00001175-a-1	ZHX1	false	candidate	""	ZHX1 ZHX, C2H2 finger domain domainome 1.0	Stability measurements of the ZHX1 ZHX, C2H2 finger domain from domainome 1.0.	""	1001	""	""	""		unknown	none	scores_not_downloaded_at_this_scope					
urn:mavedb:00001176-a-1	ZIC2	false	candidate	""	ZIC2 ZIC protein, zinc finger domain domainome 1.0	Stability measurements of the ZIC2 ZIC protein, zinc finger domain from domainome 1.0.	""	921	""	""	""		unknown	none	scores_not_downloaded_at_this_scope					
urn:mavedb:00001177-a-1	ZIC3	false	candidate	""	ZIC3 Zinc finger C2H2-type domain domainome 1.0	Stability measurements of the ZIC3 Zinc finger C2H2-type domain from domainome 1.0.	""	441	""	""	""		unknown	none	scores_not_downloaded_at_this_scope					
urn:mavedb:00001178-a-1	ZMAT3	false	candidate	""	ZMAT3 Zinc finger, double-stranded RNA binding domain domainome 1.0	Stability measurements of the ZMAT3 Zinc finger, double-stranded RNA binding domain from domainome 1.0.	""	521	""	""	""		unknown	none	scores_not_downloaded_at_this_scope					
urn:mavedb:00001179-a-1	ZMYM2	false	candidate	""	ZMYM2 Zinc finger, MYM-type domain domainome 1.0	Stability measurements of the ZMYM2 Zinc finger, MYM-type domain from domainome 1.0.	""	881	""	""	""		unknown	none	scores_not_downloaded_at_this_scope					
urn:mavedb:00001180-a-1	ZMYM3	false	candidate	""	ZMYM3 Zinc finger, MYM-type domain domainome 1.0	Stability measurements of the ZMYM3 Zinc finger, MYM-type domain from domainome 1.0.	""	781	""	""	""		unknown	none	scores_not_downloaded_at_this_scope					
urn:mavedb:00001181-a-1	ZMYM3	false	candidate	""	ZMYM3 Zinc finger, MYM-type domain domainome 1.0	Stability measurements of the ZMYM3 Zinc finger, MYM-type domain from domainome 1.0.	""	801	""	""	""		unknown	none	scores_not_downloaded_at_this_scope					
urn:mavedb:00001182-a-1	ZMYM3	false	candidate	""	ZMYM3 Zinc finger, MYM-type domain domainome 1.0	Stability measurements of the ZMYM3 Zinc finger, MYM-type domain from domainome 1.0.	""	901	""	""	""		unknown	none	scores_not_downloaded_at_this_scope					
urn:mavedb:00001183-a-1	ZMYM3	false	candidate	""	ZMYM3 Zinc finger, MYM-type domain domainome 1.0	Stability measurements of the ZMYM3 Zinc finger, MYM-type domain from domainome 1.0.	""	801	""	""	""		unknown	none	scores_not_downloaded_at_this_scope					
urn:mavedb:00001184-a-1	ZMYM5	false	candidate	""	ZMYM5 Zinc finger, MYM-type domain domainome 1.0	Stability measurements of the ZMYM5 Zinc finger, MYM-type domain from domainome 1.0.	""	801	""	""	""		unknown	none	scores_not_downloaded_at_this_scope					
urn:mavedb:00001185-a-1	ZMYM6	false	candidate	""	ZMYM6 Zinc finger, MYM-type domain domainome 1.0	Stability measurements of the ZMYM6 Zinc finger, MYM-type domain from domainome 1.0.	""	801	""	""	""		unknown	none	scores_not_downloaded_at_this_scope					
urn:mavedb:00001186-a-1	ZMYM6	false	candidate	""	ZMYM6 Zinc finger, MYM-type domain domainome 1.0	Stability measurements of the ZMYM6 Zinc finger, MYM-type domain from domainome 1.0.	""	721	""	""	""		unknown	none	scores_not_downloaded_at_this_scope					
urn:mavedb:00001187-a-1	ZNF148	false	candidate	""	ZNF148 Zinc finger C2H2-type domain domainome 1.0	Stability measurements of the ZNF148 Zinc finger C2H2-type domain from domainome 1.0.	""	441	""	""	""		unknown	none	scores_not_downloaded_at_this_scope					
urn:mavedb:00001188-a-1	ZNF292	false	candidate	""	ZNF292 Zinc finger C2H2-type domain domainome 1.0	Stability measurements of the ZNF292 Zinc finger C2H2-type domain from domainome 1.0.	""	481	""	""	""		unknown	none	scores_not_downloaded_at_this_scope					
urn:mavedb:00001189-a-1	ZNF408	false	candidate	""	ZNF408 Zinc finger C2H2-type domain domainome 1.0	Stability measurements of the ZNF408 Zinc finger C2H2-type domain from domainome 1.0.	""	421	""	""	""		unknown	none	scores_not_downloaded_at_this_scope					
urn:mavedb:00001190-a-1	ZNF711	false	candidate	""	ZNF711 Zinc finger C2H2-type domain domainome 1.0	Stability measurements of the ZNF711 Zinc finger C2H2-type domain from domainome 1.0.	""	441	""	""	""		unknown	none	scores_not_downloaded_at_this_scope					
urn:mavedb:00001191-a-1	ZNF81	false	candidate	""	ZNF81 Zinc finger C2H2-type domain domainome 1.0	Stability measurements of the ZNF81 Zinc finger C2H2-type domain from domainome 1.0.	""	441	""	""	""		unknown	none	scores_not_downloaded_at_this_scope					
urn:mavedb:00001192-a-1	ZNF81	false	candidate	""	ZNF81 Zinc finger C2H2-type domain domainome 1.0	Stability measurements of the ZNF81 Zinc finger C2H2-type domain from domainome 1.0.	""	441	""	""	""		unknown	none	scores_not_downloaded_at_this_scope					
urn:mavedb:00001193-a-1	ZRANB2	false	candidate	""	ZRANB2 Zinc finger, RanBP2-type domain domainome 1.0	Stability measurements of the ZRANB2 Zinc finger, RanBP2-type domain from domainome 1.0.	""	501	""	""	""		unknown	none	scores_not_downloaded_at_this_scope					
urn:mavedb:00001194-a-1	ZRANB2	false	candidate	""	ZRANB2 Zinc finger, RanBP2-type domain domainome 1.0	Stability measurements of the ZRANB2 Zinc finger, RanBP2-type domain from domainome 1.0.	""	541	""	""	""		unknown	none	scores_not_downloaded_at_this_scope					
urn:mavedb:00001195-a-1	ZYX	false	candidate	""	ZYX Zinc finger, LIM-type domain domainome 1.0	Stability measurements of the ZYX Zinc finger, LIM-type domain from domainome 1.0.	""	1341	""	""	""		unknown	none	scores_not_downloaded_at_this_scope					
urn:mavedb:00001196-a-1	ZZZ3	false	candidate	""	ZZZ3 SANT/Myb domain domainome 1.0	Stability measurements of the ZZZ3 SANT/Myb domain from domainome 1.0.	""	1281	""	""	""		unknown	none	scores_not_downloaded_at_this_scope					
urn:mavedb:00000639-0-1	ABLIM2	false	excluded	meta_analysis (derived from other score sets, not a direct measurement)	ABLIM2 (R14S;R16S) combined scores	Model combined scores for Actin-binding LIM protein 2 (R14S;R16S).	""	1457	""	""	""		n/a	n/a	""					
urn:mavedb:00001257-0-1	ADSL	false	excluded	meta_analysis (derived from other score sets, not a direct measurement)	ADSL Estimated Enzyme Activities	ADSL enzyme activities were inferred from the nonlinear relationship between low- and high-expression fitness scores using the Kacser–Burns model.	""	8901	""	""	""		n/a	n/a	""					
urn:mavedb:00000006-a-1	ALDOB	false	excluded	noncoding_target (regulatory; Step 32 - separate benchmark)	Trivariate regression scores for ALDOB	Trivariate regression scores for each nucleotide change as described in Patwardhan et al. 2012.	""	777	""	""	""		n/a	n/a	""					
urn:mavedb:00000324-0-1	ALX4	false	excluded	meta_analysis (derived from other score sets, not a direct measurement)	ALX4 combined scores	Model combined scores for Homeobox protein aristaless-like 4.	""	1726	""	""	""		n/a	n/a	""					
urn:mavedb:00000312-0-1	AMFR	false	excluded	meta_analysis (derived from other score sets, not a direct measurement)	AMFR combined scores	Model combined scores for E3 ubiquitin-protein ligase AMFR.	""	3088	""	""	""		n/a	n/a	""					
urn:mavedb:00000403-0-1	AMFR	false	excluded	meta_analysis (derived from other score sets, not a direct measurement)	AMFR combined scores	Model combined scores for E3 ubiquitin-protein ligase AMFR.	""	4568	""	""	""		n/a	n/a	""					
urn:mavedb:00000385-0-1	APBB3	false	excluded	meta_analysis (derived from other score sets, not a direct measurement)	APBB3 combined scores	Model combined scores for Amyloid-beta A4 precursor protein-binding family B member 3.	""	590	""	""	""		n/a	n/a	""					
urn:mavedb:00000360-0-1	ATP7B	false	excluded	meta_analysis (derived from other score sets, not a direct measurement)	ATP7B combined scores	Model combined scores for Copper-transporting ATPase 2.	""	1444	""	""	""		n/a	n/a	""					
urn:mavedb:00000014-a-1	BCL11A	false	excluded	noncoding_target (regulatory; Step 32 - separate benchmark)	Saturation mutagenesis MPRA of BCL11A enhancer	Saturation mutagenesis MPRA of BCL11A enhancer in HEL 92.1.7 cells.	""	2062	""	""	""		n/a	n/a	""					
urn:mavedb:00000183-0-1	BTK	false	excluded	meta_analysis (derived from other score sets, not a direct measurement)	BTK combined scores	Model combined scores for Tyrosine-protein kinase BTK.	""	2005	""	""	""		n/a	n/a	""					
urn:mavedb:00000259-0-1	CBX4	false	excluded	meta_analysis (derived from other score sets, not a direct measurement)	CBX4 chromo domain combined scores	Model combined scores for Chromobox protein homolog 4 chromo domain.	""	2799	""	""	""		n/a	n/a	""					
urn:mavedb:00000258-0-1	CBX7	false	excluded	meta_analysis (derived from other score sets, not a direct measurement)	CBX7 chromo domain combined scores	Model combined scores for Chromobox protein homolog 7 chromo domain.	""	2162	""	""	""		n/a	n/a	""					
urn:mavedb:00000247-0-1	CD2AP	false	excluded	meta_analysis (derived from other score sets, not a direct measurement)	CD2AP (pross9) combined scores	Model combined scores for CD2-associated protein (pross9).	""	1023	""	""	""		n/a	n/a	""					
urn:mavedb:00000164-0-1	CPA2	false	excluded	meta_analysis (derived from other score sets, not a direct measurement)	CPA2 activation domain combined scores	Model combined scores for Carboxypeptidase A2 activation domain.	""	2163	""	""	""		n/a	n/a	""					
urn:mavedb:00000304-0-1	DNAJA1	false	excluded	meta_analysis (derived from other score sets, not a direct measurement)	DNAJA1 combined scores	Model combined scores for DnaJ homolog subfamily A member 1.	""	2517	""	""	""		n/a	n/a	""					
urn:mavedb:00000440-0-1	DNAJA3	false	excluded	meta_analysis (derived from other score sets, not a direct measurement)	DNAJA3 combined scores	Model combined scores for DnaJ homolog subfamily A member 3, mitochondrial.	""	3126	""	""	""		n/a	n/a	""					
urn:mavedb:00000300-0-1	DNAJB2	false	excluded	meta_analysis (derived from other score sets, not a direct measurement)	DNAJB2 combined scores	Model combined scores for DnaJ homolog subfamily B member 2.	""	4567	""	""	""		n/a	n/a	""					
urn:mavedb:00000430-0-1	DUX4	false	excluded	meta_analysis (derived from other score sets, not a direct measurement)	DUX4 combined scores	Model combined scores for Double homeobox protein 4.	""	1250	""	""	""		n/a	n/a	""					
urn:mavedb:00001204-a-1	EGFR	false	excluded	fewer_than_20_variants	EGFR gefitinib PC9 cells	We have supplied variant scores in the presence of drugs for non-synonymous variants that have been installed with base editors (CBE or ABE) and genotyped with amplicon sequencing (“verified BE dataset”). Only gRNAs that have installed a single amino acid variant are shown. We also supply a larger d	""	4	""	""	""		n/a	n/a	""					
urn:mavedb:00000140-0-1	EPHB2	false	excluded	meta_analysis (derived from other score sets, not a direct measurement)	EPHB2 SAM domain combined scores	Model combined scores for Ephrin type-B receptor 2 SAM domain.	""	2176	""	""	""		n/a	n/a	""					
urn:mavedb:00000015-a-1	F9	false	excluded	noncoding_target (regulatory; Step 32 - separate benchmark)	Saturation mutagenesis MPRA of F9 promoter	Saturation mutagenesis MPRA of F9 promoter in HepG2 cells.	""	984	""	""	""		n/a	n/a	""					
urn:mavedb:00001200-0-1	F9	false	excluded	meta_analysis (derived from other score sets, not a direct measurement)	F9 predictor scores	Predictor trained on MultiSTEP assays for coagulation factor IX (F9)	""	9007	higher_is_more_damaging	""	""		n/a	n/a	""					
urn:mavedb:00000271-0-1	FKBP3	false	excluded	meta_analysis (derived from other score sets, not a direct measurement)	FKBP3 combined scores	Model combined scores for Peptidyl-prolyl cis-trans isomerase FKBP3.	""	1520	""	""	""		n/a	n/a	""					
urn:mavedb:00000016-a-1	FOXE1	false	excluded	noncoding_target (regulatory; Step 32 - separate benchmark)	Saturation mutagenesis MPRA of FOXE1 promoter	Saturation mutagenesis MPRA of FOXE1 promoter in HeLa cells.	""	2048	""	""	""		n/a	n/a	""					
urn:mavedb:00000116-0-1	FYN	false	excluded	meta_analysis (derived from other score sets, not a direct measurement)	FYN SH3 domain combined scores	Model combined scores for Tyrosine-protein kinase Fyn SH3 domain.	""	1629	""	""	""		n/a	n/a	""					
urn:mavedb:00000117-0-1	FYN	false	excluded	meta_analysis (derived from other score sets, not a direct measurement)	FYN SH3 domain (E24S) combined scores	Model combined scores for Tyrosine-protein kinase Fyn SH3 domain (E24S).	""	1276	""	""	""		n/a	n/a	""					
urn:mavedb:00000118-0-1	FYN	false	excluded	meta_analysis (derived from other score sets, not a direct measurement)	FYN SH3 domain (F20A) combined scores	Model combined scores for Tyrosine-protein kinase Fyn SH3 domain (F20A).	""	1278	""	""	""		n/a	n/a	""					
urn:mavedb:00000119-0-1	FYN	false	excluded	meta_analysis (derived from other score sets, not a direct measurement)	FYN SH3 domain (L7S) combined scores	Model combined scores for Tyrosine-protein kinase Fyn SH3 domain (L7S).	""	1276	""	""	""		n/a	n/a	""					
urn:mavedb:00000120-0-1	FYN	false	excluded	meta_analysis (derived from other score sets, not a direct measurement)	FYN SH3 domain (V55A) combined scores	Model combined scores for Tyrosine-protein kinase Fyn SH3 domain (V55A).	""	1276	""	""	""		n/a	n/a	""					
urn:mavedb:00000439-0-1	FYN	false	excluded	meta_analysis (derived from other score sets, not a direct measurement)	FYN SH3 domain combined scores	Model combined scores for Tyrosine-protein kinase Fyn SH3 domain.	""	1659	""	""	""		n/a	n/a	""					
urn:mavedb:00001266-0-1	G6PD	false	excluded	meta_analysis (derived from other score sets, not a direct measurement)	G6PD Combined Functional Scores	G6PD functional scores combining growth and abundance assays.	""	9504	lower_is_more_damaging	""	""		n/a	n/a	""					
urn:mavedb:00000387-0-1	GAS7	false	excluded	meta_analysis (derived from other score sets, not a direct measurement)	GAS7 combined scores	Model combined scores for Growth arrest-specific protein 7.	""	1192	""	""	""		n/a	n/a	""					
urn:mavedb:00000017-a-1	GP1BB	false	excluded	noncoding_target (regulatory; Step 32 - separate benchmark)	Saturation mutagenesis MPRA of GP1BB promoter	Saturation mutagenesis MPRA of GP1BB promoter in HEL 92.1.7 cells.	""	1268	""	""	""		n/a	n/a	""					
urn:mavedb:00000837-a-1	GRLF1	false	excluded	gene_not_in_mane_select (GRLF1)	GRLF1 FF domain domainome 1.0	Stability measurements of the GRLF1 FF domain from domainome 1.0.	""	1261	""	""	""		n/a	n/a	""					
urn:mavedb:00000438-0-1	H1-0	false	excluded	meta_analysis (derived from other score sets, not a direct measurement)	H1-0 combined scores	Model combined scores for Histone H1.0.	""	2263	""	""	""		n/a	n/a	""					
urn:mavedb:00000018-a-1	HBB	false	excluded	noncoding_target (regulatory; Step 32 - separate benchmark)	Saturation mutagenesis MPRA of HBB promoter	Saturation mutagenesis MPRA of HBB promoter in HEL 92.1.7 cells.	""	623	""	""	""		n/a	n/a	""					
urn:mavedb:00000019-a-1	HBG1	false	excluded	noncoding_target (regulatory; Step 32 - separate benchmark)	Saturation mutagenesis MPRA of HBG1 promoter	Saturation mutagenesis MPRA of HBG1 promoter in HEL 92.1.7 cells.	""	907	""	""	""		n/a	n/a	""					
urn:mavedb:00000404-0-1	HCK	false	excluded	meta_analysis (derived from other score sets, not a direct measurement)	HCK combined scores	Model combined scores for Tyrosine-protein kinase HCK.	""	2384	""	""	""		n/a	n/a	""					
urn:mavedb:00000392-0-1	HECTD1	false	excluded	meta_analysis (derived from other score sets, not a direct measurement)	HECTD1 combined scores	Model combined scores for E3 ubiquitin-protein ligase HECTD1.	""	8139	""	""	""		n/a	n/a	""					
urn:mavedb:00000108-0-1	HMBS	false	excluded	meta_analysis (derived from other score sets, not a direct measurement)	Missense variant effect map for human HMBS	Missense variant effect map for human HMBS isoform via functional complementation in yeast. From both erythoid-specific and ubiquitous HMBS maps,  a simple weighted average was calculated for each variant using the equation (FS1/σ21+FS2/σ22)/(1/σ21+1/σ22). A single combined estimate of measurement e	""	6590	lower_is_more_damaging	""	""		n/a	n/a	""					
urn:mavedb:00000020-a-1	HNF4A	false	excluded	noncoding_target (regulatory; Step 32 - separate benchmark)	Saturation mutagenesis MPRA of HNF4A promoter	Saturation mutagenesis MPRA of HNF4A promoter in HEK293T cells.	""	977	""	""	""		n/a	n/a	""					
urn:mavedb:00000221-0-1	HNRNPUL1	false	excluded	meta_analysis (derived from other score sets, not a direct measurement)	HNRNPUL1 combined scores	Model combined scores for Heterogeneous nuclear ribonucleoprotein U-like protein 1 SAP domain.	""	2110	""	""	""		n/a	n/a	""					
urn:mavedb:00000234-0-1	HUWE1	false	excluded	meta_analysis (derived from other score sets, not a direct measurement)	HUWE1 combined scores	Model combined scores for E3 ubiquitin-protein ligase HUWE1.	""	1474	""	""	""		n/a	n/a	""					
urn:mavedb:00000072-a-1	IGHG1	false	excluded	gene_not_in_mane_select (IGHG1)	Human IgG1 Fc stability	Deep mutational scan of human IgG1 (CH3 domain) binding by CD64 and anti-human CH2, under 79C heat stress as a proxy for stability.	""	698	""	""	""		n/a	n/a	""					
urn:mavedb:00000021-a-1	IRF4	false	excluded	noncoding_target (regulatory; Step 32 - separate benchmark)	Saturation mutagenesis MPRA of IRF4 enhancer	Saturation mutagenesis MPRA of IRF4 enhancer in SK-MEL-28 cells.	""	1510	""	""	""		n/a	n/a	""					
urn:mavedb:00000022-a-1	IRF6	false	excluded	noncoding_target (regulatory; Step 32 - separate benchmark)	Saturation mutagenesis MPRA of IRF6 enhancer	Saturation mutagenesis MPRA of IRF6 enhancer in HaCaT cells.	""	1906	""	""	""		n/a	n/a	""					
urn:mavedb:00000386-0-1	ITCH	false	excluded	meta_analysis (derived from other score sets, not a direct measurement)	ITCH combined scores	Model combined scores for E3 ubiquitin-protein ligase Itchy homolog.	""	1765	""	""	""		n/a	n/a	""					
urn:mavedb:00000664-a-8	KCNQ2	false	excluded	fewer_than_20_variants	8. V1/2 of 2 KCNQ2 non-missense variants expressed in CHO cells alone	8. V1/2 of 2 KCNQ2 non-missense variants expressed in CHO cells alone (the other 28 non-missense variants generated too small currents to calculate V1/2)	""	2	""	""	""		n/a	n/a	""					
urn:mavedb:00000094-a-1	KCNQ4	false	excluded	fewer_than_20_variants	try_dataset_KCNQ4	try_dataset_KCNQ4	Direct protein function	1	""	""	""		n/a	n/a	""					
urn:mavedb:00000393-0-1	LASP1	false	excluded	meta_analysis (derived from other score sets, not a direct measurement)	LASP1 combined scores	Model combined scores for LIM and SH3 domain protein 1.	""	4035	""	""	""		n/a	n/a	""					
urn:mavedb:00000151-0-1	LCK	false	excluded	meta_analysis (derived from other score sets, not a direct measurement)	LCK combined scores	Model combined scores for SH3 domain of Tyrosine-protein kinase Lck.	""	2343	""	""	""		n/a	n/a	""					
urn:mavedb:00000023-a-1	LDLR	false	excluded	noncoding_target (regulatory; Step 32 - separate benchmark)	Saturation mutagenesis MPRA of LDLR promoter, replicate 1	Saturation mutagenesis MPRA of LDLR promoter in HepG2 cells. Biological replicate 1 of 2.	""	1083	""	""	""		n/a	n/a	""					
urn:mavedb:00000023-a-2	LDLR	false	excluded	noncoding_target (regulatory; Step 32 - separate benchmark)	Saturation mutagenesis MPRA of LDLR promoter, replicate 2	Saturation mutagenesis MPRA of LDLR promoter in HepG2 cells. Biological replicate 2 of 2.	""	1093	""	""	""		n/a	n/a	""					
urn:mavedb:00000444-0-1	LYN	false	excluded	meta_analysis (derived from other score sets, not a direct measurement)	LYN combined scores	Model combined scores for Tyrosine-protein kinase Lyn.	""	2749	""	""	""		n/a	n/a	""					
urn:mavedb:00001204-a-2	MAP2K1	false	excluded	fewer_than_20_variants	MAP2K1 dabrafenib and cetuximab HT-29 cells	We have supplied variant scores in the presence of drugs for non-synonymous variants that have been installed with base editors (CBE or ABE) and genotyped with amplicon sequencing (“verified BE dataset”). Only gRNAs that have installed a single amino acid variant are shown. We also supply a larger d	""	4	""	""	""		n/a	n/a	""					
urn:mavedb:00001204-a-3	MAP2K1	false	excluded	fewer_than_20_variants	MAP2K1 trametinib HT-29 cells	We have supplied variant scores in the presence of drugs for non-synonymous variants that have been installed with base editors (CBE or ABE) and genotyped with amplicon sequencing (“verified BE dataset”). Only gRNAs that have installed a single amino acid variant are shown. We also supply a larger d	""	10	""	""	""		n/a	n/a	""					
urn:mavedb:00001206-a-1	MAP2K1	false	excluded	fewer_than_20_variants	MAP2K1 trametinib HT-29 cells	We have supplied variant scores in the presence of drugs for non-synonymous variants that have been installed with base editors (CBE or ABE) and genotyped with amplicon sequencing (“verified BE dataset”). Only gRNAs that have installed a single amino acid variant are shown. We also supply a larger d	""	10	""	""	""		n/a	n/a	""					
urn:mavedb:00001206-a-2	MAP2K1	false	excluded	fewer_than_20_variants	MAP2K1 trametinib HT-29 cells	We have supplied variant scores in the presence of drugs for non-synonymous variants that have been installed with base editors (CBE or ABE) and genotyped with amplicon sequencing (“verified BE dataset”). Only gRNAs that have installed a single amino acid variant are shown. We also supply a larger d	""	10	""	""	""		n/a	n/a	""					
urn:mavedb:00000024-a-1	MSMB	false	excluded	noncoding_target (regulatory; Step 32 - separate benchmark)	Saturation mutagenesis MPRA of MSMB promoter	Saturation mutagenesis MPRA of MSMB promoter in HEK293T cells.	""	2019	""	""	""		n/a	n/a	""					
urn:mavedb:00000025-a-1	MYC	false	excluded	noncoding_target (regulatory; Step 32 - separate benchmark)	Saturation mutagenesis MPRA of MYC enhancer (rs6983267)	Saturation mutagenesis MPRA of MYC enhancer (rs6983267) in HEK293T cells.	""	1950	""	""	""		n/a	n/a	""					
urn:mavedb:00000026-a-1	MYC	false	excluded	noncoding_target (regulatory; Step 32 - separate benchmark)	Saturation mutagenesis MPRA of MYC enhancer (rs11986220)	Saturation mutagenesis MPRA of MYC enhancer (rs11986220) in LNCaP cells with 100nM DHT.	""	1681	""	""	""		n/a	n/a	""					
urn:mavedb:00000408-0-1	NEDD4	false	excluded	meta_analysis (derived from other score sets, not a direct measurement)	NEDD4 combined scores	Model combined scores for E3 ubiquitin-protein ligase NEDD4.	""	1140	""	""	""		n/a	n/a	""					
urn:mavedb:00000298-0-1	NKX3-1	false	excluded	meta_analysis (derived from other score sets, not a direct measurement)	NKX3-1 combined scores	Model combined scores for Homeobox protein Nkx-3.1.	""	2682	""	""	""		n/a	n/a	""					
urn:mavedb:00000186-0-1	NPHP1	false	excluded	meta_analysis (derived from other score sets, not a direct measurement)	NPHP1 combined scores	Model combined scores for Nephrocystin-1.	""	1660	""	""	""		n/a	n/a	""					
urn:mavedb:00000187-0-1	NPHP1	false	excluded	meta_analysis (derived from other score sets, not a direct measurement)	NPHP1 (F13S) combined scores	Model combined scores for Nephrocystin-1 (F13S).	""	1301	""	""	""		n/a	n/a	""					
urn:mavedb:00000188-0-1	NPHP1	false	excluded	meta_analysis (derived from other score sets, not a direct measurement)	NPHP1 (V29A) combined scores	Model combined scores for Nephrocystin-1 (V29A).	""	1301	""	""	""		n/a	n/a	""					
urn:mavedb:00000055-0-1	NUDT15	false	excluded	meta_analysis (derived from other score sets, not a direct measurement)	NUDT15 combined scores	NUDT15 activity scores from combining thiopurine-cytotoxicity and protein stability results.	""	3015	""	""	""		n/a	n/a	""					
urn:mavedb:00000208-0-1	OBSCN	false	excluded	meta_analysis (derived from other score sets, not a direct measurement)	OBSCN combined scores	Model combined scores for Obscurin.	""	3599	""	""	""		n/a	n/a	""					
urn:mavedb:00000220-0-1	OSTF1	false	excluded	meta_analysis (derived from other score sets, not a direct measurement)	OSTF1 combined scores	Model combined scores for Osteoclast-stimulating factor 1 SH3 domain.	""	3043	""	""	""		n/a	n/a	""					
urn:mavedb:00000632-0-1	PHF20	false	excluded	meta_analysis (derived from other score sets, not a direct measurement)	PHF20 combined scores	Model combined scores for PHD finger protein 20.	""	1127	""	""	""		n/a	n/a	""					
urn:mavedb:00000153-0-1	PIN1	false	excluded	meta_analysis (derived from other score sets, not a direct measurement)	PIN1 WW domain combined scores	Model combined scores for Peptidyl-prolyl cis-trans isomerase NIMA-interacting 1 WW domain.	""	1028	""	""	""		n/a	n/a	""					
urn:mavedb:00000269-0-1	PIN1	false	excluded	meta_analysis (derived from other score sets, not a direct measurement)	PIN1 combined scores	Model combined scores for Peptidyl-prolyl cis-trans isomerase NIMA-interacting 1.	""	903	""	""	""		n/a	n/a	""					
urn:mavedb:00000333-0-1	PIN1	false	excluded	meta_analysis (derived from other score sets, not a direct measurement)	PIN1 combined scores	Model combined scores for Peptidyl-prolyl cis-trans isomerase NIMA-interacting 1.	""	1357	""	""	""		n/a	n/a	""					
urn:mavedb:00000334-0-1	PIN1	false	excluded	meta_analysis (derived from other score sets, not a direct measurement)	PIN1 (S16E mutant) combined scores	Model combined scores for Peptidyl-prolyl cis-trans isomerase NIMA-interacting 1 (S16E mutant).	""	920	""	""	""		n/a	n/a	""					
urn:mavedb:00000336-0-1	PIN1	false	excluded	meta_analysis (derived from other score sets, not a direct measurement)	PIN1 combined scores	Model combined scores for Peptidyl-prolyl cis-trans isomerase NIMA-interacting 1.	""	797	""	""	""		n/a	n/a	""					
urn:mavedb:00000337-0-1	PIN1	false	excluded	meta_analysis (derived from other score sets, not a direct measurement)	PIN1 combined scores	Model combined scores for Peptidyl-prolyl cis-trans isomerase NIMA-interacting 1.	""	717	""	""	""		n/a	n/a	""					
urn:mavedb:00000295-0-1	PITX2	false	excluded	meta_analysis (derived from other score sets, not a direct measurement)	PITX2 homeodomain combined scores	Model combined scores for Pituitary homeobox 2 homeodomain.	""	1466	""	""	""		n/a	n/a	""					
urn:mavedb:00000296-0-1	PITX2	false	excluded	meta_analysis (derived from other score sets, not a direct measurement)	PITX2 homeodomain (R24H mutant) combined scores	Model combined scores for Pituitary homeobox 2 homeodomain (R24H mutant).	""	2224	""	""	""		n/a	n/a	""					
urn:mavedb:00000027-a-1	PKLR	false	excluded	noncoding_target (regulatory; Step 32 - separate benchmark)	Saturation mutagenesis MPRA of PKLR promoter, 24h	Saturation mutagenesis MPRA of PKLR promoter, 24h post-transfection in K562 cells.	""	1776	""	""	""		n/a	n/a	""					
urn:mavedb:00000027-b-1	PKLR	false	excluded	noncoding_target (regulatory; Step 32 - separate benchmark)	Saturation mutagenesis MPRA of PKLR promoter, 48h	Saturation mutagenesis MPRA of PKLR promoter, 48h post-transfection in K562 cells.	""	1794	""	""	""		n/a	n/a	""					
urn:mavedb:00000206-0-1	PKN1	false	excluded	meta_analysis (derived from other score sets, not a direct measurement)	PKN1 combined scores	Model combined scores for Serine/threonine-protein kinase N1.	""	1559	""	""	""		n/a	n/a	""					
urn:mavedb:00000207-0-1	PRPF40A	false	excluded	meta_analysis (derived from other score sets, not a direct measurement)	PRPF40A combined scores	Model combined scores for Pre-mRNA-processing factor 40 homolog A.	""	2367	""	""	""		n/a	n/a	""					
urn:mavedb:00000102-0-1	PTEN	false	excluded	meta_analysis (derived from other score sets, not a direct measurement)	PTEN VAMP-seq Combined	Amino acid scores for variant abundance by massively parallel sequencing (VAMP-seq) applied to PTEN (combination of original and fill-in datasets).	""	5477	""	""	""		n/a	n/a	""					
urn:mavedb:00000272-0-1	PTK6	false	excluded	meta_analysis (derived from other score sets, not a direct measurement)	PTK6 SH3 domain combined scores	Model combined scores for Protein-tyrosine kinase 6 SH3 domain.	""	5358	""	""	""		n/a	n/a	""					
urn:mavedb:00000154-0-1	RAD23A	false	excluded	meta_analysis (derived from other score sets, not a direct measurement)	RAD23A UBA domain combined scores	Model combined scores for UV excision repair protein RAD23 homolog A UBA domain.	""	1214	""	""	""		n/a	n/a	""					
urn:mavedb:00000283-0-1	RALBP1	false	excluded	meta_analysis (derived from other score sets, not a direct measurement)	RALBP1 combined scores	Model combined scores for RalA-binding protein 1.	""	1505	""	""	""		n/a	n/a	""					
urn:mavedb:00000329-0-1	RASA1	false	excluded	meta_analysis (derived from other score sets, not a direct measurement)	RASA1 combined scores	Model combined scores for Ras GTPase-activating protein 1.	""	3732	""	""	""		n/a	n/a	""					
urn:mavedb:00000028-a-1	RET	false	excluded	noncoding_target (regulatory; Step 32 - separate benchmark)	Saturation mutagenesis MPRA of RET enhancer	Saturation mutagenesis MPRA of RET enhancer in Neuro-2a cells.	""	1962	""	""	""		n/a	n/a	""					
urn:mavedb:00000159-0-1	SMN1	false	excluded	meta_analysis (derived from other score sets, not a direct measurement)	SMN Tudor domain combined scores	Model combined scores for Survival motor neuron protein Tudor domain.	""	1259	""	""	""		n/a	n/a	""					
urn:mavedb:00000363-0-1	SORBS1	false	excluded	meta_analysis (derived from other score sets, not a direct measurement)	SORBS1 combined scores	Model combined scores for Sorbin and SH3 domain-containing protein 1.	""	1838	""	""	""		n/a	n/a	""					
urn:mavedb:00000029-a-1	SORT1	false	excluded	noncoding_target (regulatory; Step 32 - separate benchmark)	Saturation mutagenesis MPRA of SORT1 enhancer, replicate 1	Saturation mutagenesis MPRA of SORT1 enhancer in HepG2 cells. Biological replicate 1 of 2.	""	1927	""	""	""		n/a	n/a	""					
urn:mavedb:00000029-a-2	SORT1	false	excluded	noncoding_target (regulatory; Step 32 - separate benchmark)	Saturation mutagenesis MPRA of SORT1 enhancer, replicate 2	Saturation mutagenesis MPRA of SORT1 enhancer in HepG2 cells. Biological replicate 2 of 2.	""	1998	""	""	""		n/a	n/a	""					
urn:mavedb:00000029-b-1	SORT1	false	excluded	noncoding_target (regulatory; Step 32 - separate benchmark)	Saturation mutagenesis MPRA of SORT1 enhancer, flipped	Saturation mutagenesis MPRA of SORT1 enhancer (reversed orientation) in HepG2 cells.	""	1974	""	""	""		n/a	n/a	""					
urn:mavedb:00000452-0-1	SOX30	false	excluded	meta_analysis (derived from other score sets, not a direct measurement)	SOX30 combined scores	Model combined scores for Transcription factor SOX-30.	""	1255	""	""	""		n/a	n/a	""					
urn:mavedb:00000412-0-1	SPTAN1	false	excluded	meta_analysis (derived from other score sets, not a direct measurement)	SPTAN1 combined scores	Model combined scores for Spectrin alpha chain, non-erythrocytic 1.	""	1597	""	""	""		n/a	n/a	""					
urn:mavedb:00000413-0-1	SPTAN1	false	excluded	meta_analysis (derived from other score sets, not a direct measurement)	SPTAN1 combined scores	Model combined scores for Spectrin alpha chain, non-erythrocytic 1.	""	1319	""	""	""		n/a	n/a	""					
urn:mavedb:00000414-0-1	SPTAN1	false	excluded	meta_analysis (derived from other score sets, not a direct measurement)	SPTAN1 (A10S) combined scores	Model combined scores for Spectrin alpha chain, non-erythrocytic 1 (A10S).	""	1318	""	""	""		n/a	n/a	""					
urn:mavedb:00000415-0-1	SPTAN1	false	excluded	meta_analysis (derived from other score sets, not a direct measurement)	SPTAN1 (M24A) combined scores	Model combined scores for Spectrin alpha chain, non-erythrocytic 1 (M24A).	""	1320	""	""	""		n/a	n/a	""					
urn:mavedb:00000256-0-1	SQSTM1	false	excluded	meta_analysis (derived from other score sets, not a direct measurement)	SQSTM1 combined scores	Model combined scores for Sequestosome-1.	""	1669	""	""	""		n/a	n/a	""					
urn:mavedb:00001082-a-1	SRY	false	excluded	gene_not_in_mane_select (SRY)	SRY High mobility group box domain domainome 1.0	Stability measurements of the SRY High mobility group box domain from domainome 1.0.	""	1361	""	""	""		n/a	n/a	""					
urn:mavedb:00000352-0-1	TCERG1	false	excluded	meta_analysis (derived from other score sets, not a direct measurement)	TCERG1 (Y438R mutant) combined scores	Model combined scores for Transcription elongation regulator 1 (Y438R mutant).	""	915	""	""	""		n/a	n/a	""					
urn:mavedb:00000353-0-1	TCERG1	false	excluded	meta_analysis (derived from other score sets, not a direct measurement)	TCERG1 (Y446L mutant) combined scores	Model combined scores for Transcription elongation regulator 1 (Y446L mutant).	""	928	""	""	""		n/a	n/a	""					
urn:mavedb:00000354-0-1	TCERG1	false	excluded	meta_analysis (derived from other score sets, not a direct measurement)	TCERG1 (W457F mutant) combined scores	Model combined scores for Transcription elongation regulator 1 (W457F  mutant).	""	1048	""	""	""		n/a	n/a	""					
urn:mavedb:00000357-0-1	TCERG1	false	excluded	meta_analysis (derived from other score sets, not a direct measurement)	TCERG1 (L453D mutant) combined scores	Model combined scores for Transcription elongation regulator 1 (L453D mutant).	""	930	""	""	""		n/a	n/a	""					
urn:mavedb:00000358-0-1	TCERG1	false	excluded	meta_analysis (derived from other score sets, not a direct measurement)	TCERG1 (L453E mutant) combined scores	Model combined scores for Transcription elongation regulator 1 (L453E mutant).	""	1046	""	""	""		n/a	n/a	""					
urn:mavedb:00000359-0-1	TCERG1	false	excluded	meta_analysis (derived from other score sets, not a direct measurement)	TCERG1 (L453W mutant) combined scores	Model combined scores for Transcription elongation regulator 1 (L453W mutant).	""	637	""	""	""		n/a	n/a	""					
urn:mavedb:00000030-a-1	TCF7L2	false	excluded	noncoding_target (regulatory; Step 32 - separate benchmark)	Saturation mutagenesis MPRA of TCF7L2 enhancer	Saturation mutagenesis MPRA of TCF7L2 enhancer in MIN6 cells.	""	1910	""	""	""		n/a	n/a	""					
urn:mavedb:00000031-a-1	TERT	false	excluded	noncoding_target (regulatory; Step 32 - separate benchmark)	Saturation mutagenesis MPRA of TERT promoter, HEK	Saturation mutagenesis MPRA of TERT promoter in HEK293T cells.	""	975	""	""	""		n/a	n/a	""					
urn:mavedb:00000031-b-1	TERT	false	excluded	noncoding_target (regulatory; Step 32 - separate benchmark)	Saturation mutagenesis MPRA of TERT promoter, GBM	Saturation mutagenesis MPRA of TERT promoter in glioblastoma SF7996 (GBM) cells.	""	973	""	""	""		n/a	n/a	""					
urn:mavedb:00000031-c-1	TERT	false	excluded	noncoding_target (regulatory; Step 32 - separate benchmark)	Saturation mutagenesis MPRA of TERT promoter, GBM siRNA knockdown	Saturation mutagenesis MPRA of TERT promoter in glioblastoma SF7996 (GBM) cells, siRNA knockdown of GABPA.	""	974	""	""	""		n/a	n/a	""					
urn:mavedb:00000031-d-1	TERT	false	excluded	noncoding_target (regulatory; Step 32 - separate benchmark)	Saturation mutagenesis MPRA of TERT promoter, GBM siRNA control	Saturation mutagenesis MPRA of TERT promoter in glioblastoma SF7996 (GBM) cells, siRNA scrambled control.	""	974	""	""	""		n/a	n/a	""					
urn:mavedb:00000419-0-1	TNKS2	false	excluded	meta_analysis (derived from other score sets, not a direct measurement)	TNKS2 combined scores	Model combined scores for Poly [ADP-ribose] polymerase tankyrase-2.	""	1663	""	""	""		n/a	n/a	""					
urn:mavedb:00001267-0-1	TSC2	false	excluded	meta_analysis (derived from other score sets, not a direct measurement)	TSC2 Combined Scores	Scores for both Tuberin and RapGAP domains and functional classes.	""	9253	""	""	""		n/a	n/a	""					
urn:mavedb:00001267-0-3	TSC2	false	excluded	meta_analysis (derived from other score sets, not a direct measurement)	TSC2 Updated Combined Scores	Scores for both Tuberin and RapGAP domains and functional classes analysed with the CountESS pipeline.	""	9496	lower_is_more_damaging	""	""		n/a	n/a	""					
urn:mavedb:00000431-0-1	UBB	false	excluded	meta_analysis (derived from other score sets, not a direct measurement)	UBB combined scores	Model combined scores for Polyubiquitin-B.	""	2164	""	""	""		n/a	n/a	""					
urn:mavedb:00000636-0-1	UBB	false	excluded	meta_analysis (derived from other score sets, not a direct measurement)	UBB combined scores	Model combined scores for Polyubiquitin-B.	""	1544	""	""	""		n/a	n/a	""					
urn:mavedb:00000189-0-1	UBC	false	excluded	meta_analysis (derived from other score sets, not a direct measurement)	UBC combined scores	Model combined scores for Polyubiquitin-C.	""	1555	""	""	""		n/a	n/a	""					
urn:mavedb:00000190-0-1	UBC	false	excluded	meta_analysis (derived from other score sets, not a direct measurement)	UBC (F13S) combined scores	Model combined scores for Polyubiquitin-C (F13S).	""	1565	""	""	""		n/a	n/a	""					
urn:mavedb:00000191-0-1	UBC	false	excluded	meta_analysis (derived from other score sets, not a direct measurement)	UBC (L3A) combined scores	Model combined scores for Polyubiquitin-C (L3A).	""	1563	""	""	""		n/a	n/a	""					
urn:mavedb:00000196-0-1	UBC	false	excluded	meta_analysis (derived from other score sets, not a direct measurement)	UBC combined scores	Model combined scores for Polyubiquitin-C.	""	1434	""	""	""		n/a	n/a	""					
urn:mavedb:00000197-0-1	UBC	false	excluded	meta_analysis (derived from other score sets, not a direct measurement)	UBC (I3A) combined scores	Model combined scores for Polyubiquitin-C (I3A).	""	1439	""	""	""		n/a	n/a	""					
urn:mavedb:00000198-0-1	UBC	false	excluded	meta_analysis (derived from other score sets, not a direct measurement)	UBC (L15S) combined scores	Model combined scores for Polyubiquitin-C (L15S).	""	1444	""	""	""		n/a	n/a	""					
urn:mavedb:00000199-0-1	UBC	false	excluded	meta_analysis (derived from other score sets, not a direct measurement)	UBC (L43A) combined scores	Model combined scores for Polyubiquitin-C (L43A).	""	1442	""	""	""		n/a	n/a	""					
urn:mavedb:00000200-0-1	UBC	false	excluded	meta_analysis (derived from other score sets, not a direct measurement)	UBC (L67S) combined scores	Model combined scores for Polyubiquitin-C (L67S).	""	1439	""	""	""		n/a	n/a	""					
urn:mavedb:00000201-0-1	UBC	false	excluded	meta_analysis (derived from other score sets, not a direct measurement)	UBC (pross10) combined scores	Model combined scores for Polyubiquitin-C (pross10).	""	1291	""	""	""		n/a	n/a	""					
urn:mavedb:00000202-0-1	UBC	false	excluded	meta_analysis (derived from other score sets, not a direct measurement)	UBC (pross7) combined scores	Model combined scores for Polyubiquitin-C (pross7).	""	1290	""	""	""		n/a	n/a	""					
urn:mavedb:00000628-0-1	UBC	false	excluded	meta_analysis (derived from other score sets, not a direct measurement)	UBC combined scores	Model combined scores for Polyubiquitin-C.	""	1544	""	""	""		n/a	n/a	""					
urn:mavedb:00000394-0-1	UBE4B	false	excluded	meta_analysis (derived from other score sets, not a direct measurement)	UBE4B combined scores	Model combined scores for Ubiquitin conjugation factor E4 B.	""	5022	""	""	""		n/a	n/a	""					
urn:mavedb:00000152-0-1	UBR5	false	excluded	meta_analysis (derived from other score sets, not a direct measurement)	UBR5 combined scores	Model combined scores for E3 ubiquitin-protein ligase UBR5 .	""	1628	""	""	""		n/a	n/a	""					
urn:mavedb:00000629-0-1	UBTF	false	excluded	meta_analysis (derived from other score sets, not a direct measurement)	UBTF combined scores	Model combined scores for Nucleolar transcription factor 1.	""	1082	""	""	""		n/a	n/a	""					
urn:mavedb:00000367-0-1	WWP1	false	excluded	meta_analysis (derived from other score sets, not a direct measurement)	WWP1 combined scores	Model combined scores for NEDD4-like E3 ubiquitin-protein ligase WWP1.	""	1414	""	""	""		n/a	n/a	""					
urn:mavedb:00000033-a-1	ZFAND3	false	excluded	noncoding_target (regulatory; Step 32 - separate benchmark)	Saturation mutagenesis MPRA of ZFAND3 enhancer	Saturation mutagenesis MPRA of ZFAND3 enhancer in MIN6 cells.	""	2012	""	""	""		n/a	n/a	""					
urn:mavedb:00000007-a-1		false	excluded	noncoding_target (regulatory; Step 32 - separate benchmark)	Trivariate regression scores for ECR11	Trivariate regression scores for each nucleotide change as described in Patwardhan et al. 2012.	""	1860	""	""	""		n/a	n/a	""					
urn:mavedb:00000032-a-1		false	excluded	noncoding_target (regulatory; Step 32 - separate benchmark)	Saturation mutagenesis MPRA of UC88 enhancer	Saturation mutagenesis MPRA of UC88 (ultraconserved element) enhancer in Neuro-2a cells.	""	1964	""	""	""		n/a	n/a	""					
urn:mavedb:00000034-a-1		false	excluded	noncoding_target (regulatory; Step 32 - separate benchmark)	Saturation mutagenesis MPRA of ZRS enhancer, Hoxd13	Saturation mutagenesis MPRA of ZRS enhancer in NIH3T3 cells. Co-transfected with Hoxd13.	""	1661	""	""	""		n/a	n/a	""					
urn:mavedb:00000034-b-1		false	excluded	noncoding_target (regulatory; Step 32 - separate benchmark)	Saturation mutagenesis MPRA of ZRS enhancer, Hoxd13+Hand2	Saturation mutagenesis MPRA of ZRS enhancer in NIH3T3 cells. Co-transfected with Hoxd13 and Hand2.	""	1662	""	""	""		n/a	n/a	""					
urn:mavedb:00000078-a-1		false	excluded	gene_unresolved	VKOR carboxylation activity	Carboxylation activity of VKOR variants by substrate surface expression.	""	747	""	""	""		n/a	n/a	""					
urn:mavedb:00000078-b-1		false	excluded	gene_unresolved	VKOR protein stability	VKOR protein stability measured by VAMP-seq.	""	2911	""	""	""		n/a	n/a	""					
urn:mavedb:00000083-a-1		false	excluded	noncoding_target (other_noncoding; Step 32 - separate benchmark)	Exonic splicing for Wilms’ tumor gene	Saturation mutagenesis for exonic base effects on splicing, Wilms’ tumor gene 1 exon 5.	""	556	""	""	""		n/a	n/a	""					
urn:mavedb:00000083-b-1		false	excluded	noncoding_target (other_noncoding; Step 32 - separate benchmark)	Exonic splicing for SRSF1 (ASF/SF2) binding site	Saturation mutagenesis for exonic base effects on splicing, similar to an SRSF1 (ASF/SF2) binding site.	""	556	""	""	""		n/a	n/a	""					
urn:mavedb:00000083-c-1		false	excluded	noncoding_target (other_noncoding; Step 32 - separate benchmark)	Exonic splicing for SRSF7 (9G8) binding site	Saturation mutagenesis for exonic base effects on splicing, similar to an SRSF7 (9G8) binding site.	""	556	""	""	""		n/a	n/a	""					
urn:mavedb:00000083-d-1		false	excluded	noncoding_target (other_noncoding; Step 32 - separate benchmark)	Exonic splicing for hnRNPA1 binding site	Saturation mutagenesis for exonic base effects on splicing, hnRNPA1 binding site (with upstream T).	""	556	""	""	""		n/a	n/a	""					
urn:mavedb:00000083-e-1		false	excluded	noncoding_target (other_noncoding; Step 32 - separate benchmark)	Exonic splicing for hnRNP D binding site	Saturation mutagenesis for exonic base effects on splicing, similar to an hnRNP D binding site.	""	556	""	""	""		n/a	n/a	""					
urn:mavedb:00000083-f-1		false	excluded	noncoding_target (other_noncoding; Step 32 - separate benchmark)	Exonic splicing for hnRNP I (PTB) binding site	Saturation mutagenesis for exonic base effects on splicing, similar to an hnRNP I (PTB) binding site.	""	556	""	""	""		n/a	n/a	""					
urn:mavedb:00000083-g-1		false	excluded	noncoding_target (other_noncoding; Step 32 - separate benchmark)	Exonic splicing for hnRNP L binding site	Saturation mutagenesis for exonic base effects on splicing, similar to an hnRNP L binding site.	""	556	""	""	""		n/a	n/a	""					
urn:mavedb:00000083-h-1		false	excluded	noncoding_target (other_noncoding; Step 32 - separate benchmark)	Exonic splicing for CG-containing enhancer	Saturation mutagenesis for exonic base effects on splicing, CG-containing RNA-seq enhancer sequence.	""	556	""	""	""		n/a	n/a	""					
urn:mavedb:00000083-i-1		false	excluded	noncoding_target (other_noncoding; Step 32 - separate benchmark)	Exonic splicing for AC-rich enhancer	Saturation mutagenesis for exonic base effects on splicing, AC-rich RNA-seq enhancer sequence.	""	556	""	""	""		n/a	n/a	""					
urn:mavedb:00000083-j-1		false	excluded	noncoding_target (other_noncoding; Step 32 - separate benchmark)	Exonic splicing for pyrimidine sequence	Saturation mutagenesis for exonic base effects on splicing, pyrimidine sequence avoiding PPT pairing.	""	556	""	""	""		n/a	n/a	""					
urn:mavedb:00000923-a-1		false	excluded	gene_unresolved	NA Transcription factor IIS, N-terminal domain domainome 1.0	Stability measurements of the NA Transcription factor IIS, N-terminal domain from domainome 1.0.	""	1561	""	""	""		n/a	n/a	""					
urn:mavedb:00000924-a-1		false	excluded	gene_unresolved	NA Ubiquitin-like domain domainome 1.0	Stability measurements of the NA Ubiquitin-like domain from domainome 1.0.	""	1401	""	""	""		n/a	n/a	""					
urn:mavedb:00001203-a-1		false	excluded	gene_unresolved	Human CHEK2 CDS SNVs functionally classified as damaging or tolerated based on complementation of yeast rad53	rad53 complementation score (RCS): log2 of the ratio of frequencies after/before selection for growth in the absence of rad53. Lower ratios or more negative RCSs are interpreted to indicate that the SNVs were depleted after selection as expected for variants that are detrimental to CHK2 function. Th	""	4885	""	""	""		n/a	n/a	""					
urn:mavedb:00001203-a-2		false	excluded	gene_unresolved	Rad53 complementation scores for coding SNVs of human CHEK2	Functional analysis based on a Rad53 complementation score (RCS): log2 of the ratio of frequencies after/before selection for growth in the absence of rad53. Lower ratios or more negative RCSs are interpreted to indicate that the SNVs were depleted after selection as expected for variants that are d	""	4885	""	""	""		n/a	n/a	""					
urn:mavedb:00001214-b-1		false	excluded	gene_unresolved	Sequence requirement of S505N-induced constitutive activation	Deep Mutational Scanning of the S505N TpoR transmembrane and juxtamembrane domains to explore sequence requirements for its constitutive activation. This dataset contains scores for protein variants.	Survival assessment assay	978	""	""	""		n/a	n/a	""					
urn:mavedb:00001214-b-2		false	excluded	gene_unresolved	Sequence requirement of S505N-induced constitutive activation	Deep Mutational Scanning of the S505N TpoR transmembrane and juxtamembrane domains to explore sequence requirements for its constitutive activation. This dataset contains scores for synonymous wildtype.	Survival assessment assay	168	""	""	""		n/a	n/a	""					
urn:mavedb:00001214-e-1		false	excluded	gene_unresolved	Surface presentation levels of variants on S505N hTpoR background	Profile of surface presentation levels of variants on S505N hTpoR background. This dataset contains the scores for synonymous wildtype.	Flow cytometry assay	162	""	""	""		n/a	n/a	""					
urn:mavedb:00001214-e-2		false	excluded	gene_unresolved	Surface presentation levels of variants on S505N hTpoR background	Deep Mutational Scanning of surface presentation levels of variants on S505N hTpoR background. This dataset contains the scores for protein variants.	Flow cytometry assay	978	""	""	""		n/a	n/a	""					
urn:mavedb:00001214-k-1		false	excluded	gene_unresolved	constitutive activation on W515K hTpoR background	Deep Mutational Scanning of the TpoR transmembrane and juxtamembrane domains to explore sequence requirements for constitutive signaling, with W515K hTpoR as base sequence. This dataset contains the scores for synonymous wildtype.	Survival assessment assay	165	""	""	""		n/a	n/a	""					
urn:mavedb:00001214-k-2		false	excluded	gene_unresolved	constitutive activation on W515K hTpoR background	Deep Mutational Scanning of the TpoR transmembrane and juxtamembrane domains to explore sequence requirements for constitutive signaling, with W515K hTpoR as base sequence. This dataset contains the scores for protein variants.	Survival assessment assay	974	""	""	""		n/a	n/a	""					
urn:mavedb:00001214-m-1		false	excluded	gene_unresolved	Surface presentation levels of variants on W515K hTpoR background	Deep Mutational Scanning of surface levels of variants on W515K hTpoR background. This dataset contains the scores for protein variants.	Flow cytometry assay	970	""	""	""		n/a	n/a	""					
urn:mavedb:00001214-m-2		false	excluded	gene_unresolved	Surface presentation levels of variants on W515K hTpoR background	Profile of surface presentation levels of variants on W515K hTpoR background. This dataset contains the scores for synonymous wildtype.	Flow cytometry assay	154	""	""	""		n/a	n/a	""					
urn:mavedb:00001237-a-1		false	excluded	multi_gene_target (28 targets)	VarChAMP_Imaging_Localization_May_2025	Protein localization from images of cells.	""	430	""	""	""		n/a	n/a	""					
urn:mavedb:00001237-a-2		false	excluded	multi_gene_target (28 targets)	VarChAMP_Imaging_Morphological_Change_May_2025	Cell morphological changes from images of cells.	""	430	""	""	""		n/a	n/a	""					
urn:mavedb:00001272-a-1		false	excluded	gene_unresolved	Deep Mutational Scanning of alpha-Synuclein Aggregation in Yeast	The aggregation of alpha-synuclein single missense variants in yeast	""	2800	""	""	""		n/a	n/a	""					
urn:mavedb:00001274-a-1		false	excluded	gene_unresolved	Human parkin activity	Saturation mutagenesis and functional assessment of Parkin variants	Flow cytometry assay	9632	""	""	""		n/a	n/a	""					
urn:mavedb:00001286-a-1		false	excluded	gene_unresolved	TINF2 SGE	SGE of exons 4, 5 and 6 of TINF2.	Cell fitness	3905	""	""	""		n/a	n/a	""					
