score_set_urn	gene_symbol	ensembl_gene_id	gene_resolution	title	experimental_phenotype	assay_method	assay_mechanism	molecular_mechanism	model_system	publication	license	published_date	n_variants	replicate_availability	genomic_mapping_state	calibrations	calibration_direction	control_summary	control_direction	control_basis	control_auc	n_scored	n_missense_scored	proposed_direction	direction_confidence	quality_flags	in_scope	prescreen_status	exclusion_reason
urn:mavedb:00000001-a-1	UBE2I	ENSG00000103275.24	ensembl_id	UBE2I imputed & refined	A joint Deep Mutational Scan of the human SUMO E2 conjugase UBE2I using functional complementation in yeast, combining DMS-BarSeq and DMS-TileSeq data, followed by machine-learning-based imputation and refinement.	""	""	""	""	PubMed:29269382 (10.15252/msb.20177908)	CC0	2018-06-26	3180	error columns: sd, se	incomplete	none	""	not computed at this scope	""	""				unknown	none	scores_not_downloaded_at_this_scope,genomic_mapping_incomplete	false	candidate	""
urn:mavedb:00000001-a-2	UBE2I	ENSG00000103275.24	ensembl_id	UBE2I DMS-BarSeq	A Deep Mutational Scan of the human SUMO E2 conjugase UBE2I using functional complementation in yeast via DMS-BarSeq	""	""	""	""	PubMed:29269382 (10.15252/msb.20177908)	CC0	2018-06-29	3418	error columns: sd, se	failed	none	""	not computed at this scope	""	""				unknown	none	scores_not_downloaded_at_this_scope,genomic_mapping_failed	false	candidate	""
urn:mavedb:00000001-a-3	UBE2I	ENSG00000103275.24	ensembl_id	UBE2I DMS-TileSeq	A Deep Mutational Scan of the human SUMO E2 conjugase UBE2I using functional complementation in yeast via DMS-TileSeq.	""	""	""	""	PubMed:29269382 (10.15252/msb.20177908)	CC0	2018-06-29	7390	error columns: sd, se	incomplete	none	""	not computed at this scope	""	""				unknown	none	scores_not_downloaded_at_this_scope,genomic_mapping_incomplete	false	candidate	""
urn:mavedb:00000001-a-4	UBE2I	ENSG00000103275.24	ensembl_id	UBE2I joint data	A joint Deep Mutational Scan dataset of the human SUMO E2 conjugase UBE2I using functional complementation in yeast, combining DMS-BarSeq and DMS-TileSeq	""	""	""	""	""	CC0	2018-06-29	10438	error columns: sd, se	failed	none	""	not computed at this scope	""	""				unknown	none	scores_not_downloaded_at_this_scope,genomic_mapping_failed	false	candidate	""
urn:mavedb:00000001-b-1	SUMO1	ENSG00000116030.19	ensembl_id	SUMO1 imputed and refined	A machine-learning imputed and refined Deep Mutational Scan of the human SUMO1 using functional complementation in yeast.	""	""	""	""	PubMed:29269382 (10.15252/msb.20177908)	CC0	2018-06-29	2020	error columns: sd, se	complete	none	""	not computed at this scope	""	""				unknown	none	scores_not_downloaded_at_this_scope	false	candidate	""
urn:mavedb:00000001-b-2	SUMO1	ENSG00000116030.19	ensembl_id	SUMO1 DMS-TileSeq	A Deep Mutational Scan of the human SUMO1 using functional complementation in yeast via DMS-TileSeq	""	""	""	""	PubMed:29269382 (10.15252/msb.20177908)	CC0	2018-06-29	4698	error columns: sd, se	incomplete	none	""	not computed at this scope	""	""				unknown	none	scores_not_downloaded_at_this_scope,genomic_mapping_incomplete	false	candidate	""
urn:mavedb:00000001-c-1	CALM1	ENSG00000198668.16	ensembl_id	Human Calmodulin DMS-TileSeq	A Deep Mutational Scan of human Calmodulin using functional complementation in yeast via DMS-TileSeq.	Cell fitness	Loss of function	Calcium-mediated signaling	Yeast	PubMed:29269382 (10.15252/msb.20177908)	CC0	2018-06-29	5957	error columns: sd, se	incomplete	calibration present but direction not determinable — Investigator-provided functional classes; ExCALIBR calibration [research use only]	""	not computed at this scope	""	""				unknown	none	scores_not_downloaded_at_this_scope,genomic_mapping_incomplete	false	candidate	""
urn:mavedb:00000001-c-2	CALM1	ENSG00000198668.16	ensembl_id	Human Calmodulin imputed and refined	A machine-learning imputed and refined Deep Mutational Scan of human Calmodulin using functional complementation in yeast.	Cell fitness	Loss of function	Calcium-mediated signaling	Yeast	PubMed:29269382 (10.15252/msb.20177908)	CC0	2018-06-29	2980	error columns: sd, se	complete	none	""	not computed at this scope	""	""				unknown	none	scores_not_downloaded_at_this_scope	false	candidate	""
urn:mavedb:00000001-d-2	TPK1	ENSG00000196511.17	ensembl_id	TPK1 imputed and refined	A machine-learning imputed and refined Deep Mutational Scan of human TPK1 using functional complementation in yeast.	Cell fitness	Loss of function	Catalytic and Thiamine diphosphokinase activity	Yeast	PubMed:29269382 (10.15252/msb.20177908)	CC0	2018-06-29	4860	error columns: sd, se	incomplete	none	""	not computed at this scope	""	""				unknown	none	scores_not_downloaded_at_this_scope,genomic_mapping_incomplete	false	candidate	""
urn:mavedb:00000002-a-1	YAP1	ENSG00000137693.16	uniprot	Enrich2 nucleotide variant scores for YAP65 WW domain	Nucleotide variant scores for deep mutational scan of the hYAP65 WW domain using phage display calculated by Enrich2.	""	""	""	""	PubMed:28784151 (10.1186/s13059-017-1272-5)	CC0	2018-07-10	48183	error columns: SE, SE_101208, SE_110307	failed	none	""	not computed at this scope	""	""				unknown	none	scores_not_downloaded_at_this_scope,genomic_mapping_failed	false	candidate	""
urn:mavedb:00000002-a-2	YAP1	ENSG00000137693.16	uniprot	Enrich2 amino acid variant scores for YAP65 WW domain	Amino acid variant scores for deep mutational scan of the hYAP65 WW domain using phage display calculated by Enrich2.	""	""	""	""	PubMed:28784151 (10.1186/s13059-017-1272-5)	CC0	2018-07-10	30487	error columns: SE, SE_101208, SE_110307	incomplete	none	""	not computed at this scope	""	""				unknown	none	scores_not_downloaded_at_this_scope,genomic_mapping_incomplete	false	candidate	""
urn:mavedb:00000003-a-1	BRCA1	ENSG00000012048.28	target_name	Enrich2 nucleotide variant scores for BRCA1 E3	Nucleotide variant scores for deep mutational scan of the BRCA1 RING domain using autoubiquitination calculated by Enrich2.	""	""	""	""	PubMed:28784151 (10.1186/s13059-017-1272-5)	CC0	2018-07-10	20724	replicate columns: SE_PlusE2NewRep3, score_PlusE2NewRep3, SE_PlusE2NewRep4, score_PlusE2NewRep4, SE_PlusE2NewRep5, score_PlusE2NewRep5; error columns: SE, SE_PlusE2NewRep3, SE_PlusE2NewRep4, SE_PlusE2NewRep5, SE_PlusE2Rep3, SE_PlusE2Rep4	incomplete	none	""	truncating (n=60, median -2.42) vs synonymous (n=377, median -0.308); AUC 0.16	lower_is_more_damaging	truncating_vs_synonymous	0.163	11530	1222	lower_is_more_damaging	medium	genomic_mapping_incomplete	true	candidate	""
urn:mavedb:00000003-a-2	BRCA1	ENSG00000012048.28	target_name	Enrich2 amino acid variant scores for BRCA1 E3	Amino acid variant scores for deep mutational scan of the BRCA1 RING domain using autoubiquitination calculated by Enrich2.	""	""	""	""	PubMed:28784151 (10.1186/s13059-017-1272-5)	CC0	2018-07-10	12316	replicate columns: SE_PlusE2NewRep3, score_PlusE2NewRep3, SE_PlusE2NewRep4, score_PlusE2NewRep4, SE_PlusE2NewRep5, score_PlusE2NewRep5; error columns: SE, SE_PlusE2NewRep3, SE_PlusE2NewRep4, SE_PlusE2NewRep5, SE_PlusE2Rep3, SE_PlusE2Rep4	incomplete	none	""	truncating (n=147, median -2.71) vs missense (n=3710, median -0.574); AUC 0.17 [weaker: no synonymous controls]	lower_is_more_damaging	truncating_vs_missense	0.167	6847	3710	lower_is_more_damaging	low	no_synonymous_controls,genomic_mapping_incomplete	true	candidate	""
urn:mavedb:00000003-b-1	BRCA1	ENSG00000012048.28	target_name	Enrich2 nucleotide variant scores for BRCA1 Y2H	Nucleotide variant scores for deep mutational scan of the BRCA1 RING domain using yeast two-hybrid calculated by Enrich2.	""	""	""	""	PubMed:28784151 (10.1186/s13059-017-1272-5)	CC0	2018-07-10	20724	replicate columns: SE_Y2H_1_Rep1, score_Y2H_1_Rep1, SE_Y2H_1_Rep2, score_Y2H_1_Rep2, SE_Y2H_1_Rep3, score_Y2H_1_Rep3; error columns: SE, SE_Y2H_1_Rep1, SE_Y2H_1_Rep2, SE_Y2H_1_Rep3, SE_Y2H_2_Rep1, SE_Y2H_2_Rep2	incomplete	none	""	truncating (n=79, median 0.438) vs synonymous (n=396, median -0.0188); AUC 0.65	""	truncating_vs_synonymous	0.651	17165	1354	unknown	none	weak_control_separation,genomic_mapping_incomplete	true	candidate	""
urn:mavedb:00000003-b-2	BRCA1	ENSG00000012048.28	target_name	Enrich2 amino acid variant scores for BRCA1 Y2H	Amino acid variant scores for deep mutational scan of the BRCA1 RING domain using yeast two-hybrid calculated by Enrich2.	""	""	""	""	PubMed:28784151 (10.1186/s13059-017-1272-5)	CC0	2018-07-10	12316	replicate columns: SE_Y2H_1_Rep1, score_Y2H_1_Rep1, SE_Y2H_1_Rep2, score_Y2H_1_Rep2, SE_Y2H_1_Rep3, score_Y2H_1_Rep3; error columns: SE, SE_Y2H_1_Rep1, SE_Y2H_1_Rep2, SE_Y2H_1_Rep3, SE_Y2H_2_Rep1, SE_Y2H_2_Rep2	incomplete	none	""	truncating (n=196, median 0.623) vs missense (n=4142, median -0.0434); AUC 0.66 [weaker: no synonymous controls]	""	truncating_vs_missense	0.657	10402	4142	unknown	none	no_synonymous_controls,weak_control_separation,genomic_mapping_incomplete	true	candidate	""
urn:mavedb:00000005-a-3	CBS	ENSG00000160200.20	ensembl_id	CBS high-B6 imputed and refined	A Deep Mutational Scan of the human cystathionine-beta-synthase (CBS) using functional complementation in yeast via DMS-TileSeq at high levels of Vitamin B6.	Cell fitness	Loss of function	""	Yeast	PubMed:32000841 (10.1186/s13073-020-0711-1)	CC0	2019-10-22	11550	error columns: sd, se	complete	none	""	not computed at this scope	""	""				unknown	none	scores_not_downloaded_at_this_scope	false	candidate	""
urn:mavedb:00000005-a-4	CBS	ENSG00000160200.20	ensembl_id	CBS low-B6 imputed and refined	A Deep Mutational Scan of the human cystathionine-beta-synthase (CBS) using functional complementation in yeast via DMS-TileSeq at low levels of Vitamin B6.	Cell fitness	Loss of function	""	Yeast	PubMed:32000841 (10.1186/s13073-020-0711-1)	CC0	2019-10-22	11550	error columns: sd, se	complete	none	""	not computed at this scope	""	""				unknown	none	scores_not_downloaded_at_this_scope	false	candidate	""
urn:mavedb:00000005-a-5	CBS	ENSG00000160200.20	ensembl_id	CBS low-B6	A Deep Mutational Scan of the human cystathionine-beta-synthase (CBS) using functional complementation in yeast via DMS-TileSeq at low levels of Vitamin B6.	Cell fitness	Loss of function	""	Yeast	PubMed:32000841 (10.1186/s13073-020-0711-1)	CC0	2019-10-22	11478	error columns: sd, se	incomplete	calibration present but direction not determinable — Investigator-provided functional classes; ExCALIBR calibration [research use only]	""	not computed at this scope	""	""				unknown	none	scores_not_downloaded_at_this_scope,genomic_mapping_incomplete	false	candidate	""
urn:mavedb:00000005-a-6	CBS	ENSG00000160200.20	ensembl_id	CBS high-B6	A Deep Mutational Scan of the human cystathionine-beta-synthase (CBS) using functional complementation in yeast via DMS-TileSeq at high levels of Vitamin B6.	Cell fitness	Loss of function	""	Yeast	PubMed:32000841 (10.1186/s13073-020-0711-1)	CC0	2019-10-22	10802	error columns: sd, se	incomplete	calibration present but direction not determinable — Investigator-provided functional classes; ExCALIBR calibration [research use only]	""	not computed at this scope	""	""				unknown	none	scores_not_downloaded_at_this_scope,genomic_mapping_incomplete	false	candidate	""
urn:mavedb:00000006-a-1	ALDOB	ENSG00000136872.23	target_name	Trivariate regression scores for ALDOB	Trivariate regression scores for each nucleotide change as described in Patwardhan et al. 2012.	""	""	""	""	PubMed:22371081 (10.1038/nbt.2136)	CC0	2019-01-24	777	none reported in score columns	complete	none	""	not computed at this scope	""	""				n/a	n/a	""	false	excluded	noncoding_target (regulatory; Step 32 - separate benchmark)
urn:mavedb:00000007-a-1			unresolved (target name 'ECR11 enhancer')	Trivariate regression scores for ECR11	Trivariate regression scores for each nucleotide change as described in Patwardhan et al. 2012.	""	""	""	""	PubMed:22371081 (10.1038/nbt.2136)	CC0	2019-01-24	1860	none reported in score columns	complete	none	""	not computed at this scope	""	""				n/a	n/a	""	false	excluded	noncoding_target (regulatory; Step 32 - separate benchmark)
urn:mavedb:00000013-a-1	PTEN	ENSG00000171862.16	uniprot	PTEN VAMP-seq	Amino acid scores for variant abundance by massively parallel sequencing (VAMP-seq) applied to PTEN.	Reporter	Loss of function	Regulation of protein stability	Immortalized human cells	PubMed:29785012 (10.1038/s41588-018-0122-z)	CC0	2019-02-18	4409	error columns: sd, se, lower_ci, upper_ci	incomplete	abnormal and normal ranges overlap — Investigator-provided functional classes; ExCALIBR calibration [research use only]; ExCALIBR calibration (ClinVar 2018) [research use only]; Calibration by Gaussian mixture model; IGVF Coding Variant Focus Group -- Controls: Missense Variants Only; IGVF Coding Variant Focus Group -- Controls: All Variants	""	not computed at this scope	""	""				unknown	none	scores_not_downloaded_at_this_scope,genomic_mapping_incomplete	false	candidate	""
urn:mavedb:00000013-b-1	TPMT	ENSG00000137364.7	uniprot	TPMT VAMP-seq	Amino acid scores for variant abundance by massively parallel sequencing (VAMP-seq) applied to TPMT.	""	""	""	""	PubMed:29785012 (10.1038/s41588-018-0122-z)	CC0	2019-02-18	4028	error columns: sd, se, lower_ci, upper_ci	incomplete	none	""	not computed at this scope	""	""				unknown	none	scores_not_downloaded_at_this_scope,genomic_mapping_incomplete	false	candidate	""
urn:mavedb:00000014-a-1	BCL11A	ENSG00000119866.23	target_name	Saturation mutagenesis MPRA of BCL11A enhancer	Saturation mutagenesis MPRA of BCL11A enhancer in HEL 92.1.7 cells.	""	""	""	""	PubMed:31395865 (10.1038/s41467-019-11526-w)	CC0	2019-02-19	2062	none reported in score columns	incomplete	none	""	not computed at this scope	""	""				n/a	n/a	""	false	excluded	noncoding_target (regulatory; Step 32 - separate benchmark)
urn:mavedb:00000015-a-1	F9	ENSG00000101981.13	target_name	Saturation mutagenesis MPRA of F9 promoter	Saturation mutagenesis MPRA of F9 promoter in HepG2 cells.	""	""	""	""	PubMed:31395865 (10.1038/s41467-019-11526-w)	CC0	2019-02-19	984	none reported in score columns	incomplete	none	""	not computed at this scope	""	""				n/a	n/a	""	false	excluded	noncoding_target (regulatory; Step 32 - separate benchmark)
urn:mavedb:00000016-a-1	FOXE1	ENSG00000178919.9	target_name	Saturation mutagenesis MPRA of FOXE1 promoter	Saturation mutagenesis MPRA of FOXE1 promoter in HeLa cells.	""	""	""	""	PubMed:31395865 (10.1038/s41467-019-11526-w)	CC0	2019-02-19	2048	none reported in score columns	incomplete	none	""	not computed at this scope	""	""				n/a	n/a	""	false	excluded	noncoding_target (regulatory; Step 32 - separate benchmark)
urn:mavedb:00000017-a-1	GP1BB	ENSG00000203618.8	target_name	Saturation mutagenesis MPRA of GP1BB promoter	Saturation mutagenesis MPRA of GP1BB promoter in HEL 92.1.7 cells.	""	""	""	""	PubMed:31395865 (10.1038/s41467-019-11526-w)	CC0	2019-02-19	1268	none reported in score columns	incomplete	none	""	not computed at this scope	""	""				n/a	n/a	""	false	excluded	noncoding_target (regulatory; Step 32 - separate benchmark)
urn:mavedb:00000018-a-1	HBB	ENSG00000244734.6	target_name	Saturation mutagenesis MPRA of HBB promoter	Saturation mutagenesis MPRA of HBB promoter in HEL 92.1.7 cells.	""	""	""	""	PubMed:31395865 (10.1038/s41467-019-11526-w)	CC0	2019-02-19	623	none reported in score columns	incomplete	none	""	not computed at this scope	""	""				n/a	n/a	""	false	excluded	noncoding_target (regulatory; Step 32 - separate benchmark)
urn:mavedb:00000019-a-1	HBG1	ENSG00000213934.10	target_name	Saturation mutagenesis MPRA of HBG1 promoter	Saturation mutagenesis MPRA of HBG1 promoter in HEL 92.1.7 cells.	""	""	""	""	PubMed:31395865 (10.1038/s41467-019-11526-w)	CC0	2019-02-19	907	none reported in score columns	incomplete	none	""	not computed at this scope	""	""				n/a	n/a	""	false	excluded	noncoding_target (regulatory; Step 32 - separate benchmark)
urn:mavedb:00000020-a-1	HNF4A	ENSG00000101076.22	target_name	Saturation mutagenesis MPRA of HNF4A promoter	Saturation mutagenesis MPRA of HNF4A promoter in HEK293T cells.	""	""	""	""	PubMed:31395865 (10.1038/s41467-019-11526-w)	CC0	2019-02-19	977	none reported in score columns	incomplete	none	""	not computed at this scope	""	""				n/a	n/a	""	false	excluded	noncoding_target (regulatory; Step 32 - separate benchmark)
urn:mavedb:00000021-a-1	IRF4	ENSG00000137265.18	target_name	Saturation mutagenesis MPRA of IRF4 enhancer	Saturation mutagenesis MPRA of IRF4 enhancer in SK-MEL-28 cells.	""	""	""	""	PubMed:31395865 (10.1038/s41467-019-11526-w)	CC0	2019-02-19	1510	none reported in score columns	incomplete	none	""	not computed at this scope	""	""				n/a	n/a	""	false	excluded	noncoding_target (regulatory; Step 32 - separate benchmark)
urn:mavedb:00000022-a-1	IRF6	ENSG00000117595.15	target_name	Saturation mutagenesis MPRA of IRF6 enhancer	Saturation mutagenesis MPRA of IRF6 enhancer in HaCaT cells.	""	""	""	""	PubMed:31395865 (10.1038/s41467-019-11526-w)	CC0	2019-02-19	1906	none reported in score columns	incomplete	none	""	not computed at this scope	""	""				n/a	n/a	""	false	excluded	noncoding_target (regulatory; Step 32 - separate benchmark)
urn:mavedb:00000023-a-1	LDLR	ENSG00000130164.18	target_name	Saturation mutagenesis MPRA of LDLR promoter, replicate 1	Saturation mutagenesis MPRA of LDLR promoter in HepG2 cells. Biological replicate 1 of 2.	""	""	""	""	PubMed:31395865 (10.1038/s41467-019-11526-w)	CC0	2019-02-19	1083	none reported in score columns	incomplete	none	""	not computed at this scope	""	""				n/a	n/a	""	false	excluded	noncoding_target (regulatory; Step 32 - separate benchmark)
urn:mavedb:00000023-a-2	LDLR	ENSG00000130164.18	target_name	Saturation mutagenesis MPRA of LDLR promoter, replicate 2	Saturation mutagenesis MPRA of LDLR promoter in HepG2 cells. Biological replicate 2 of 2.	""	""	""	""	PubMed:31395865 (10.1038/s41467-019-11526-w)	CC0	2019-02-19	1093	none reported in score columns	incomplete	none	""	not computed at this scope	""	""				n/a	n/a	""	false	excluded	noncoding_target (regulatory; Step 32 - separate benchmark)
urn:mavedb:00000024-a-1	MSMB	ENSG00000263639.8	target_name	Saturation mutagenesis MPRA of MSMB promoter	Saturation mutagenesis MPRA of MSMB promoter in HEK293T cells.	""	""	""	""	PubMed:31395865 (10.1038/s41467-019-11526-w)	CC0	2019-02-19	2019	none reported in score columns	incomplete	none	""	not computed at this scope	""	""				n/a	n/a	""	false	excluded	noncoding_target (regulatory; Step 32 - separate benchmark)
urn:mavedb:00000025-a-1	MYC	ENSG00000136997.22	target_name	Saturation mutagenesis MPRA of MYC enhancer (rs6983267)	Saturation mutagenesis MPRA of MYC enhancer (rs6983267) in HEK293T cells.	""	""	""	""	PubMed:31395865 (10.1038/s41467-019-11526-w)	CC0	2019-02-19	1950	none reported in score columns	incomplete	none	""	not computed at this scope	""	""				n/a	n/a	""	false	excluded	noncoding_target (regulatory; Step 32 - separate benchmark)
urn:mavedb:00000026-a-1	MYC	ENSG00000136997.22	target_name	Saturation mutagenesis MPRA of MYC enhancer (rs11986220)	Saturation mutagenesis MPRA of MYC enhancer (rs11986220) in LNCaP cells with 100nM DHT.	""	""	""	""	PubMed:31395865 (10.1038/s41467-019-11526-w)	CC0	2019-02-19	1681	none reported in score columns	incomplete	none	""	not computed at this scope	""	""				n/a	n/a	""	false	excluded	noncoding_target (regulatory; Step 32 - separate benchmark)
urn:mavedb:00000027-a-1	PKLR	ENSG00000143627.20	target_name	Saturation mutagenesis MPRA of PKLR promoter, 24h	Saturation mutagenesis MPRA of PKLR promoter, 24h post-transfection in K562 cells.	""	""	""	""	PubMed:31395865 (10.1038/s41467-019-11526-w)	CC0	2019-02-19	1776	none reported in score columns	incomplete	none	""	not computed at this scope	""	""				n/a	n/a	""	false	excluded	noncoding_target (regulatory; Step 32 - separate benchmark)
urn:mavedb:00000027-b-1	PKLR	ENSG00000143627.20	target_name	Saturation mutagenesis MPRA of PKLR promoter, 48h	Saturation mutagenesis MPRA of PKLR promoter, 48h post-transfection in K562 cells.	""	""	""	""	PubMed:31395865 (10.1038/s41467-019-11526-w)	CC0	2019-02-19	1794	none reported in score columns	incomplete	none	""	not computed at this scope	""	""				n/a	n/a	""	false	excluded	noncoding_target (regulatory; Step 32 - separate benchmark)
urn:mavedb:00000028-a-1	RET	ENSG00000165731.24	target_name	Saturation mutagenesis MPRA of RET enhancer	Saturation mutagenesis MPRA of RET enhancer in Neuro-2a cells.	""	""	""	""	PubMed:31395865 (10.1038/s41467-019-11526-w)	CC0	2019-02-20	1962	none reported in score columns	incomplete	none	""	not computed at this scope	""	""				n/a	n/a	""	false	excluded	noncoding_target (regulatory; Step 32 - separate benchmark)
urn:mavedb:00000029-a-1	SORT1	ENSG00000134243.14	target_name	Saturation mutagenesis MPRA of SORT1 enhancer, replicate 1	Saturation mutagenesis MPRA of SORT1 enhancer in HepG2 cells. Biological replicate 1 of 2.	""	""	""	""	PubMed:31395865 (10.1038/s41467-019-11526-w)	CC0	2019-02-20	1927	none reported in score columns	incomplete	none	""	not computed at this scope	""	""				n/a	n/a	""	false	excluded	noncoding_target (regulatory; Step 32 - separate benchmark)
urn:mavedb:00000029-a-2	SORT1	ENSG00000134243.14	target_name	Saturation mutagenesis MPRA of SORT1 enhancer, replicate 2	Saturation mutagenesis MPRA of SORT1 enhancer in HepG2 cells. Biological replicate 2 of 2.	""	""	""	""	PubMed:31395865 (10.1038/s41467-019-11526-w)	CC0	2019-02-20	1998	none reported in score columns	incomplete	none	""	not computed at this scope	""	""				n/a	n/a	""	false	excluded	noncoding_target (regulatory; Step 32 - separate benchmark)
urn:mavedb:00000029-b-1	SORT1	ENSG00000134243.14	target_name	Saturation mutagenesis MPRA of SORT1 enhancer, flipped	Saturation mutagenesis MPRA of SORT1 enhancer (reversed orientation) in HepG2 cells.	""	""	""	""	PubMed:31395865 (10.1038/s41467-019-11526-w)	CC0	2019-02-20	1974	none reported in score columns	incomplete	none	""	not computed at this scope	""	""				n/a	n/a	""	false	excluded	noncoding_target (regulatory; Step 32 - separate benchmark)
urn:mavedb:00000030-a-1	TCF7L2	ENSG00000148737.20	target_name	Saturation mutagenesis MPRA of TCF7L2 enhancer	Saturation mutagenesis MPRA of TCF7L2 enhancer in MIN6 cells.	""	""	""	""	PubMed:31395865 (10.1038/s41467-019-11526-w)	CC0	2019-02-20	1910	none reported in score columns	incomplete	none	""	not computed at this scope	""	""				n/a	n/a	""	false	excluded	noncoding_target (regulatory; Step 32 - separate benchmark)
urn:mavedb:00000031-a-1	TERT	ENSG00000164362.23	target_name	Saturation mutagenesis MPRA of TERT promoter, HEK	Saturation mutagenesis MPRA of TERT promoter in HEK293T cells.	""	""	""	""	PubMed:31395865 (10.1038/s41467-019-11526-w)	CC0	2019-02-20	975	none reported in score columns	incomplete	none	""	not computed at this scope	""	""				n/a	n/a	""	false	excluded	noncoding_target (regulatory; Step 32 - separate benchmark)
urn:mavedb:00000031-b-1	TERT	ENSG00000164362.23	target_name	Saturation mutagenesis MPRA of TERT promoter, GBM	Saturation mutagenesis MPRA of TERT promoter in glioblastoma SF7996 (GBM) cells.	""	""	""	""	PubMed:31395865 (10.1038/s41467-019-11526-w)	CC0	2019-02-20	973	none reported in score columns	incomplete	none	""	not computed at this scope	""	""				n/a	n/a	""	false	excluded	noncoding_target (regulatory; Step 32 - separate benchmark)
urn:mavedb:00000031-c-1	TERT	ENSG00000164362.23	target_name	Saturation mutagenesis MPRA of TERT promoter, GBM siRNA knockdown	Saturation mutagenesis MPRA of TERT promoter in glioblastoma SF7996 (GBM) cells, siRNA knockdown of GABPA.	""	""	""	""	PubMed:31395865 (10.1038/s41467-019-11526-w)	CC0	2019-02-20	974	none reported in score columns	incomplete	none	""	not computed at this scope	""	""				n/a	n/a	""	false	excluded	noncoding_target (regulatory; Step 32 - separate benchmark)
urn:mavedb:00000031-d-1	TERT	ENSG00000164362.23	target_name	Saturation mutagenesis MPRA of TERT promoter, GBM siRNA control	Saturation mutagenesis MPRA of TERT promoter in glioblastoma SF7996 (GBM) cells, siRNA scrambled control.	""	""	""	""	PubMed:31395865 (10.1038/s41467-019-11526-w)	CC0	2019-02-20	974	none reported in score columns	incomplete	none	""	not computed at this scope	""	""				n/a	n/a	""	false	excluded	noncoding_target (regulatory; Step 32 - separate benchmark)
urn:mavedb:00000032-a-1			unresolved (target name 'UC88 enhancer')	Saturation mutagenesis MPRA of UC88 enhancer	Saturation mutagenesis MPRA of UC88 (ultraconserved element) enhancer in Neuro-2a cells.	""	""	""	""	PubMed:31395865 (10.1038/s41467-019-11526-w)	CC0	2019-02-20	1964	none reported in score columns	incomplete	none	""	not computed at this scope	""	""				n/a	n/a	""	false	excluded	noncoding_target (regulatory; Step 32 - separate benchmark)
urn:mavedb:00000033-a-1	ZFAND3	ENSG00000156639.14	target_name	Saturation mutagenesis MPRA of ZFAND3 enhancer	Saturation mutagenesis MPRA of ZFAND3 enhancer in MIN6 cells.	""	""	""	""	PubMed:31395865 (10.1038/s41467-019-11526-w)	CC0	2019-02-20	2012	none reported in score columns	incomplete	none	""	not computed at this scope	""	""				n/a	n/a	""	false	excluded	noncoding_target (regulatory; Step 32 - separate benchmark)
urn:mavedb:00000034-a-1			unresolved (target name 'ZRS enhancer')	Saturation mutagenesis MPRA of ZRS enhancer, Hoxd13	Saturation mutagenesis MPRA of ZRS enhancer in NIH3T3 cells. Co-transfected with Hoxd13.	""	""	""	""	PubMed:31395865 (10.1038/s41467-019-11526-w)	CC0	2019-02-20	1661	none reported in score columns	incomplete	none	""	not computed at this scope	""	""				n/a	n/a	""	false	excluded	noncoding_target (regulatory; Step 32 - separate benchmark)
urn:mavedb:00000034-b-1			unresolved (target name 'ZRS enhancer')	Saturation mutagenesis MPRA of ZRS enhancer, Hoxd13+Hand2	Saturation mutagenesis MPRA of ZRS enhancer in NIH3T3 cells. Co-transfected with Hoxd13 and Hand2.	""	""	""	""	PubMed:31395865 (10.1038/s41467-019-11526-w)	CC0	2019-02-20	1662	none reported in score columns	incomplete	none	""	not computed at this scope	""	""				n/a	n/a	""	false	excluded	noncoding_target (regulatory; Step 32 - separate benchmark)
urn:mavedb:00000035-a-1	HMGCR	ENSG00000113161.19	target_name	HMGCR rosuvastatin imputed and refined	A deep mutational scan of HMG-CoA reductase (HMGCR) based on a functional complementation assay in yeast via DMS-TIleSeq in rosuvastatin media.	""	""	""	""	""	CC0	2019-07-15	18448	error columns: se	complete	none	""	not computed at this scope	""	""				unknown	none	scores_not_downloaded_at_this_scope	false	candidate	""
urn:mavedb:00000035-a-2	HMGCR	ENSG00000113161.19	target_name	HMGCR no statin imputed and refined	A deep mutational scan of human HMG-CoA reductase (HMGCR) based on a functional complementation assay in yeast via DMS-TileSeq in glucose media with no statin.	""	""	""	""	""	CC0	2019-07-15	18448	error columns: se	complete	none	""	not computed at this scope	""	""				unknown	none	scores_not_downloaded_at_this_scope	false	candidate	""
urn:mavedb:00000035-a-3	HMGCR	ENSG00000113161.19	target_name	HMGCR atorvastatin imputed and refined	A deep mutational scan of human HMG-CoA reductase (HMGCR) based on a functional complementation assay in yeast via DMS-TileSeq in atorvastatin media.	""	""	""	""	""	CC0	2019-07-15	18448	error columns: se	complete	none	""	not computed at this scope	""	""				unknown	none	scores_not_downloaded_at_this_scope	false	candidate	""
urn:mavedb:00000036-a-1	LDLRAP1	ENSG00000157978.15	target_name	LDLRAP1 OBFC1 imputed and refined	A deep mutational scan of LDLRAP1 based on a Y2H assay with the interactor OBFC1.	""	""	""	""	""	CC0	2019-07-15	6385	error columns: se	complete	none	""	not computed at this scope	""	""				unknown	none	scores_not_downloaded_at_this_scope	false	candidate	""
urn:mavedb:00000036-a-2	LDLRAP1	ENSG00000157978.15	target_name	LDLRAP1 AP2B1 imputed and refined	A deep mutational scan of LDLRAP1 based on a Y2H assay with the interactor AP2B1.	""	""	""	""	""	CC0	2019-07-15	6383	error columns: se	complete	none	""	not computed at this scope	""	""				unknown	none	scores_not_downloaded_at_this_scope	false	candidate	""
urn:mavedb:00000041-a-1	SRC	ENSG00000197122.15	uniprot	Amino acid scores for Src CD	Amino acid scores for deep mutational scan of the Src kinase catalytic domain.	""	""	""	""	PubMed:30956043 (10.1016/j.molcel.2019.02.003)	CC0	2019-08-08	3506	error columns: std	complete	none	""	not computed at this scope	""	""				unknown	none	scores_not_downloaded_at_this_scope	false	candidate	""
urn:mavedb:00000041-b-1	SRC	ENSG00000197122.15	uniprot	Deep mutational scan of Src SH4	Amino acid scores for deep mutational scan of the Src kinase catalytic domain.	""	""	""	""	PubMed:30956043 (10.1016/j.molcel.2019.02.003)	CC0	2019-08-08	360	error columns: std	complete	none	""	not computed at this scope	""	""				unknown	none	scores_not_downloaded_at_this_scope	false	candidate	""
urn:mavedb:00000043-a-1	MPL	ENSG00000117400.19	uniprot	Novel Drivers of MPL-dependent Oncogenic Transformation	The screen was designed to identify all single-amino-acid substitutions in the human TpoR transmembrane (TM) and partial juxtamembrane (JM) regions (488-516) that confer factor-free growth.	""	""	""	""	""	CC0	2019-10-08	2415	replicate columns: SE_Replicate_A, score_Replicate_A, SE_Replicate_B, score_Replicate_B, SE_Replicate_C, score_Replicate_C; error columns: SE, SE_Replicate_A, SE_Replicate_B, SE_Replicate_C, SE_Replicate_D, SE_Replicate_E	incomplete	none	""	not computed at this scope	""	""				unknown	none	scores_not_downloaded_at_this_scope,genomic_mapping_incomplete	false	candidate	""
urn:mavedb:00000043-a-2	MPL	ENSG00000117400.19	uniprot	Novel Modifiers of MPL-dependent Oncogenic Transformation	This screen was designed to identify all single-amino-acid substitutions in the human TpoR transmembrane (TM) and partial juxtamembrane (JM) regions (488-516) that enhance the known S505N TpoR transmembrane domain mutation that causes receptor constitutive activity.	""	""	""	""	""	CC0	2019-10-08	1966	replicate columns: SE_Replicate_1, score_Replicate_1, SE_Replicate_2, score_Replicate_2, SE_Replicate_3, score_Replicate_3; error columns: SE, SE_Replicate_1, SE_Replicate_2, SE_Replicate_3, SE_Replicate_4, SE_Replicate_5	incomplete	none	""	not computed at this scope	""	""				unknown	none	scores_not_downloaded_at_this_scope,genomic_mapping_incomplete	false	candidate	""
urn:mavedb:00000045-a-1	SNCA	ENSG00000145335.19	uniprot	Deep Mutational Scanning of alpha-Synuclein based on Toxicity in Yeast Treated with MG-132	The toxicity of alpha-synuclein missense variants was determined by measuring their change in frequency during yeast outgrowth	""	""	""	""	doi:10.1101/2020.05.01.072884	CC0	2020-06-29	2800	none reported in score columns	complete	none	""	not computed at this scope	""	""				unknown	none	scores_not_downloaded_at_this_scope	false	candidate	""
urn:mavedb:00000045-b-1	SNCA	ENSG00000145335.19	uniprot	Deep Mutational Scanning of alpha-Synuclein based on Toxicity in Yeast Treated with Geldanamycin	The toxicity of alpha-synuclein missense variants was determined by measuring their change in frequency during yeast outgrowth	""	""	""	""	doi:10.1101/2020.05.01.072884	CC0	2020-06-29	2800	none reported in score columns	complete	none	""	not computed at this scope	""	""				unknown	none	scores_not_downloaded_at_this_scope	false	candidate	""
urn:mavedb:00000045-c-1	SNCA	ENSG00000145335.19	uniprot	Deep Mutational Scanning of alpha-Synuclein based on Toxicity in Yeast Treated with Miconazole	The toxicity of alpha-synuclein missense variants was determined by measuring their change in frequency during yeast outgrowth	""	""	""	""	doi:10.1101/2020.05.01.072884	CC0	2020-06-29	2800	none reported in score columns	complete	none	""	not computed at this scope	""	""				unknown	none	scores_not_downloaded_at_this_scope	false	candidate	""
urn:mavedb:00000045-d-1	SNCA	ENSG00000145335.19	uniprot	Deep Mutational Scanning of alpha-Synuclein based on Toxicity in Yeast Treated with Melatonin	The toxicity of alpha-synuclein missense variants was determined by measuring their change in frequency during yeast outgrowth	""	""	""	""	doi:10.1101/2020.05.01.072884	CC0	2020-06-29	2800	none reported in score columns	complete	none	""	not computed at this scope	""	""				unknown	none	scores_not_downloaded_at_this_scope	false	candidate	""
urn:mavedb:00000045-e-1	SNCA	ENSG00000145335.19	uniprot	Deep Mutational Scanning of alpha-Synuclein based on Toxicity in Yeast Treated with Menadione	The toxicity of alpha-synuclein missense variants was determined by measuring their change in frequency during yeast outgrowth	""	""	""	""	doi:10.1101/2020.05.01.072884	CC0	2020-06-29	2800	none reported in score columns	complete	none	""	not computed at this scope	""	""				unknown	none	scores_not_downloaded_at_this_scope	false	candidate	""
urn:mavedb:00000045-f-1	SNCA	ENSG00000145335.19	uniprot	Deep Mutational Scanning of alpha-Synuclein based on Toxicity in Yeast Treated with Spermidine	The toxicity of alpha-synuclein missense variants was determined by measuring their change in frequency during yeast outgrowth	""	""	""	""	doi:10.1101/2020.05.01.072884	CC0	2020-06-29	2800	none reported in score columns	complete	none	""	not computed at this scope	""	""				unknown	none	scores_not_downloaded_at_this_scope	false	candidate	""
urn:mavedb:00000045-g-1	SNCA	ENSG00000145335.19	uniprot	Deep Mutational Scanning of alpha-Synuclein based on Toxicity in Yeast Treated with Dopamine	The toxicity of alpha-synuclein missense variants was determined by measuring their change in frequency during yeast outgrowth	""	""	""	""	doi:10.1101/2020.05.01.072884	CC0	2020-06-29	2800	none reported in score columns	complete	none	""	not computed at this scope	""	""				unknown	none	scores_not_downloaded_at_this_scope	false	candidate	""
urn:mavedb:00000045-h-1	SNCA	ENSG00000145335.19	uniprot	Deep Mutational Scanning of alpha-Synuclein based on Toxicity in Yeast	The toxicity of alpha-synuclein missense variants was determined by measuring their change in frequency during yeast outgrowth	""	""	""	""	PubMed:32152544 (10.1038/s41589-020-0480-6)	CC0	2020-06-29	2800	none reported in score columns	complete	none	""	not computed at this scope	""	""				unknown	none	scores_not_downloaded_at_this_scope	false	candidate	""
urn:mavedb:00000045-i-1	SNCA	ENSG00000145335.19	uniprot	Deep Mutational Scanning of alpha-Synuclein based on Toxicity in Yeast Treated with Rapamycin	The toxicity of alpha-synuclein missense variants was determined by measuring their change in frequency during yeast outgrowth	""	""	""	""	doi:10.1101/2020.05.01.072884	CC0	2020-06-29	2800	none reported in score columns	complete	none	""	not computed at this scope	""	""				unknown	none	scores_not_downloaded_at_this_scope	false	candidate	""
urn:mavedb:00000045-j-1	SNCA	ENSG00000145335.19	uniprot	Deep Mutational Scanning of alpha-Synuclein based on Toxicity in Yeast Treated with Tunicamycin	The toxicity of alpha-synuclein missense variants was determined by measuring their change in frequency during yeast outgrowth	""	""	""	""	doi:10.1101/2020.05.01.072884	CC0	2020-06-29	2800	none reported in score columns	complete	none	""	not computed at this scope	""	""				unknown	none	scores_not_downloaded_at_this_scope	false	candidate	""
urn:mavedb:00000045-k-1	SNCA	ENSG00000145335.19	uniprot	Deep Mutational Scanning of alpha-Synuclein based on Expression Level in Yeast	The expression level of alpha-synuclein missense variants was determined by cell sorting of yeast expressing each variant fused to GFP	""	""	""	""	PubMed:32152544 (10.1038/s41589-020-0480-6)	CC0	2020-06-29	2800	none reported in score columns	complete	none	""	not computed at this scope	""	""				unknown	none	scores_not_downloaded_at_this_scope	false	candidate	""
urn:mavedb:00000045-l-1	SNCA	ENSG00000145335.19	uniprot	Deep Mutational Scanning of alpha-Synuclein based on Toxicity in Yeast Treated with Brefeldin A	The toxicity of alpha-synuclein missense variants was determined by measuring their change in frequency during yeast outgrowth	""	""	""	""	doi:10.1101/2020.05.01.072884	CC0	2020-06-29	2800	none reported in score columns	complete	none	""	not computed at this scope	""	""				unknown	none	scores_not_downloaded_at_this_scope	false	candidate	""
urn:mavedb:00000046-a-1	CD86	ENSG00000114013.17	uniprot	CD86 Surface Expression	Library pre-screened for variants that support expression of CD86 at the cell surface.	""	""	""	""	""	CC0	2020-09-05	32347	replicate columns: SE_Replicate_1, score_Replicate_1, SE_Replicate_2, score_Replicate_2, SE_Replicate_3, score_Replicate_3; error columns: SE, SE_Replicate_1, SE_Replicate_2, SE_Replicate_3	incomplete	none	""	not computed at this scope	""	""				unknown	none	scores_not_downloaded_at_this_scope,genomic_mapping_incomplete	false	candidate	""
urn:mavedb:00000046-a-2	CD86	ENSG00000114013.17	uniprot	CD86 susceptibility to MIR2	MIR2, which targets CD86 for down-regulation, was expressed in cells with CD86 at the cell surface. Cells that remained CD86 positive were sorted. Enrich2 log ratios were calculated with wild-type normalisation to determine which variants were enriched after selection thereby determining which varia	""	""	""	""	""	CC0	2020-09-05	4360	replicate columns: SE_Replicate_1, score_Replicate_1, SE_Replicate_2, score_Replicate_2, SE_Replicate_3, score_Replicate_3; error columns: SE, SE_Replicate_1, SE_Replicate_2, SE_Replicate_3	incomplete	none	""	not computed at this scope	""	""				unknown	none	scores_not_downloaded_at_this_scope,genomic_mapping_incomplete	false	candidate	""
urn:mavedb:00000046-a-3	CD86	ENSG00000114013.17	uniprot	CD86 susceptibility to MARCH1	MARCH1, which targets CD86 for down-regulation, was expressed in cells with CD86 at the cell surface.  Cells that remained CD86 positive were sorted. Enrich2 log ratios were calculated with wild-type normalisation to determine which variants were enriched after selection thereby determining which va	""	""	""	""	""	CC0	2020-09-05	7635	replicate columns: SE_Replicate_1, score_Replicate_1, SE_Replicate_2, score_Replicate_2, SE_Replicate_3, score_Replicate_3; error columns: SE, SE_Replicate_1, SE_Replicate_2, SE_Replicate_3	incomplete	none	""	not computed at this scope	""	""				unknown	none	scores_not_downloaded_at_this_scope,genomic_mapping_incomplete	false	candidate	""
urn:mavedb:00000047-a-1	CCR5	ENSG00000160791.15	uniprot	CCR5 surface expression	Deep mutational scan selecting for cell surface expression of CCR5 in Expi293F cells.	""	""	""	""	""	CC0	2020-11-11	7020	replicate columns: rep1_anti-myc-FITC, rep2_anti-myc-FITC, rep1_anti-myc-Alexa, rep2_anti-myc-Alexa	incomplete	none	""	not computed at this scope	""	""				unknown	none	scores_not_downloaded_at_this_scope,genomic_mapping_incomplete	false	candidate	""
urn:mavedb:00000047-b-1	CCR5	ENSG00000160791.15	uniprot	CCR5 Ab 2D7 binding	Deep mutational scan selecting for CCR5 binding to Ab 2D7 in Expi293F cells.	""	""	""	""	PubMed:29678950 (10.4049/jimmunol.1800343)	CC0	2020-11-11	7020	replicate columns: rep1, rep2	incomplete	none	""	not computed at this scope	""	""				unknown	none	scores_not_downloaded_at_this_scope,genomic_mapping_incomplete	false	candidate	""
urn:mavedb:00000047-c-1	CCR5	ENSG00000160791.15	uniprot	CCR5 HIV binding	Deep mutational scan selecting for CCR5 binding to HIV-1(BaL) gp120-CD4 in Expi293F cells.	""	""	""	""	PubMed:29678950 (10.4049/jimmunol.1800343)	CC0	2020-11-11	7020	replicate columns: rep1, rep2	incomplete	none	""	not computed at this scope	""	""				unknown	none	scores_not_downloaded_at_this_scope,genomic_mapping_incomplete	false	candidate	""
urn:mavedb:00000048-a-1	CXCR4	ENSG00000121966.8	uniprot	CXCR4 surface expression	Deep mutational scan selecting for cell surface expression of CXCR4 in Expi293F cells.	""	""	""	""	""	CC0	2020-11-11	7021	replicate columns: rep1_anti-myc-FITC, rep2_anti-myc-FITC, rep1_anti-myc-Alexa, rep2_anti-myc-Alexa	incomplete	none	""	not computed at this scope	""	""				unknown	none	scores_not_downloaded_at_this_scope,genomic_mapping_incomplete	false	candidate	""
urn:mavedb:00000048-b-1	CXCR4	ENSG00000121966.8	uniprot	CXCR4 CXCL12 binding	Deep mutational scan selecting for CXCR4 binding to CXCL12 in Expi293F cells.	""	""	""	""	""	CC0	2020-11-11	7021	replicate columns: rep1, rep2	incomplete	none	""	not computed at this scope	""	""				unknown	none	scores_not_downloaded_at_this_scope,genomic_mapping_incomplete	false	candidate	""
urn:mavedb:00000048-c-1	CXCR4	ENSG00000121966.8	uniprot	CXCR4 Ab 12G5 binding	Deep mutational scan selecting for CXCR4 binding to Ab 12G5 in Expi293F cells.	""	""	""	""	""	CC0	2020-11-11	7021	replicate columns: rep1, rep2	incomplete	none	""	not computed at this scope	""	""				unknown	none	scores_not_downloaded_at_this_scope,genomic_mapping_incomplete	false	candidate	""
urn:mavedb:00000049-a-1	MTHFR	ENSG00000177000.15	ensembl_id	MTHFR at 100ug/ml folate in WT background	A deep mutational scan of human MTHFR via functional complementation in yeast at 100ug/ml folate in WT background	""	""	""	""	""	CC0	2020-11-20	13704	error columns: se	incomplete	none	""	not computed at this scope	""	""				unknown	none	scores_not_downloaded_at_this_scope,genomic_mapping_incomplete	false	candidate	""
urn:mavedb:00000049-a-2	MTHFR	ENSG00000177000.15	ensembl_id	MTHFR at 25ug/ml folate in A222V background	A deep mutational scan of human MTHFR via functional complementation in yeast at 25ug/ml folate in A222V background	""	""	""	""	""	CC0	2020-11-20	13690	error columns: se	incomplete	none	""	not computed at this scope	""	""				unknown	none	scores_not_downloaded_at_this_scope,genomic_mapping_incomplete	false	candidate	""
urn:mavedb:00000049-a-3	MTHFR	ENSG00000177000.15	ensembl_id	MTHFR at 100ug/ml folate in A222V background	A deep mutational scan of human MTHFR via functional complementation in yeast at 100ug/ml folate in A222V background	""	""	""	""	""	CC0	2020-11-20	13690	error columns: se	incomplete	none	""	not computed at this scope	""	""				unknown	none	scores_not_downloaded_at_this_scope,genomic_mapping_incomplete	false	candidate	""
urn:mavedb:00000049-a-4	MTHFR	ENSG00000177000.15	ensembl_id	MTHFR at 12ug/ml folate in WT background	A deep mutational scan of human MTHFR via functional complementation in yeast at 12ug/ml folate in WT background	""	""	""	""	""	CC0	2020-11-20	13704	error columns: se	incomplete	none	""	not computed at this scope	""	""				unknown	none	scores_not_downloaded_at_this_scope,genomic_mapping_incomplete	false	candidate	""
urn:mavedb:00000049-a-5	MTHFR	ENSG00000177000.15	ensembl_id	MTHFR at 12ug/ml folate in A222V background	A deep mutational scan of human MTHFR via functional complementation in yeast at 12ug/ml folate in A222V background	""	""	""	""	""	CC0	2020-11-20	13690	error columns: se	incomplete	none	""	not computed at this scope	""	""				unknown	none	scores_not_downloaded_at_this_scope,genomic_mapping_incomplete	false	candidate	""
urn:mavedb:00000049-a-6	MTHFR	ENSG00000177000.15	ensembl_id	MTHFR at 25ug/ml folate in WT background	A deep mutational scan of human MTHFR via functional complementation in yeast at 25ug/ml folate in WT background	""	""	""	""	""	CC0	2020-11-20	13704	error columns: se	incomplete	none	""	not computed at this scope	""	""				unknown	none	scores_not_downloaded_at_this_scope,genomic_mapping_incomplete	false	candidate	""
urn:mavedb:00000049-a-7	MTHFR	ENSG00000177000.15	ensembl_id	MTHFR at 200ug/ml folate in WT background	A deep mutational scan of human MTHFR via functional complementation in yeast at 200ug/ml folate in WT background	""	""	""	""	""	CC0	2020-11-20	12538	error columns: sd, se	complete	none	""	not computed at this scope	""	""				unknown	none	scores_not_downloaded_at_this_scope	false	candidate	""
urn:mavedb:00000049-a-8	MTHFR	ENSG00000177000.15	ensembl_id	MTHFR at 200ug/ml folate in A222V background	A deep mutational scan of human MTHFR via functional complementation in yeast at 200ug/ml folate in A222V background	""	""	""	""	""	CC0	2020-11-20	12141	error columns: sd, se	complete	none	""	not computed at this scope	""	""				unknown	none	scores_not_downloaded_at_this_scope	false	candidate	""
urn:mavedb:00000050-a-1	MSH2	ENSG00000095002.18	uniprot	MSH2 LOF scores (HAP1)	MSH2 loss-of-function (LOF) scores in human HAP1 cells.	Cell fitness	Loss of function	DNA and Mismatch repair	Immortalized human cells	PubMed:33357406 (10.1016/j.ajhg.2020.12.003)	CC0	2020-11-25	17746	none reported in score columns	complete	abnormal range(s) above normal range(s) — Investigator-provided functional classes; Scott calibration; IGVF Coding Variant Focus Group -- Controls: Missense Variants Only; ExCALIBR calibration [research use only]; ExCALIBR calibration (ClinVar 2018) [research use only]; IGVF Coding Variant Focus Group -- Controls: All Variants	higher_is_more_damaging	not computed at this scope	""	""				higher_is_more_damaging	medium	scores_not_downloaded_at_this_scope	false	candidate	""
urn:mavedb:00000051-a-1	SELL	ENSG00000188404.12	uniprot	C-terminal of L-Selectin	A deep mutational scanning experiment targeting the CLS helix region on the bacterial inner membrane.	""	""	""	""	PubMed:26824389 (10.7554/eLife.12125)	CC0	2020-12-02	540	none reported in score columns	incomplete	none	""	not computed at this scope	""	""				unknown	none	scores_not_downloaded_at_this_scope,genomic_mapping_incomplete	false	candidate	""
urn:mavedb:00000051-b-1	ERBB2	ENSG00000141736.16	uniprot	Helix region of ErbB2	A deep mutational scanning experiment targeting ErbB2 helix region on the bacterial inner membrane.	""	""	""	""	PubMed:26824389 (10.7554/eLife.12125)	CC0	2020-12-10	480	none reported in score columns	complete	none	""	not computed at this scope	""	""				unknown	none	scores_not_downloaded_at_this_scope	false	candidate	""
urn:mavedb:00000051-c-1	GYPA	ENSG00000170180.23	uniprot	Helix region of Glycophorin A	A deep mutational scanning experiment targeting the GpA helix region on the bacterial inner membrane.	""	""	""	""	PubMed:26824389 (10.7554/eLife.12125)	CC0	2020-12-10	300	none reported in score columns	complete	none	""	not computed at this scope	""	""				unknown	none	scores_not_downloaded_at_this_scope	false	candidate	""
urn:mavedb:00000053-a-1	DLG4	ENSG00000132535.23	uniprot	Pairwise mutations in PSD95 PDZ3	This contains the double mutations found in the dataset	""	""	""	""	""	CC0	2020-12-20	648022	none reported in score columns	failed	none	""	not computed at this scope	""	""				unknown	none	scores_not_downloaded_at_this_scope,genomic_mapping_failed	false	candidate	""
urn:mavedb:00000053-a-2	DLG4	ENSG00000132535.23	uniprot	Single mutations in PSD95 PDZ3	This contains the single mutations found in the dataset	""	""	""	""	""	CC0	2020-12-20	1235	none reported in score columns	complete	none	""	not computed at this scope	""	""				unknown	none	scores_not_downloaded_at_this_scope	false	candidate	""
urn:mavedb:00000054-a-1	PTEN	ENSG00000171862.16	uniprot	PTEN lipid phosphatase scores	PTEN activity measured using a lipid phosphatase assay in a humanized yeast model.	Cell fitness	Loss of function	Catalytic and Lipid phosphatase activity	Yeast	PubMed:29706350 (10.1016/j.ajhg.2018.03.018)	CC0	2021-01-03	8681	error columns: SE, A_SE, B_SE, A1_SE, A2_SE, A3_SE	incomplete	abnormal range(s) below normal range(s) — IGVF Coding Variant Focus Group -- Controls: All Variants; ExCALIBR calibration [research use only]; ExCALIBR calibration (ClinVar 2018) [research use only]; Investigator-provided functional classes	lower_is_more_damaging	not computed at this scope	""	""				lower_is_more_damaging	medium	scores_not_downloaded_at_this_scope,genomic_mapping_incomplete	false	candidate	""
urn:mavedb:00000055-0-1	NUDT15	ENSG00000136159.6	uniprot	NUDT15 combined scores	NUDT15 activity scores from combining thiopurine-cytotoxicity and protein stability results.	""	""	""	""	PubMed:32094176 (10.1073/pnas.1915680117)	CC0	2021-09-30	3015	none reported in score columns	complete	none	""	not computed at this scope	""	""				n/a	n/a	""	false	excluded	meta_analysis (derived from other score sets, not a direct measurement)
urn:mavedb:00000055-a-1	NUDT15	ENSG00000136159.6	uniprot	NUDT15 protein stability scores	NUDT15 protein stability scores measured by VAMP-seq.	""	""	""	""	""	CC0	2021-01-12	3100	error columns: sd	incomplete	none	""	not computed at this scope	""	""				unknown	none	scores_not_downloaded_at_this_scope,genomic_mapping_incomplete	false	candidate	""
urn:mavedb:00000055-b-1	NUDT15	ENSG00000136159.6	uniprot	NUDT15 activity scores	NUDT15 activity scores measured by a thiopurine-cytotoxicity-based screen.	""	""	""	""	""	CC0	2021-01-12	3100	error columns: sd	incomplete	none	""	not computed at this scope	""	""				unknown	none	scores_not_downloaded_at_this_scope,genomic_mapping_incomplete	false	candidate	""
urn:mavedb:00000057-a-1	HRAS	ENSG00000174775.20	uniprot	Unregulated-Ras	Selection result of Ras mutants expressed without the GAP or the GEF	""	""	""	""	PubMed:28686159 (10.7554/eLife.27810)	CC0	2021-01-17	3300	none reported in score columns	complete	none	""	not computed at this scope	""	""				unknown	none	scores_not_downloaded_at_this_scope	false	candidate	""
urn:mavedb:00000057-b-1	HRAS	ENSG00000174775.20	uniprot	Attenuated-Ras	Selection result of Ras mutants expressed in the presence of the GAP, but without the GEF	""	""	""	""	PubMed:28686159 (10.7554/eLife.27810)	CC0	2021-01-17	3300	none reported in score columns	complete	none	""	not computed at this scope	""	""				unknown	none	scores_not_downloaded_at_this_scope	false	candidate	""
urn:mavedb:00000057-c-1	HRAS	ENSG00000174775.20	uniprot	Regulated-Ras	In the presence of a GAP and a GEF, selection result on the mutated H-Ras.	""	""	""	""	PubMed:28686159 (10.7554/eLife.27810)	CC0	2021-01-17	3300	none reported in score columns	complete	none	""	not computed at this scope	""	""				unknown	none	scores_not_downloaded_at_this_scope	false	candidate	""
urn:mavedb:00000057-d-1	HRAS	ENSG00000174775.20	uniprot	G12V mutated Ras	Selection on the oncogenic G12V mutated type of Ras	""	""	""	""	PubMed:28686159 (10.7554/eLife.27810)	CC0	2021-01-17	3300	none reported in score columns	complete	none	""	not computed at this scope	""	""				unknown	none	scores_not_downloaded_at_this_scope	false	candidate	""
urn:mavedb:00000058-a-1	APP	ENSG00000142192.24	uniprot	Amino acid scores for Aβ42 variants	Amino acid level scores for molecular determinants of Aβ aggregation with deep mutational scanning	""	""	""	""	PubMed:31558564 (10.1534/g3.119.400535)	CC0	2021-01-18	2162	error columns: SE	incomplete	none	""	not computed at this scope	""	""				unknown	none	scores_not_downloaded_at_this_scope,genomic_mapping_incomplete	false	candidate	""
urn:mavedb:00000059-a-1	TP53	ENSG00000141510.21	uniprot	p53 variant effect measured by cell growth	The impact of p53 variant is represented by the frequency change of cells harboring that mutation over several time point.	""	""	""	""	PubMed:29979965 (10.1016/j.molcel.2018.06.012)	CC0	2021-01-18	9273	none reported in score columns	incomplete	none	""	truncating (n=2654, median 0.431) vs synonymous (n=572, median -2.42); AUC 1.00	higher_is_more_damaging	truncating_vs_synonymous	1.0	9273	4069	higher_is_more_damaging	medium	genomic_mapping_incomplete	true	candidate	""
urn:mavedb:00000060-a-1	TARDBP	ENSG00000120948.21	ensembl_id	TDP-43 toxicity	Deep mutational scanning of TDP-43 prion-like domain (AA 290-331) using a toxicity assay	Cell fitness	Loss of function	Molecular condensate scaffold activity	Yeast	PubMed:31519910 (10.1038/s41467-019-12101-z)	CC0	2021-01-29	704	error columns: se	complete	calibration present but direction not determinable — Investigator-provided functional classes; ExCALIBR calibration [research use only]	""	not computed at this scope	""	""				unknown	none	scores_not_downloaded_at_this_scope	false	candidate	""
urn:mavedb:00000060-a-2	TARDBP	ENSG00000120948.21	ensembl_id	TDP-43 toxicity	Deep mutational scanning of TDP-43 prion-like domain (AA 332-373) using a toxicity assay	Cell fitness	Loss of function	Molecular condensate scaffold activity	Yeast	PubMed:31519910 (10.1038/s41467-019-12101-z)	CC0	2021-01-29	714	error columns: se	complete	calibration present but direction not determinable — ExCALIBR calibration [research use only]; Investigator-provided functional classes	""	not computed at this scope	""	""				unknown	none	scores_not_downloaded_at_this_scope	false	candidate	""
urn:mavedb:00000061-a-1	RAF1	ENSG00000132155.16	uniprot	RAF variant selected after 2h	Measuring the interaction of mutated RAF to RAS by a new phage-assisted continuous selection (PACS) system.	""	""	""	""	PubMed:31808666 (10.1021/acschembio.9b00669)	CC0	2021-04-14	298	replicate columns: score_rep1, score_rep2, score_rep3	complete	none	""	not computed at this scope	""	""				unknown	none	scores_not_downloaded_at_this_scope	false	candidate	""
urn:mavedb:00000061-b-1	RAF1	ENSG00000132155.16	uniprot	RAF variant selected after 4h	Measuring the interaction of mutated RAF to RAS by a new phage-assisted continuous selection (PACS) system	""	""	""	""	PubMed:31808666 (10.1021/acschembio.9b00669)	CC0	2021-04-14	298	replicate columns: score_rep1, score_rep2, score_rep3	complete	none	""	not computed at this scope	""	""				unknown	none	scores_not_downloaded_at_this_scope	false	candidate	""
urn:mavedb:00000061-c-1	RAF1	ENSG00000132155.16	uniprot	RAF variant selected after 6h	Measuring the interaction of mutated RAF to RAS by a new phage-assisted continuous selection (PACS) system.	""	""	""	""	PubMed:31808666 (10.1021/acschembio.9b00669)	CC0	2021-04-14	298	replicate columns: score_rep1, score_rep2, score_rep3	complete	none	""	not computed at this scope	""	""				unknown	none	scores_not_downloaded_at_this_scope	false	candidate	""
urn:mavedb:00000061-d-1	RAF1	ENSG00000132155.16	uniprot	RAF variant selected after 8h	Measuring the interaction of mutated RAF to RAS by a new phage-assisted continuous selection (PACS) system.	""	""	""	""	PubMed:31808666 (10.1021/acschembio.9b00669)	CC0	2021-04-14	298	replicate columns: score_rep1, score_rep2, score_rep3	complete	none	""	not computed at this scope	""	""				unknown	none	scores_not_downloaded_at_this_scope	false	candidate	""
urn:mavedb:00000061-e-1	RAF1	ENSG00000132155.16	uniprot	RAF variant selected after 10h	Measuring the interaction of mutated RAF to RAS by a new phage-assisted continuous selection (PACS) system.	""	""	""	""	PubMed:31808666 (10.1021/acschembio.9b00669)	CC0	2021-04-14	298	replicate columns: score_rep1, score_rep2, score_rep3	complete	none	""	not computed at this scope	""	""				unknown	none	scores_not_downloaded_at_this_scope	false	candidate	""
urn:mavedb:00000061-f-1	RAF1	ENSG00000132155.16	uniprot	RAF variant selected after 12h	Measuring the interaction of mutated RAF to RAS by a new phage-assisted continuous selection (PACS) system.	""	""	""	""	PubMed:31808666 (10.1021/acschembio.9b00669)	CC0	2021-04-14	298	replicate columns: score_rep1, score_rep2, score_rep3	complete	none	""	not computed at this scope	""	""				unknown	none	scores_not_downloaded_at_this_scope	false	candidate	""
urn:mavedb:00000061-g-1	RAF1	ENSG00000132155.16	uniprot	RAF variant selected after 24h	Measuring the interaction of mutated RAF to RAS by a new phage-assisted continuous selection (PACS) system.	""	""	""	""	PubMed:31808666 (10.1021/acschembio.9b00669)	CC0	2021-04-14	298	replicate columns: score_rep1, score_rep2, score_rep3	complete	none	""	not computed at this scope	""	""				unknown	none	scores_not_downloaded_at_this_scope	false	candidate	""
urn:mavedb:00000061-h-1	RAF1	ENSG00000132155.16	uniprot	RAF variant selected after 48h	Measuring the interaction of mutated RAF to RAS by a new phage-assisted continuous selection (PACS) system.	""	""	""	""	PubMed:31808666 (10.1021/acschembio.9b00669)	CC0	2021-04-14	298	replicate columns: score_rep1, score_rep2, score_rep3	complete	none	""	not computed at this scope	""	""				unknown	none	scores_not_downloaded_at_this_scope	false	candidate	""
urn:mavedb:00000061-i-1	RAF1	ENSG00000132155.16	uniprot	RAF variant selected after 72h	Measuring the interaction of mutated RAF to RAS by a new phage-assisted continuous selection (PACS) system.	""	""	""	""	PubMed:31808666 (10.1021/acschembio.9b00669)	CC0	2021-04-14	298	replicate columns: score_rep1, score_rep2, score_rep3	complete	none	""	not computed at this scope	""	""				unknown	none	scores_not_downloaded_at_this_scope	false	candidate	""
urn:mavedb:00000062-a-1	CYP2C9	ENSG00000138109.13	uniprot	Abundance of CYP2C9 variants	This study tested the protein abundance of CYP2C9 variants by fusing green fluorescent protein.	""	""	""	""	PubMed:32004414 (10.1111/cts.12758)	CC0	2021-04-15	109	error columns: sd, se, lower_ci, upper_ci	complete	none	""	not computed at this scope	""	""				unknown	none	scores_not_downloaded_at_this_scope	false	candidate	""
urn:mavedb:00000062-b-1	CYP2C19	ENSG00000165841.13	uniprot	Abundance of CYP2C19 variants	This study tested the protein abundance of CYP2C19 variants by fusing green fluorescent protein.	""	""	""	""	PubMed:32004414 (10.1111/cts.12758)	CC0	2021-04-15	121	error columns: sd, se, lower_ci, upper_ci	complete	none	""	not computed at this scope	""	""				unknown	none	scores_not_downloaded_at_this_scope	false	candidate	""
urn:mavedb:00000065-a-1	NCS1	ENSG00000107130.12	target_name	NCS1 variant effect map score set	NCS1 variant effect map score set.	""	""	""	""	""	CC0	2021-08-16	3341	replicate columns: num_replicates; error columns: score_sd	complete	none	""	not computed at this scope	""	""				unknown	none	scores_not_downloaded_at_this_scope	false	candidate	""
urn:mavedb:00000066-a-1	GDI1	ENSG00000203879.14	uniprot	GDI1  variant effect map score set	GDI1  variant effect map score set (Short description - to be updated)	""	""	""	""	""	CC0	2021-08-16	5008	replicate columns: num_replicates; error columns: score_sd	complete	none	""	not computed at this scope	""	""				unknown	none	scores_not_downloaded_at_this_scope	false	candidate	""
urn:mavedb:00000067-a-1	TECR	ENSG00000099797.17	uniprot	TECR variant effect map score set	TECR variant effect map score set (Short description - to be updated)	""	""	""	""	""	CC0	2021-08-16	4235	replicate columns: num_replicates; error columns: score_sd	complete	none	""	not computed at this scope	""	""				unknown	none	scores_not_downloaded_at_this_scope	false	candidate	""
urn:mavedb:00000068-0-1	TP53	ENSG00000141510.21	target_name	Combined score using three assays of TP53 activity that assess loss of function or dominant negative effect	Combined score using three assays of TP53 activity that assess loss of function or dominant negative effect	Not applicable (trained predictor)	Loss of function or dominant-negative effect	""	Not applicable	PubMed:30224644 (10.1038/s41588-018-0204-y)	CC0	2025-05-08	8258	none reported in score columns	incomplete	abnormal range(s) above normal range(s) — ExCALIBR calibration [research use only]; ExCALIBR calibration (ClinVar 2018) [research use only]; Investigator-provided functional classes	higher_is_more_damaging	not computed at this scope	""	""				n/a	n/a	""	true	excluded	meta_analysis (derived from other score sets, not a direct measurement)
urn:mavedb:00000068-a-1	TP53	ENSG00000141510.21	target_name	Mutated p53 paired with wildtype under nutlin-3	TP53 saturation mutagenesis screens with TP53 wild-type using nutlin-3 which interrupts a negative regulator of p53	Cell fitness	Dominant-negative effect	DNA damage response, signal transduction by p53 class mediator and MDM2/MDM4 family protein binding	Immortalized human cells	PubMed:30224644 (10.1038/s41588-018-0204-y)	CC0	2021-09-16	8274	none reported in score columns	incomplete	abnormal range(s) above normal range(s) — ExCALIBR calibration [research use only]; ExCALIBR calibration (ClinVar 2018) [research use only]; Investigator-provided functional classes	higher_is_more_damaging	truncating (n=393, median -0.264) vs synonymous (n=378, median 0.0495); AUC 0.22	lower_is_more_damaging	truncating_vs_synonymous	0.217	8258	7487	conflict	none	genomic_mapping_incomplete	true	candidate	""
urn:mavedb:00000068-b-1	TP53	ENSG00000141510.21	target_name	Mutated p53 with nutlin-3	TP53 saturation mutagenesis screens with TP53 null cell line using nutlin-3 which interrupts a negative regulator of p53	Cell fitness	Loss of function	DNA damage response, signal transduction by p53 class mediator and MDM2/MDM4 family protein binding	Immortalized human cells	PubMed:30224644 (10.1038/s41588-018-0204-y)	CC0	2021-09-16	8274	none reported in score columns	incomplete	abnormal range(s) above normal range(s) — ExCALIBR calibration [research use only]; ExCALIBR calibration (ClinVar 2018) [research use only]; Investigator-provided functional classes	higher_is_more_damaging	truncating (n=393, median 1.16) vs synonymous (n=378, median -0.254); AUC 0.84	higher_is_more_damaging	truncating_vs_synonymous	0.836	8258	7487	higher_is_more_damaging	high	genomic_mapping_incomplete	true	candidate	""
urn:mavedb:00000068-c-1	TP53	ENSG00000141510.21	target_name	Mutated p53 with etoposide	TP53 saturation mutagenesis screens with TP53 null cell line using etoposide which is a DNA double-strand break-inducing agent.	Cell fitness	Loss of function	Double-strand break repair, damage response, signal transduction by p53 class mediator and Response to etoposide	Immortalized human cells	PubMed:30224644 (10.1038/s41588-018-0204-y)	CC0	2021-09-16	8274	none reported in score columns	incomplete	abnormal range(s) below normal range(s) — ExCALIBR calibration [research use only]; ExCALIBR calibration (ClinVar 2018) [research use only]; Investigator-provided functional classes	lower_is_more_damaging	truncating (n=393, median -1.52) vs synonymous (n=378, median 0.365); AUC 0.10	lower_is_more_damaging	truncating_vs_synonymous	0.104	8258	7487	lower_is_more_damaging	high	genomic_mapping_incomplete	true	candidate	""
urn:mavedb:00000069-a-1	ACE2	ENSG00000130234.15	target_name	ACE2 binding to SARS-CoV-2 spike protein, high affinity	ACE2 variants with high binding affinity to the SARS-CoV-2 spike protein.	""	""	""	""	PubMed:32753553 (10.1126/science.abc0870)	CC0	2021-09-16	2341	replicate columns: rep1, rep2	complete	none	""	not computed at this scope	""	""				unknown	none	scores_not_downloaded_at_this_scope	false	candidate	""
urn:mavedb:00000069-a-2	ACE2	ENSG00000130234.15	mavedb_mapping	ACE2 binding to SARS-CoV-2 spike protein, low affinity	ACE2 variants with low binding affinity to the SARS-CoV-2 spike protein.	""	""	""	""	""	CC0	2021-09-16	2341	replicate columns: rep1, rep2	processing	none	""	not computed at this scope	""	""				unknown	none	scores_not_downloaded_at_this_scope,genomic_mapping_processing	false	candidate	""
urn:mavedb:00000072-a-1	IGHG1		uniprot	Human IgG1 Fc stability	Deep mutational scan of human IgG1 (CH3 domain) binding by CD64 and anti-human CH2, under 79C heat stress as a proxy for stability.	""	""	""	""	PubMed:22846908 (10.1016/j.jmb.2012.07.017)	CC0	2021-09-25	698	none reported in score columns	failed	none	""	not computed at this scope	""	""				n/a	n/a	""	false	excluded	gene_not_in_mane_select (IGHG1)
urn:mavedb:00000078-a-1			unresolved (target name 'VKOR')	VKOR carboxylation activity	Carboxylation activity of VKOR variants by substrate surface expression.	""	""	""	""	PubMed:32870157 (10.7554/eLife.58026)	CC0	2021-10-02	747	error columns: lower_ci, upper_ci	complete	none	""	not computed at this scope	""	""				n/a	n/a	""	false	excluded	gene_unresolved
urn:mavedb:00000078-b-1			unresolved (target name 'VKOR')	VKOR protein stability	VKOR protein stability measured by VAMP-seq.	""	""	""	""	PubMed:32870157 (10.7554/eLife.58026)	CC0	2021-10-02	2911	error columns: lower_ci, upper_ci	complete	none	""	not computed at this scope	""	""				n/a	n/a	""	false	excluded	gene_unresolved
urn:mavedb:00000081-a-1	BRCA1	ENSG00000012048.28	uniprot	BRCA1 RING and BRCT domains depletion scores	Depletion scores for BRCA1 RING and BRCT domain variants in homology-directed DNA repair function assay.	""	""	""	""	PubMed:30219179 (10.1016/j.ajhg.2018.07.016)	CC0	2021-10-03	1061	replicate columns: replicates	incomplete	none	""	too few controls (truncating 4, synonymous 2, missense 1055; need 10 truncating plus 10 synonymous or missense)	""	none		1061	1055	unknown	none	no_usable_controls,genomic_mapping_incomplete	true	candidate	""
urn:mavedb:00000081-a-2	BRCA1	ENSG00000012048.28	target_name	BRCA1 RING and BRCT domains mean HDR fluorescence score	Mean HDR fluorescence score for BRCA1 RING and BRCT domain variants in homology-directed DNA repair functional assay	""	""	""	""	PubMed:30219179 (10.1016/j.ajhg.2018.07.016)	CC0	2022-10-17	2820	none reported in score columns	complete	none	""	truncating (n=71, median -1.62) vs missense (n=2749, median -0.0672); AUC 0.03 [weaker: no synonymous controls]	lower_is_more_damaging	truncating_vs_missense	0.029	2820	2749	lower_is_more_damaging	low	no_synonymous_controls	true	candidate	""
urn:mavedb:00000083-a-1			unresolved (target name 'Minigene exon - Wilms’ tumor gene')	Exonic splicing for Wilms’ tumor gene	Saturation mutagenesis for exonic base effects on splicing, Wilms’ tumor gene 1 exon 5.	""	""	""	""	PubMed:29242188 (10.1101/gr.219683.116)	CC0	2021-10-28	556	none reported in score columns	complete	none	""	not computed at this scope	""	""				n/a	n/a	""	false	excluded	noncoding_target (other_noncoding; Step 32 - separate benchmark)
urn:mavedb:00000083-b-1			unresolved (target name 'Minigene exon - SRSF1 (ASF/SF2) binding site')	Exonic splicing for SRSF1 (ASF/SF2) binding site	Saturation mutagenesis for exonic base effects on splicing, similar to an SRSF1 (ASF/SF2) binding site.	""	""	""	""	PubMed:29242188 (10.1101/gr.219683.116)	CC0	2021-10-28	556	none reported in score columns	incomplete	none	""	not computed at this scope	""	""				n/a	n/a	""	false	excluded	noncoding_target (other_noncoding; Step 32 - separate benchmark)
urn:mavedb:00000083-c-1			unresolved (target name 'Minigene exon - SRSF7 (9G8) binding site')	Exonic splicing for SRSF7 (9G8) binding site	Saturation mutagenesis for exonic base effects on splicing, similar to an SRSF7 (9G8) binding site.	""	""	""	""	PubMed:29242188 (10.1101/gr.219683.116)	CC0	2021-10-28	556	none reported in score columns	incomplete	none	""	not computed at this scope	""	""				n/a	n/a	""	false	excluded	noncoding_target (other_noncoding; Step 32 - separate benchmark)
urn:mavedb:00000083-d-1			unresolved (target name 'Minigene exon - hnRNPA1 binding site')	Exonic splicing for hnRNPA1 binding site	Saturation mutagenesis for exonic base effects on splicing, hnRNPA1 binding site (with upstream T).	""	""	""	""	PubMed:29242188 (10.1101/gr.219683.116)	CC0	2021-10-28	556	none reported in score columns	incomplete	none	""	not computed at this scope	""	""				n/a	n/a	""	false	excluded	noncoding_target (other_noncoding; Step 32 - separate benchmark)
urn:mavedb:00000083-e-1			unresolved (target name 'Minigene exon - hnRNP D binding site')	Exonic splicing for hnRNP D binding site	Saturation mutagenesis for exonic base effects on splicing, similar to an hnRNP D binding site.	""	""	""	""	PubMed:29242188 (10.1101/gr.219683.116)	CC0	2021-10-28	556	none reported in score columns	incomplete	none	""	not computed at this scope	""	""				n/a	n/a	""	false	excluded	noncoding_target (other_noncoding; Step 32 - separate benchmark)
urn:mavedb:00000083-f-1			unresolved (target name 'Minigene exon - hnRNP I (PTB) binding site')	Exonic splicing for hnRNP I (PTB) binding site	Saturation mutagenesis for exonic base effects on splicing, similar to an hnRNP I (PTB) binding site.	""	""	""	""	PubMed:29242188 (10.1101/gr.219683.116)	CC0	2021-10-28	556	none reported in score columns	incomplete	none	""	not computed at this scope	""	""				n/a	n/a	""	false	excluded	noncoding_target (other_noncoding; Step 32 - separate benchmark)
urn:mavedb:00000083-g-1			unresolved (target name 'Minigene exon - hnRNP L binding site')	Exonic splicing for hnRNP L binding site	Saturation mutagenesis for exonic base effects on splicing, similar to an hnRNP L binding site.	""	""	""	""	PubMed:29242188 (10.1101/gr.219683.116)	CC0	2021-10-28	556	none reported in score columns	incomplete	none	""	not computed at this scope	""	""				n/a	n/a	""	false	excluded	noncoding_target (other_noncoding; Step 32 - separate benchmark)
urn:mavedb:00000083-h-1			unresolved (target name 'Minigene exon - CG-containing enhancer')	Exonic splicing for CG-containing enhancer	Saturation mutagenesis for exonic base effects on splicing, CG-containing RNA-seq enhancer sequence.	""	""	""	""	PubMed:29242188 (10.1101/gr.219683.116)	CC0	2021-10-28	556	none reported in score columns	incomplete	none	""	not computed at this scope	""	""				n/a	n/a	""	false	excluded	noncoding_target (other_noncoding; Step 32 - separate benchmark)
urn:mavedb:00000083-i-1			unresolved (target name 'Minigene exon - AC-rich enhancer')	Exonic splicing for AC-rich enhancer	Saturation mutagenesis for exonic base effects on splicing, AC-rich RNA-seq enhancer sequence.	""	""	""	""	PubMed:29242188 (10.1101/gr.219683.116)	CC0	2021-10-28	556	none reported in score columns	incomplete	none	""	not computed at this scope	""	""				n/a	n/a	""	false	excluded	noncoding_target (other_noncoding; Step 32 - separate benchmark)
urn:mavedb:00000083-j-1			unresolved (target name 'Minigene exon - pyrimidine sequence')	Exonic splicing for pyrimidine sequence	Saturation mutagenesis for exonic base effects on splicing, pyrimidine sequence avoiding PPT pairing.	""	""	""	""	PubMed:29242188 (10.1101/gr.219683.116)	CC0	2021-10-28	556	none reported in score columns	incomplete	none	""	not computed at this scope	""	""				n/a	n/a	""	false	excluded	noncoding_target (other_noncoding; Step 32 - separate benchmark)
urn:mavedb:00000091-a-1	BRAF	ENSG00000157764.16	uniprot	BRAF resistance to vemurafenib	Deep mutational scan of the BRAF V600E allele for resistance to the cancer drug vemurafenib.	""	""	""	""	PubMed:24112705 (10.1111/pcmr.12171)	CC0	2021-11-13	73	none reported in score columns	complete	none	""	not computed at this scope	""	""				unknown	none	scores_not_downloaded_at_this_scope	false	candidate	""
urn:mavedb:00000093-a-1	BRCA1	ENSG00000012048.28	uniprot	BASE_ACMG quantities derived from the RING domain M2H functional assay	BASE_ACMG are the quantitatively defined ACMG strength of evidence categories and ACMG-scaled points. This score set reports the BASE_ACMG values for variants used in the RING domain M2H functional assays across multiple experiments.	""	""	""	""	doi:10.1101/092619v2	CC0	2021-12-23	853	none reported in score columns	incomplete	none	""	too few controls (truncating 0, synonymous 0, missense 659; need 10 truncating plus 10 synonymous or missense)	""	none		853	659	unknown	none	no_usable_controls,genomic_mapping_incomplete	true	candidate	""
urn:mavedb:00000094-a-1	KCNQ4	ENSG00000117013.19	target_name	try_dataset_KCNQ4	try_dataset_KCNQ4	Direct protein function	Gain or loss of function	""	Other	""	CC0	2022-04-26	1	replicate columns: replicates	complete	none	""	not computed at this scope	""	""				n/a	n/a	""	false	excluded	fewer_than_20_variants
urn:mavedb:00000094-a-10	KCNQ4	ENSG00000117013.19	target_name	Normalized currents of co-expressing 76  variants (normal currents and large leftward shifts in V1/2 in the homozygous state) with WT	9. Normalized currents of co-expressing 76  variants (normal currents and large leftward shifts in V1/2 in the homozygous state) with WT.	Direct protein function	Gain or loss of function	""	Other	""	CC0	2022-05-15	76	replicate columns: replicates	complete	none	""	not computed at this scope	""	""				unknown	none	scores_not_downloaded_at_this_scope	false	candidate	""
urn:mavedb:00000094-a-11	KCNQ4	ENSG00000117013.19	target_name	V1/2 of co-expressing 76  variants (normal currents and large leftward shifts in V1/2 in the homozygous state) with WT	10. V1/2 of co-expressing 76  variants (normal currents and large leftward shifts in V1/2 in the homozygous state) with WT.	Direct protein function	Gain or loss of function	""	Other	""	CC0	2022-05-15	76	replicate columns: replicates	complete	none	""	not computed at this scope	""	""				unknown	none	scores_not_downloaded_at_this_scope	false	candidate	""
urn:mavedb:00000094-a-12	KCNQ4	ENSG00000117013.19	target_name	V1/2 properties of 29 synonymous variants expressed alone	12. V1/2 properties of 29 synonymous variants expressed alone.	Direct protein function	Gain or loss of function	""	Other	""	CC0	2022-06-16	29	replicate columns: replicates	complete	none	""	not computed at this scope	""	""				unknown	none	scores_not_downloaded_at_this_scope	false	candidate	""
urn:mavedb:00000094-a-13	KCNQ4	ENSG00000117013.19	target_name	Currents of 29 synonymous variants expressed alone	11. Currents of 29 synonymous variants expressed alone.	Direct protein function	Gain or loss of function	""	Other	""	CC0	2022-06-16	29	replicate columns: replicates	complete	none	""	not computed at this scope	""	""				unknown	none	scores_not_downloaded_at_this_scope	false	candidate	""
urn:mavedb:00000094-a-15	KCNQ1	ENSG00000053918.22	target_name	Normalized currents of 62 KCNQ1 missense SNVs in the homozygous state.	13. Normalized currents of 62 KCNQ1 missense SNVs in the homozygous state.	Direct protein function	Gain or loss of function	""	Other	""	CC0	2022-06-17	62	replicate columns: replicates	complete	none	""	not computed at this scope	""	""				unknown	none	scores_not_downloaded_at_this_scope	false	candidate	""
urn:mavedb:00000094-a-2	KCNQ4	ENSG00000117013.19	target_name	Normalized currents of 4,085 KCNQ4 missense SNVs in the homozygous state.	1. Normalized currents of 4,085 KCNQ4 missense SNVs in the homozygous state.	Direct protein function	Gain or loss of function	""	Other	PubMed:35760561 (10.1101/gr.276562.122)	CC0	2022-05-15	4085	replicate columns: replicates	complete	abnormal and normal ranges overlap — Investigator-provided functional classes; IGVF Coding Variant Focus Group -- Controls: All Variants; IGVF Coding Variant Focus Group -- Controls: Missense Variants Only; ExCALIBR calibration [research use only]	""	not computed at this scope	""	""				unknown	none	scores_not_downloaded_at_this_scope	false	candidate	""
urn:mavedb:00000094-a-3	KCNQ4	ENSG00000117013.19	target_name	V1/2 of 3,319 KCNQ4 missense SNVs in the homozygous state	2. V1/2 of 3,319 KCNQ4 missense SNVs in the homozygous state.	Direct protein function	Gain or loss of function	""	Other	PubMed:35760561 (10.1101/gr.276562.122)	CC0	2022-05-15	3319	replicate columns: replicates	complete	abnormal and normal ranges overlap — Investigator-provided functional classes; IGVF Coding Variant Focus Group -- Controls: Missense Variants Only; IGVF Coding Variant Focus Group -- Controls: All Variants; ExCALIBR calibration [research use only]	""	not computed at this scope	""	""				unknown	none	scores_not_downloaded_at_this_scope	false	candidate	""
urn:mavedb:00000094-a-4	KCNQ4	ENSG00000117013.19	target_name	Normalized currents of co-expressing 915  current-reduced variants with WT	3. Normalized currents of co-expressing 915  current-reduced variants with WT.	Direct protein function	Gain or loss of function	""	Other	""	CC0	2022-05-15	915	replicate columns: replicates	complete	none	""	not computed at this scope	""	""				unknown	none	scores_not_downloaded_at_this_scope	false	candidate	""
urn:mavedb:00000094-a-5	KCNQ4	ENSG00000117013.19	target_name	V1/2 of co-expressing 915  current-reduced variants with WT	4. V1/2 of co-expressing 915  current-reduced variants with WT.	Direct protein function	Gain or loss of function	""	Other	""	CC0	2022-05-15	915	replicate columns: replicates	complete	none	""	not computed at this scope	""	""				unknown	none	scores_not_downloaded_at_this_scope	false	candidate	""
urn:mavedb:00000094-a-6	KCNQ4	ENSG00000117013.19	target_name	Normalized currents of co-expressing 153 variants (normal currents and large rightward shifts in V1/2 in the homozygous state) with WT	5. Normalized currents of co-expressing 153 variants (normal currents and large rightward shifts in V1/2 in the homozygous state) with WT.	Direct protein function	Gain or loss of function	""	Other	""	CC0	2022-05-15	153	replicate columns: replicates	complete	none	""	not computed at this scope	""	""				unknown	none	scores_not_downloaded_at_this_scope	false	candidate	""
urn:mavedb:00000094-a-7	KCNQ4	ENSG00000117013.19	target_name	V1/2 of co-expressing 153 variants (normal currents and large rightward shifts in V1/2 in the homozygous state) with WT	6. V1/2 of co-expressing 153 variants (normal currents and large rightward shifts in V1/2 in the homozygous state) with WT.	Direct protein function	Gain or loss of function	""	Other	""	CC0	2022-05-15	153	replicate columns: replicates	complete	none	""	not computed at this scope	""	""				unknown	none	scores_not_downloaded_at_this_scope	false	candidate	""
urn:mavedb:00000094-a-8	KCNQ4	ENSG00000117013.19	target_name	Normalized currents of co-expressing 43  current-enhanced variants  with WT	7. Normalized currents of co-expressing 43  current-enhanced variants with WT.	Direct protein function	Gain or loss of function	""	Other	""	CC0	2022-05-15	43	replicate columns: replicates	complete	none	""	not computed at this scope	""	""				unknown	none	scores_not_downloaded_at_this_scope	false	candidate	""
urn:mavedb:00000094-a-9	KCNQ4	ENSG00000117013.19	target_name	V1/2 of co-expressing 43  current-enhanced variants with WT	8. V1/2 of co-expressing 43  current-enhanced variants with WT.	Direct protein function	Gain or loss of function	""	Other	""	CC0	2022-05-15	43	replicate columns: replicates	complete	none	""	not computed at this scope	""	""				unknown	none	scores_not_downloaded_at_this_scope	false	candidate	""
urn:mavedb:00000095-a-1	CYP2C9	ENSG00000138109.13	target_name	CYP2C9 activity scores as measured by Click-seq	This study measured the functional consequences of mutations in CYP2C9, as measured by two different assays, one using Variant Abundance by Massively Parallel sequencing (VAMP-seq) in HEK293T cells, and one using a yeast activity-based protein profiling assay (Click-seq). This entry contains amino a	""	""	""	""	""	CC0	2022-06-08	6524	error columns: sd, se, lower_ci, upper_ci	complete	none	""	not computed at this scope	""	""				unknown	none	scores_not_downloaded_at_this_scope	false	candidate	""
urn:mavedb:00000095-b-1	CYP2C9	ENSG00000138109.13	uniprot	CYP2C9 abundance scores as measured by VAMP-seq	This study measured the functional consequences of mutations in CYP2C9, as measured by two different assays, one using Variant Abundance by Massively Parallel sequencing (VAMP-seq) in HEK293T cells, and one using a yeast activity-based protein profiling assay (Click-seq). This entry contains amino a	""	""	""	""	""	CC0	2022-06-08	6821	error columns: sd, se, lower_ci, upper_ci	complete	none	""	not computed at this scope	""	""				unknown	none	scores_not_downloaded_at_this_scope	false	candidate	""
urn:mavedb:00000096-a-1	GCK	ENSG00000106633.18	target_name	GCK activity measured by complementation	Activity of GCK variants measured by functional complementation of an hxk1Δhxk2Δglk1Δ yeast strain.	Cell fitness	Gain or loss of function	""	Yeast	PubMed:37101203 (10.1186/s13059-023-02935-8)	CC0	2022-06-14	9362	error columns: sd, se	complete	abnormal range(s) below normal range(s) — IGVF Coding Variant Focus Group -- Controls: All Variants; IGVF Coding Variant Focus Group -- Controls: Missense Variants Only; ExCALIBR calibration [research use only]; Investigator-provided functional classes	lower_is_more_damaging	not computed at this scope	""	""				lower_is_more_damaging	medium	scores_not_downloaded_at_this_scope	false	candidate	""
urn:mavedb:00000096-b-1	GCK	ENSG00000106633.18	target_name	GCK variant abundance measured by DHFR-PCA	Cellular protein abundance of glucokinase (GCK) variants measured by DHFR-PCA in yeast.	Reporter	Loss of function	""	Yeast	PubMed:38627865 (10.1186/s13059-024-03238-2)	CC0	2023-05-22	9201	error columns: se	complete	calibration present but direction not determinable — IGVF Coding Variant Focus Group -- Controls: All Variants; IGVF Coding Variant Focus Group -- Controls: Missense Variants Only; ExCALIBR calibration [research use only]; Investigator-provided functional classes	""	not computed at this scope	""	""				unknown	none	scores_not_downloaded_at_this_scope	false	candidate	""
urn:mavedb:00000098-a-2	SCN5A	ENSG00000183873.22	uniprot	SCN5A response to veratridine+brevetoxin+ouabain mixture	Deep mutational scan of human SCN5A by measuring response to veratridine+brevetoxin+ouabain drugs.	Cell fitness	Gain or loss of function	Monoatomic ion transport and Sodium ion transport	Immortalized human cells	PubMed:31928070 (10.1161/CIRCGEN.119.002786)	CC0	2025-10-22	252	error columns: se, ci_lower, ci_upper	complete	abnormal and normal ranges overlap — Investigator-provided functional classes; IGVF Coding Variant Focus Group -- Controls: Missense Variants Only; IGVF Coding Variant Focus Group -- Controls: All Variants; ExCALIBR calibration [research use only]	""	not computed at this scope	""	""				unknown	none	scores_not_downloaded_at_this_scope	false	candidate	""
urn:mavedb:00000099-a-1	RHO	ENSG00000163914.6	target_name	Rhodopsin surface expression	Rhodopsin VUS surface expression	Reporter	Loss of function	Protein localization to plasma membrane	Immortalized human cells	PubMed:30977563 (10.1002/humu.23762)	CC0	2022-08-16	211	error columns: ci_low, ci_high, single_plex_stderr	complete	abnormal and normal ranges overlap — IGVF Coding Variant Focus Group -- Controls: All Variants; IGVF Coding Variant Focus Group -- Controls: Missense Variants Only; Investigator-provided functional classes; ExCALIBR calibration [research use only]	""	not computed at this scope	""	""				unknown	none	scores_not_downloaded_at_this_scope	false	candidate	""
urn:mavedb:00000101-a-1	PTEN	ENSG00000171862.16	mavedb_mapping	PTEN VAMP-seq Fill-in	Amino acid scores for variant abundance by massively parallel sequencing (VAMP-seq) applied to PTEN (fill-in dataset).	""	""	""	""	PubMed:34649609 (10.1186/s13073-021-00984-x)	CC0	2022-08-25	4514	error columns: sd, se, lower_ci, upper_ci	complete	none	""	not computed at this scope	""	""				unknown	none	scores_not_downloaded_at_this_scope	false	candidate	""
urn:mavedb:00000102-0-1	PTEN	ENSG00000171862.16	mavedb_mapping	PTEN VAMP-seq Combined	Amino acid scores for variant abundance by massively parallel sequencing (VAMP-seq) applied to PTEN (combination of original and fill-in datasets).	""	""	""	""	PubMed:34649609 (10.1186/s13073-021-00984-x)	CC0	2022-08-25	5477	error columns: sd, se, lower_ci, upper_ci	complete	none	""	not computed at this scope	""	""				n/a	n/a	""	false	excluded	meta_analysis (derived from other score sets, not a direct measurement)
urn:mavedb:00000103-a-1	MAPK1	ENSG00000100030.17	mavedb_mapping	MAP1K ETP	Average mutant sequencing reads for all replicates of the reference early time point (ETP)	""	""	""	""	PubMed:27760319 (10.1016/j.celrep.2016.09.061)	CC0	2022-08-26	6810	replicate columns: ETP_REP_A, ETP_REP_B, ETP_REP_C, ETP_REP_D; error columns: ETP_SD	complete	none	""	not computed at this scope	""	""				unknown	none	scores_not_downloaded_at_this_scope	false	candidate	""
urn:mavedb:00000103-b-1	MAPK1	ENSG00000100030.17	mavedb_mapping	MAPK1 DOX	MAPK1 Induced with DOX	""	""	""	""	PubMed:27760319 (10.1016/j.celrep.2016.09.061)	CC0	2022-08-26	6810	replicate columns: DOX_REP_ A, DOX_REP_B, DOX_REP_C, DOX_REP_D; error columns: DOX_SD	complete	none	""	not computed at this scope	""	""				unknown	none	scores_not_downloaded_at_this_scope	false	candidate	""
urn:mavedb:00000103-c-1	MAPK1	ENSG00000100030.17	mavedb_mapping	MAPK1 SCH772984	MAPK1 Induced with DOX and selected with 2 microM SCH772984	""	""	""	""	PubMed:27760319 (10.1016/j.celrep.2016.09.061)	CC0	2022-08-26	6810	replicate columns: SCH_REP_A, SCH_REP_B, SCH_REP_C, SCH_REP_D, SCH_REP_E, SCH_REP_F; error columns: SCH_SD	complete	none	""	not computed at this scope	""	""				unknown	none	scores_not_downloaded_at_this_scope	false	candidate	""
urn:mavedb:00000103-d-1	MAPK1	ENSG00000100030.17	mavedb_mapping	MAPK1 VRT-11E	MAP1K Induced with DOX and selected with 3 microM VRT-11E	""	""	""	""	PubMed:27760319 (10.1016/j.celrep.2016.09.061)	CC0	2022-08-26	6810	replicate columns: VRT_REP_A, VRT_REP_B, VRT_REP_C, VRT_REP_D; error columns: VRT_SD	complete	none	""	not computed at this scope	""	""				unknown	none	scores_not_downloaded_at_this_scope	false	candidate	""
urn:mavedb:00000104-a-1	PARP1	ENSG00000143799.16	target_name	PARP1 dense CRISPR clone5	PARP1 dense CRISPR screen, clone 5	""	""	""	""	PubMed:29748565 (10.1038/s41467-018-03917-2)	CC0	2022-09-05	46213	none reported in score columns	incomplete	none	""	not computed at this scope	""	""				unknown	none	scores_not_downloaded_at_this_scope,genomic_mapping_incomplete	false	candidate	""
urn:mavedb:00000104-a-2	PARP1	ENSG00000143799.16	mavedb_mapping	PARP1 dense CRISPR screen clone 8	PARP1 dense CRISPR screen, clone 8	""	""	""	""	PubMed:29748565 (10.1038/s41467-018-03917-2)	CC0	2022-09-05	46834	none reported in score columns	incomplete	none	""	not computed at this scope	""	""				unknown	none	scores_not_downloaded_at_this_scope,genomic_mapping_incomplete	false	candidate	""
urn:mavedb:00000106-a-1	AICDA	ENSG00000111732.13	mavedb_mapping	Deaminase activity of AID in generation 1	First generation of selection on codon-optimized AID variants	""	""	""	""	PubMed:25064858 (10.1093/nar/gku689)	CC0	2022-10-17	231	none reported in score columns	complete	none	""	not computed at this scope	""	""				unknown	none	scores_not_downloaded_at_this_scope	false	candidate	""
urn:mavedb:00000106-b-1	AICDA	ENSG00000111732.13	mavedb_mapping	Deaminase activity of AID in generation 2	Two generations of selection on codon-optimized AID variants	""	""	""	""	PubMed:25064858 (10.1093/nar/gku689)	CC0	2022-10-17	231	none reported in score columns	complete	none	""	not computed at this scope	""	""				unknown	none	scores_not_downloaded_at_this_scope	false	candidate	""
urn:mavedb:00000106-c-1	AICDA	ENSG00000111732.13	mavedb_mapping	Deaminase activity of AID in generation 3	Three generations of selection on codon-optimized AID variants	""	""	""	""	PubMed:25064858 (10.1093/nar/gku689)	CC0	2022-10-17	231	none reported in score columns	complete	none	""	not computed at this scope	""	""				unknown	none	scores_not_downloaded_at_this_scope	false	candidate	""
urn:mavedb:00000107-a-1	PSAT1	ENSG00000135069.16	mavedb_mapping	PSAT1 200 Solid Growth Assay	Functional impact of 200 protein coding variants in Human Phosphoserine Aminotransferase 1 (PSAT1) using a yeast-based complementation assay. This targeted set represents all of the protein coding variants present in ClinVar, gnomAD (r2.0.2), and the disease literature (up to 2020) for PSAT1.	""	""	""	""	PubMed:32077105 (10.1002/jimd.12227)	CC BY-NC-SA 4.0	2022-10-20	200	error columns: se	complete	none	""	not computed at this scope	""	""				unknown	none	scores_not_downloaded_at_this_scope,licence_CC_BY-NC-SA_4.0	false	candidate	""
urn:mavedb:00000107-b-1	PSAT1	ENSG00000135069.16	mavedb_mapping	A SNV-accessible mutational scan of human PSAT1 using functional complementation in yeast.	A SNV-accessible mutational scan of human PSAT1 using functional complementation in yeast via a solid growth assay.	""	""	""	""	""	CC BY-NC-SA 4.0	2023-04-21	1914	error columns: se	complete	none	""	not computed at this scope	""	""				unknown	none	scores_not_downloaded_at_this_scope,licence_CC_BY-NC-SA_4.0	false	candidate	""
urn:mavedb:00000108-0-1	HMBS	ENSG00000256269.13	ensembl_id	Missense variant effect map for human HMBS	Missense variant effect map for human HMBS isoform via functional complementation in yeast. From both erythoid-specific and ubiquitous HMBS maps,  a simple weighted average was calculated for each variant using the equation (FS1/σ21+FS2/σ22)/(1/σ21+1/σ22). A single combined estimate of measurement e	""	""	""	""	PubMed:37729906 (10.1016/j.ajhg.2023.08.012)	CC0	2025-10-21	6590	error columns: stderr, LLR_ci_lower, LLR_ci_upper	complete	abnormal range(s) below normal range(s) — ExCALIBR calibration [research use only]; Investigator-provided functional classes	lower_is_more_damaging	not computed at this scope	""	""				n/a	n/a	""	false	excluded	meta_analysis (derived from other score sets, not a direct measurement)
urn:mavedb:00000108-a-1	HMBS	ENSG00000256269.13	ensembl_id	Missense variant effect map for the human ubiquitous HMBS isoform	Missense variant effect map for the human ubiquitous HMBS isoform via functional complementation in yeast.	Cell fitness	Loss of function	""	Yeast	PubMed:37729906 (10.1016/j.ajhg.2023.08.012)	CC0	2022-12-06	6044	error columns: sd, se	complete	abnormal range(s) below normal range(s) — ExCALIBR calibration [research use only]; Investigator-provided functional classes	lower_is_more_damaging	not computed at this scope	""	""				lower_is_more_damaging	medium	scores_not_downloaded_at_this_scope	false	candidate	""
urn:mavedb:00000108-b-1	HMBS	ENSG00000256269.13	ensembl_id	Missense variant effect map for the human erythroid-specific HMBS isoform	Missense variant effect map for the human erythroid-specific HMBS isoform via functional complementation in yeast.	Cell fitness	Loss of function	""	Yeast	PubMed:37729906 (10.1016/j.ajhg.2023.08.012)	CC0	2022-12-06	6486	error columns: sd, se	complete	abnormal range(s) below normal range(s) — ExCALIBR calibration [research use only]; Investigator-provided functional classes	lower_is_more_damaging	not computed at this scope	""	""				lower_is_more_damaging	medium	scores_not_downloaded_at_this_scope	false	candidate	""
urn:mavedb:00000109-a-1	JAK1	ENSG00000162434.16	mavedb_mapping	Base editing screens map mutations affecting interferon-γ signalling in cancer	Variant score set for JAK1 mutations from base editing screens where there is corroborating next-generation sequencing verification from HT-29 colon cancer cells. Dataset includes base editing variants where only one non-synonymous mutation is generated in the endogenous JAK1 gene. Where there are m	""	""	""	""	PubMed:36669486 (10.1016/j.ccell.2022.12.009)	CC0	2023-01-28	24	none reported in score columns	complete	none	""	not computed at this scope	""	""				unknown	none	scores_not_downloaded_at_this_scope	false	candidate	""
urn:mavedb:00000112-a-1	OTC	ENSG00000036473.11	target_name	SNV-accessible missense variant scores for OTC	Variant growth scores reported relative to an arg3 deletion mutant (0) and wild type yOTC (1).	Cell fitness	Loss of function	""	Yeast	PubMed:37146589 (10.1016/j.ajhg.2023.03.019)	CC BY-NC-SA 4.0	2023-03-21	1570	error columns: se	complete	abnormal range(s) below normal range(s) — IGVF Coding Variant Focus Group -- Controls: Missense Variants Only; ExCALIBR calibration [research use only]; Investigator-provided functional classes; IGVF Coding Variant Focus Group -- Controls: All Variants	lower_is_more_damaging	not computed at this scope	""	""				lower_is_more_damaging	medium	scores_not_downloaded_at_this_scope,licence_CC_BY-NC-SA_4.0	false	candidate	""
urn:mavedb:00000113-a-1	APP	ENSG00000142192.24	mavedb_mapping	Single amino acid deletions	Nucleation scores for all single amino acid deletions in amyloid beta	""	""	""	""	""	CC0	2023-05-18	37	error columns: SE	complete	none	""	not computed at this scope	""	""				unknown	none	scores_not_downloaded_at_this_scope	false	candidate	""
urn:mavedb:00000113-a-2	APP	ENSG00000142192.24	mavedb_mapping	Single amino acid insertions	Nucleation scores for all single amino acid insertions in amyloid beta	""	""	""	""	""	CC0	2023-05-18	763	error columns: SE	complete	none	""	not computed at this scope	""	""				unknown	none	scores_not_downloaded_at_this_scope	false	candidate	""
urn:mavedb:00000113-a-3	APP	ENSG00000142192.24	mavedb_mapping	Single amino acid substitutions	Nucleation scores for all single amino acid substitutions in amyloid beta	""	""	""	""	""	CC0	2023-05-18	751	error columns: SE	complete	none	""	not computed at this scope	""	""				unknown	none	scores_not_downloaded_at_this_scope	false	candidate	""
urn:mavedb:00000114-a-1	PRKN	ENSG00000185345.26	mavedb_mapping	Parkin (PRKN) cellular abundance	Protein abundance scores of Parkin variants in human cells measured by VAMP-seq experiment	""	""	""	""	""	CC0	2023-06-08	9220	error columns: std	complete	none	""	not computed at this scope	""	""				unknown	none	scores_not_downloaded_at_this_scope	false	candidate	""
urn:mavedb:00000115-a-1	KRAS	ENSG00000133703.16	mavedb_mapping	binding free energy changes of KRAS-DARPin K55 interaction	binding free energy changes of KRAS-DARPin K55 interaction	""	""	""	""	""	CC0	2023-06-19	3553	error columns: std	complete	none	""	not computed at this scope	""	""				unknown	none	scores_not_downloaded_at_this_scope	false	candidate	""
urn:mavedb:00000115-a-10	KRAS	ENSG00000133703.16	mavedb_mapping	binding fitness from KRAS-DARPin K27 bindingPCA of KRAS block3	binding fitness from KRAS-DARPin K27 bindingPCA of KRAS block3	""	""	""	""	""	CC0	2023-06-19	4515	error columns: SE	complete	none	""	not computed at this scope	""	""				unknown	none	scores_not_downloaded_at_this_scope	false	candidate	""
urn:mavedb:00000115-a-11	KRAS	ENSG00000133703.16	mavedb_mapping	binding fitness from KRAS-DARPin K27 bindingPCA of KRAS block2	binding fitness from KRAS-DARPin K27 bindingPCA of KRAS block2	""	""	""	""	""	CC0	2023-06-19	8666	error columns: SE	complete	none	""	not computed at this scope	""	""				unknown	none	scores_not_downloaded_at_this_scope	false	candidate	""
urn:mavedb:00000115-a-12	KRAS	ENSG00000133703.16	mavedb_mapping	binding fitness from KRAS-DARPin K27 bindingPCA of KRAS block1	binding fitness from KRAS-DARPin K27 bindingPCA of KRAS block1	""	""	""	""	""	CC0	2023-06-19	14859	error columns: SE	complete	none	""	not computed at this scope	""	""				unknown	none	scores_not_downloaded_at_this_scope	false	candidate	""
urn:mavedb:00000115-a-13	KRAS	ENSG00000133703.16	mavedb_mapping	binding fitness from KRAS-SOS1 bindingPCA of KRAS block3	binding fitness from KRAS-SOS1 bindingPCA of KRAS block3	""	""	""	""	""	CC0	2023-06-19	3361	error columns: SE	complete	none	""	not computed at this scope	""	""				unknown	none	scores_not_downloaded_at_this_scope	false	candidate	""
urn:mavedb:00000115-a-14	KRAS	ENSG00000133703.16	uniprot	binding fitness from KRAS-SOS1 bindingPCA of KRAS block2	binding fitness from KRAS-SOS1 bindingPCA of KRAS block2	""	""	""	""	""	CC0	2023-06-19	5949	error columns: SE	complete	none	""	not computed at this scope	""	""				unknown	none	scores_not_downloaded_at_this_scope	false	candidate	""
urn:mavedb:00000115-a-15	KRAS	ENSG00000133703.16	mavedb_mapping	binding fitness from KRAS-SOS1 bindingPCA of KRAS block1	binding fitness from KRAS-SOS1 bindingPCA of KRAS block1	""	""	""	""	""	CC0	2023-06-19	12637	error columns: SE	complete	none	""	not computed at this scope	""	""				unknown	none	scores_not_downloaded_at_this_scope	false	candidate	""
urn:mavedb:00000115-a-16	KRAS	ENSG00000133703.16	uniprot	binding fitness from KRAS-PIK3CGRDB bindingPCA of KRAS block3	binding fitness from KRAS-PIK3CGRDB bindingPCA of KRAS block3	""	""	""	""	""	CC0	2023-06-19	3833	error columns: SE	complete	none	""	not computed at this scope	""	""				unknown	none	scores_not_downloaded_at_this_scope	false	candidate	""
urn:mavedb:00000115-a-17	KRAS	ENSG00000133703.16	uniprot	binding fitness from KRAS-PIK3CGRDB bindingPCA of KRAS block2	binding fitness from KRAS-PIK3CGRDB bindingPCA of KRAS block2	""	""	""	""	""	CC0	2023-06-19	6893	error columns: SE	complete	none	""	not computed at this scope	""	""				unknown	none	scores_not_downloaded_at_this_scope	false	candidate	""
urn:mavedb:00000115-a-18	KRAS	ENSG00000133703.16	mavedb_mapping	binding fitness from KRAS-PIK3CGRDB bindingPCA of KRAS block1	binding fitness from KRAS-PIK3CGRDB bindingPCA of KRAS block1	""	""	""	""	""	CC0	2023-06-19	11096	error columns: SE	complete	none	""	not computed at this scope	""	""				unknown	none	scores_not_downloaded_at_this_scope	false	candidate	""
urn:mavedb:00000115-a-19	KRAS	ENSG00000133703.16	mavedb_mapping	binding fitness from KRAS-RALGDSRDB bindingPCA of KRAS block3	binding fitness from KRAS-RALGDSRDB bindingPCA of KRAS block3	""	""	""	""	""	CC0	2023-06-19	3351	error columns: SE	complete	none	""	not computed at this scope	""	""				unknown	none	scores_not_downloaded_at_this_scope	false	candidate	""
urn:mavedb:00000115-a-2	KRAS	ENSG00000133703.16	mavedb_mapping	binding free energy changes of KRAS-DARPin K27 interaction	binding free energy changes of KRAS-DARPin K27 interaction	""	""	""	""	""	CC0	2023-06-19	3553	error columns: std	complete	none	""	not computed at this scope	""	""				unknown	none	scores_not_downloaded_at_this_scope	false	candidate	""
urn:mavedb:00000115-a-20	KRAS	ENSG00000133703.16	uniprot	binding fitness from KRAS-RALGDSRDB bindingPCA of KRAS block2	binding fitness from KRAS-RALGDSRDB bindingPCA of KRAS block2	""	""	""	""	""	CC0	2023-06-19	5606	error columns: SE	complete	none	""	not computed at this scope	""	""				unknown	none	scores_not_downloaded_at_this_scope	false	candidate	""
urn:mavedb:00000115-a-21	KRAS	ENSG00000133703.16	uniprot	binding fitness from KRAS-RALGDSRDB bindingPCA of KRAS block1	binding fitness from KRAS-RALGDSRDB bindingPCA of KRAS block1	""	""	""	""	""	CC0	2023-06-19	13676	error columns: SE	complete	none	""	not computed at this scope	""	""				unknown	none	scores_not_downloaded_at_this_scope	false	candidate	""
urn:mavedb:00000115-a-22	KRAS	ENSG00000133703.16	mavedb_mapping	binding fitness from KRAS-RAF1RDB bindingPCA of KRAS block1	binding fitness from KRAS-RAF1RDB bindingPCA of KRAS block1	""	""	""	""	""	CC0	2023-06-19	14044	error columns: SE	complete	none	""	not computed at this scope	""	""				unknown	none	scores_not_downloaded_at_this_scope	false	candidate	""
urn:mavedb:00000115-a-23	KRAS	ENSG00000133703.16	mavedb_mapping	abundance fitness from abundancePCA of KRAS block1	abundance fitness from abundancePCA of KRAS block1	""	""	""	""	""	CC0	2023-06-19	13845	error columns: SE	complete	none	""	not computed at this scope	""	""				unknown	none	scores_not_downloaded_at_this_scope	false	candidate	""
urn:mavedb:00000115-a-24	KRAS	ENSG00000133703.16	uniprot	binding fitness from KRAS-RAF1RDB bindingPCA of KRAS block3	binding fitness from KRAS-RAF1RDB bindingPCA of KRAS block3	""	""	""	""	""	CC0	2023-06-19	5163	error columns: SE	complete	none	""	not computed at this scope	""	""				unknown	none	scores_not_downloaded_at_this_scope	false	candidate	""
urn:mavedb:00000115-a-25	KRAS	ENSG00000133703.16	mavedb_mapping	binding fitness from KRAS-RAF1RDB bindingPCA of KRAS block2	binding fitness from KRAS-RAF1RDB bindingPCA of KRAS block2	""	""	""	""	""	CC0	2023-06-19	7459	error columns: SE	complete	none	""	not computed at this scope	""	""				unknown	none	scores_not_downloaded_at_this_scope	false	candidate	""
urn:mavedb:00000115-a-26	KRAS	ENSG00000133703.16	mavedb_mapping	binding fitness from KRAS-DARPin K55 bindingPCA of KRAS block1	binding fitness from KRAS-DARPin K55 bindingPCA of KRAS block1	""	""	""	""	""	CC0	2023-06-19	12607	error columns: SE	complete	none	""	not computed at this scope	""	""				unknown	none	scores_not_downloaded_at_this_scope	false	candidate	""
urn:mavedb:00000115-a-27	KRAS	ENSG00000133703.16	mavedb_mapping	abundance fitness from abundancePCA of KRAS block2	abundance fitness from abundancePCA of KRAS block2	""	""	""	""	""	CC0	2023-06-19	8912	error columns: SE	complete	none	""	not computed at this scope	""	""				unknown	none	scores_not_downloaded_at_this_scope	false	candidate	""
urn:mavedb:00000115-a-28	KRAS	ENSG00000133703.16	mavedb_mapping	abundance fitness from abundancePCA of KRAS block3	abundance fitness from abundancePCA of KRAS block3	""	""	""	""	""	CC0	2023-06-19	4695	error columns: SE	complete	none	""	not computed at this scope	""	""				unknown	none	scores_not_downloaded_at_this_scope	false	candidate	""
urn:mavedb:00000115-a-3	KRAS	ENSG00000133703.16	mavedb_mapping	binding free energy changes of KRAS-SOS1 interaction	binding free energy changes of KRAS-SOS1 interaction	""	""	""	""	""	CC0	2023-06-19	3553	error columns: std	complete	none	""	not computed at this scope	""	""				unknown	none	scores_not_downloaded_at_this_scope	false	candidate	""
urn:mavedb:00000115-a-4	KRAS	ENSG00000133703.16	mavedb_mapping	binding free energy changes of KRAS-PIK3CGRBD interaction	binding free energy changes of KRAS-PIK3CGRBD interaction	""	""	""	""	""	CC0	2023-06-19	3553	error columns: std	complete	none	""	not computed at this scope	""	""				unknown	none	scores_not_downloaded_at_this_scope	false	candidate	""
urn:mavedb:00000115-a-5	KRAS	ENSG00000133703.16	mavedb_mapping	binding free energy changes of KRAS-RALGDSRBD interaction	binding free energy changes of KRAS-RALGDSRBD interaction	""	""	""	""	""	CC0	2023-06-19	3553	error columns: std	complete	none	""	not computed at this scope	""	""				unknown	none	scores_not_downloaded_at_this_scope	false	candidate	""
urn:mavedb:00000115-a-6	KRAS	ENSG00000133703.16	mavedb_mapping	binding free energy changes of KRAS-RAF1RBD interaction	binding free energy changes of KRAS-RAF1RBD interaction	""	""	""	""	""	CC0	2023-06-19	3553	error columns: std	complete	none	""	not computed at this scope	""	""				unknown	none	scores_not_downloaded_at_this_scope	false	candidate	""
urn:mavedb:00000115-a-7	KRAS	ENSG00000133703.16	mavedb_mapping	folding free energy changes of KRAS in abundancePCA	folding free energy changes of KRAS in abundancePCA	""	""	""	""	""	CC0	2023-06-19	3553	error columns: std	complete	none	""	not computed at this scope	""	""				unknown	none	scores_not_downloaded_at_this_scope	false	candidate	""
urn:mavedb:00000115-a-8	KRAS	ENSG00000133703.16	mavedb_mapping	binding fitness from KRAS-DARPin K55 bindingPCA of KRAS block3	binding fitness from KRAS-DARPin K55 bindingPCA of KRAS block3	""	""	""	""	""	CC0	2023-06-19	4970	error columns: SE	complete	none	""	not computed at this scope	""	""				unknown	none	scores_not_downloaded_at_this_scope	false	candidate	""
urn:mavedb:00000115-a-9	KRAS	ENSG00000133703.16	mavedb_mapping	binding fitness from KRAS-DARPin K55 bindingPCA of KRAS block2	binding fitness from KRAS-DARPin K55 bindingPCA of KRAS block2	""	""	""	""	""	CC0	2023-06-19	8657	error columns: SE	complete	none	""	not computed at this scope	""	""				unknown	none	scores_not_downloaded_at_this_scope	false	candidate	""
urn:mavedb:00000116-0-1	FYN	ENSG00000010810.20	uniprot	FYN SH3 domain combined scores	Model combined scores for Tyrosine-protein kinase Fyn SH3 domain.	""	""	""	""	""	CC0	2023-07-03	1629	none reported in score columns	incomplete	none	""	not computed at this scope	""	""				n/a	n/a	""	false	excluded	meta_analysis (derived from other score sets, not a direct measurement)
urn:mavedb:00000116-a-1	FYN	ENSG00000010810.20	uniprot	FYN SH3 domain trypsin digestion	Trypsin digestion of Tyrosine-protein kinase Fyn SH3 domain.	""	""	""	""	""	CC0	2023-07-03	1629	none reported in score columns	incomplete	none	""	not computed at this scope	""	""				unknown	none	scores_not_downloaded_at_this_scope,genomic_mapping_incomplete	false	candidate	""
urn:mavedb:00000116-a-2	FYN	ENSG00000010810.20	uniprot	FYN SH3 domain chymotrypsin digestion	Chymotrypsin digestion of Tyrosine-protein kinase Fyn SH3 domain.	""	""	""	""	""	CC0	2023-07-03	1629	none reported in score columns	incomplete	none	""	not computed at this scope	""	""				unknown	none	scores_not_downloaded_at_this_scope,genomic_mapping_incomplete	false	candidate	""
urn:mavedb:00000117-0-1	FYN	ENSG00000010810.20	uniprot	FYN SH3 domain (E24S) combined scores	Model combined scores for Tyrosine-protein kinase Fyn SH3 domain (E24S).	""	""	""	""	""	CC0	2023-07-03	1276	none reported in score columns	incomplete	none	""	not computed at this scope	""	""				n/a	n/a	""	false	excluded	meta_analysis (derived from other score sets, not a direct measurement)
urn:mavedb:00000117-a-1	FYN	ENSG00000010810.20	uniprot	FYN SH3 domain (E24S) trypsin digestion	Trypsin digestion of Tyrosine-protein kinase Fyn SH3 domain (E24S).	""	""	""	""	""	CC0	2023-07-03	1276	none reported in score columns	incomplete	none	""	not computed at this scope	""	""				unknown	none	scores_not_downloaded_at_this_scope,genomic_mapping_incomplete	false	candidate	""
urn:mavedb:00000117-a-2	FYN	ENSG00000010810.20	uniprot	FYN SH3 domain (E24S) chymotrypsin digestion	Chymotrypsin digestion of Tyrosine-protein kinase Fyn SH3 domain (E24S).	""	""	""	""	""	CC0	2023-07-03	1276	none reported in score columns	incomplete	none	""	not computed at this scope	""	""				unknown	none	scores_not_downloaded_at_this_scope,genomic_mapping_incomplete	false	candidate	""
urn:mavedb:00000118-0-1	FYN	ENSG00000010810.20	uniprot	FYN SH3 domain (F20A) combined scores	Model combined scores for Tyrosine-protein kinase Fyn SH3 domain (F20A).	""	""	""	""	""	CC0	2023-07-03	1278	none reported in score columns	incomplete	none	""	not computed at this scope	""	""				n/a	n/a	""	false	excluded	meta_analysis (derived from other score sets, not a direct measurement)
urn:mavedb:00000118-a-1	FYN	ENSG00000010810.20	uniprot	FYN SH3 domain (F20A) trypsin digestion	Trypsin digestion of Tyrosine-protein kinase Fyn SH3 domain (F20A).	""	""	""	""	""	CC0	2023-07-03	1278	none reported in score columns	incomplete	none	""	not computed at this scope	""	""				unknown	none	scores_not_downloaded_at_this_scope,genomic_mapping_incomplete	false	candidate	""
urn:mavedb:00000118-a-2	FYN	ENSG00000010810.20	uniprot	FYN SH3 domain (F20A) chymotrypsin digestion	Chymotrypsin digestion of Tyrosine-protein kinase Fyn SH3 domain (F20A).	""	""	""	""	""	CC0	2023-07-03	1278	none reported in score columns	incomplete	none	""	not computed at this scope	""	""				unknown	none	scores_not_downloaded_at_this_scope,genomic_mapping_incomplete	false	candidate	""
urn:mavedb:00000119-0-1	FYN	ENSG00000010810.20	uniprot	FYN SH3 domain (L7S) combined scores	Model combined scores for Tyrosine-protein kinase Fyn SH3 domain (L7S).	""	""	""	""	""	CC0	2023-07-03	1276	none reported in score columns	failed	none	""	not computed at this scope	""	""				n/a	n/a	""	false	excluded	meta_analysis (derived from other score sets, not a direct measurement)
urn:mavedb:00000119-a-1	FYN	ENSG00000010810.20	uniprot	FYN SH3 domain (L7S) trypsin digestion	Trypsin digestion of Tyrosine-protein kinase Fyn SH3 domain (L7S).	""	""	""	""	""	CC0	2023-07-03	1276	none reported in score columns	failed	none	""	not computed at this scope	""	""				unknown	none	scores_not_downloaded_at_this_scope,genomic_mapping_failed	false	candidate	""
urn:mavedb:00000119-a-2	FYN	ENSG00000010810.20	uniprot	FYN SH3 domain (L7S) chymotrypsin digestion	Chymotrypsin digestion of Tyrosine-protein kinase Fyn SH3 domain (L7S).	""	""	""	""	""	CC0	2023-07-03	1276	none reported in score columns	failed	none	""	not computed at this scope	""	""				unknown	none	scores_not_downloaded_at_this_scope,genomic_mapping_failed	false	candidate	""
urn:mavedb:00000120-0-1	FYN	ENSG00000010810.20	uniprot	FYN SH3 domain (V55A) combined scores	Model combined scores for Tyrosine-protein kinase Fyn SH3 domain (V55A).	""	""	""	""	""	CC0	2023-07-03	1276	none reported in score columns	incomplete	none	""	not computed at this scope	""	""				n/a	n/a	""	false	excluded	meta_analysis (derived from other score sets, not a direct measurement)
urn:mavedb:00000120-a-1	FYN	ENSG00000010810.20	uniprot	FYN SH3 domain (V55A) trypsin digestion	Trypsin digestion of Tyrosine-protein kinase Fyn SH3 domain (V55A).	""	""	""	""	""	CC0	2023-07-03	1276	none reported in score columns	incomplete	none	""	not computed at this scope	""	""				unknown	none	scores_not_downloaded_at_this_scope,genomic_mapping_incomplete	false	candidate	""
urn:mavedb:00000120-a-2	FYN	ENSG00000010810.20	uniprot	FYN SH3 domain (V55A) chymotrypsin digestion	Chymotrypsin digestion of Tyrosine-protein kinase Fyn SH3 domain (V55A).	""	""	""	""	""	CC0	2023-07-03	1276	none reported in score columns	incomplete	none	""	not computed at this scope	""	""				unknown	none	scores_not_downloaded_at_this_scope,genomic_mapping_incomplete	false	candidate	""
urn:mavedb:00000140-0-1	EPHB2	ENSG00000133216.18	uniprot	EPHB2 SAM domain combined scores	Model combined scores for Ephrin type-B receptor 2 SAM domain.	""	""	""	""	""	CC0	2023-07-03	2176	none reported in score columns	incomplete	none	""	not computed at this scope	""	""				n/a	n/a	""	false	excluded	meta_analysis (derived from other score sets, not a direct measurement)
urn:mavedb:00000140-a-1	EPHB2	ENSG00000133216.18	uniprot	EPHB2 SAM domain trypsin digestion	Trypsin digestion of Ephrin type-B receptor 2 SAM domain.	""	""	""	""	""	CC0	2023-07-03	2176	none reported in score columns	incomplete	none	""	not computed at this scope	""	""				unknown	none	scores_not_downloaded_at_this_scope,genomic_mapping_incomplete	false	candidate	""
urn:mavedb:00000140-a-2	EPHB2	ENSG00000133216.18	uniprot	EPHB2 SAM domain chymotrypsin digestion	Chymotrypsin digestion of Ephrin type-B receptor 2 SAM domain.	""	""	""	""	""	CC0	2023-07-03	2176	none reported in score columns	incomplete	none	""	not computed at this scope	""	""				unknown	none	scores_not_downloaded_at_this_scope,genomic_mapping_incomplete	false	candidate	""
urn:mavedb:00000151-0-1	LCK	ENSG00000182866.20	uniprot	LCK combined scores	Model combined scores for SH3 domain of Tyrosine-protein kinase Lck.	""	""	""	""	""	CC0	2023-07-03	2343	none reported in score columns	incomplete	none	""	not computed at this scope	""	""				n/a	n/a	""	false	excluded	meta_analysis (derived from other score sets, not a direct measurement)
urn:mavedb:00000151-a-1	LCK	ENSG00000182866.20	uniprot	LCK trypsin digestion	Trypsin digestion of SH3 domain of Tyrosine-protein kinase Lck.	""	""	""	""	""	CC0	2023-07-03	2343	none reported in score columns	incomplete	none	""	not computed at this scope	""	""				unknown	none	scores_not_downloaded_at_this_scope,genomic_mapping_incomplete	false	candidate	""
urn:mavedb:00000151-a-2	LCK	ENSG00000182866.20	uniprot	LCK chymotrypsin digestion	Chymotrypsin digestion of SH3 domain of Tyrosine-protein kinase Lck.	""	""	""	""	""	CC0	2023-07-03	2343	none reported in score columns	incomplete	none	""	not computed at this scope	""	""				unknown	none	scores_not_downloaded_at_this_scope,genomic_mapping_incomplete	false	candidate	""
urn:mavedb:00000152-0-1	UBR5	ENSG00000104517.15	uniprot	UBR5 combined scores	Model combined scores for E3 ubiquitin-protein ligase UBR5 .	""	""	""	""	""	CC0	2023-07-03	1628	none reported in score columns	failed	none	""	not computed at this scope	""	""				n/a	n/a	""	false	excluded	meta_analysis (derived from other score sets, not a direct measurement)
urn:mavedb:00000152-a-1	UBR5	ENSG00000104517.15	uniprot	UBR5 trypsin digestion	Trypsin digestion of E3 ubiquitin-protein ligase UBR5 .	""	""	""	""	""	CC0	2023-07-03	1628	none reported in score columns	incomplete	none	""	not computed at this scope	""	""				unknown	none	scores_not_downloaded_at_this_scope,genomic_mapping_incomplete	false	candidate	""
urn:mavedb:00000152-a-2	UBR5	ENSG00000104517.15	uniprot	UBR5 chymotrypsin digestion	Chymotrypsin digestion of E3 ubiquitin-protein ligase UBR5 .	""	""	""	""	""	CC0	2023-07-03	1628	none reported in score columns	incomplete	none	""	not computed at this scope	""	""				unknown	none	scores_not_downloaded_at_this_scope,genomic_mapping_incomplete	false	candidate	""
urn:mavedb:00000153-0-1	PIN1	ENSG00000127445.16	mavedb_mapping	PIN1 WW domain combined scores	Model combined scores for Peptidyl-prolyl cis-trans isomerase NIMA-interacting 1 WW domain.	""	""	""	""	""	CC0	2023-07-03	1028	none reported in score columns	incomplete	none	""	not computed at this scope	""	""				n/a	n/a	""	false	excluded	meta_analysis (derived from other score sets, not a direct measurement)
urn:mavedb:00000153-a-1	PIN1	ENSG00000127445.16	uniprot	PIN1 WW domain trypsin digestion	Trypsin digestion of Peptidyl-prolyl cis-trans isomerase NIMA-interacting 1 WW domain.	""	""	""	""	""	CC0	2023-07-03	1028	none reported in score columns	incomplete	none	""	not computed at this scope	""	""				unknown	none	scores_not_downloaded_at_this_scope,genomic_mapping_incomplete	false	candidate	""
urn:mavedb:00000153-a-2	PIN1	ENSG00000127445.16	uniprot	PIN1 WW domain chymotrypsin digestion	Chymotrypsin digestion of Peptidyl-prolyl cis-trans isomerase NIMA-interacting 1 WW domain.	""	""	""	""	""	CC0	2023-07-03	1028	none reported in score columns	incomplete	none	""	not computed at this scope	""	""				unknown	none	scores_not_downloaded_at_this_scope,genomic_mapping_incomplete	false	candidate	""
urn:mavedb:00000154-0-1	RAD23A	ENSG00000179262.12	mavedb_mapping	RAD23A UBA domain combined scores	Model combined scores for UV excision repair protein RAD23 homolog A UBA domain.	""	""	""	""	""	CC0	2023-07-03	1214	none reported in score columns	incomplete	none	""	not computed at this scope	""	""				n/a	n/a	""	false	excluded	meta_analysis (derived from other score sets, not a direct measurement)
urn:mavedb:00000154-a-1	RAD23A	ENSG00000179262.12	uniprot	RAD23A UBA domain trypsin digestion	Trypsin digestion of UV excision repair protein RAD23 homolog A UBA domain.	""	""	""	""	""	CC0	2023-07-03	1214	none reported in score columns	incomplete	none	""	not computed at this scope	""	""				unknown	none	scores_not_downloaded_at_this_scope,genomic_mapping_incomplete	false	candidate	""
urn:mavedb:00000154-a-2	RAD23A	ENSG00000179262.12	uniprot	RAD23A UBA domain chymotrypsin digestion	Chymotrypsin digestion of UV excision repair protein RAD23 homolog A UBA domain.	""	""	""	""	""	CC0	2023-07-03	1214	none reported in score columns	incomplete	none	""	not computed at this scope	""	""				unknown	none	scores_not_downloaded_at_this_scope,genomic_mapping_incomplete	false	candidate	""
urn:mavedb:00000159-0-1	SMN1	ENSG00000172062.19	uniprot	SMN Tudor domain combined scores	Model combined scores for Survival motor neuron protein Tudor domain.	""	""	""	""	""	CC0	2023-07-03	1259	none reported in score columns	incomplete	none	""	not computed at this scope	""	""				n/a	n/a	""	false	excluded	meta_analysis (derived from other score sets, not a direct measurement)
urn:mavedb:00000159-a-1	SMN1	ENSG00000172062.19	uniprot	SMN Tudor domain trypsin digestion	Trypsin digestion of Survival motor neuron protein Tudor domain.	""	""	""	""	""	CC0	2023-07-03	1259	none reported in score columns	incomplete	none	""	not computed at this scope	""	""				unknown	none	scores_not_downloaded_at_this_scope,genomic_mapping_incomplete	false	candidate	""
urn:mavedb:00000159-a-2	SMN1	ENSG00000172062.19	uniprot	SMN Tudor domain chymotrypsin digestion	Chymotrypsin digestion of Survival motor neuron protein Tudor domain.	""	""	""	""	""	CC0	2023-07-03	1259	none reported in score columns	incomplete	none	""	not computed at this scope	""	""				unknown	none	scores_not_downloaded_at_this_scope,genomic_mapping_incomplete	false	candidate	""
urn:mavedb:00000164-0-1	CPA2	ENSG00000158516.13	uniprot	CPA2 activation domain combined scores	Model combined scores for Carboxypeptidase A2 activation domain.	""	""	""	""	""	CC0	2023-07-03	2163	none reported in score columns	incomplete	none	""	not computed at this scope	""	""				n/a	n/a	""	false	excluded	meta_analysis (derived from other score sets, not a direct measurement)
urn:mavedb:00000164-a-1	CPA2	ENSG00000158516.13	uniprot	CPA2 activation domain trypsin digestion	Trypsin digestion of Carboxypeptidase A2 activation domain.	""	""	""	""	""	CC0	2023-07-03	2163	none reported in score columns	incomplete	none	""	not computed at this scope	""	""				unknown	none	scores_not_downloaded_at_this_scope,genomic_mapping_incomplete	false	candidate	""
urn:mavedb:00000164-a-2	CPA2	ENSG00000158516.13	uniprot	CPA2 activation domain chymotrypsin digestion	Chymotrypsin digestion of Carboxypeptidase A2 activation domain.	""	""	""	""	""	CC0	2023-07-03	2163	none reported in score columns	incomplete	none	""	not computed at this scope	""	""				unknown	none	scores_not_downloaded_at_this_scope,genomic_mapping_incomplete	false	candidate	""
urn:mavedb:00000183-0-1	BTK	ENSG00000010671.20	uniprot	BTK combined scores	Model combined scores for Tyrosine-protein kinase BTK.	""	""	""	""	""	CC0	2023-07-03	2005	none reported in score columns	incomplete	none	""	not computed at this scope	""	""				n/a	n/a	""	false	excluded	meta_analysis (derived from other score sets, not a direct measurement)
urn:mavedb:00000183-a-1	BTK	ENSG00000010671.20	uniprot	BTK trypsin digestion	Trypsin digestion of Tyrosine-protein kinase BTK.	""	""	""	""	""	CC0	2023-07-03	2005	none reported in score columns	incomplete	none	""	not computed at this scope	""	""				unknown	none	scores_not_downloaded_at_this_scope,genomic_mapping_incomplete	false	candidate	""
urn:mavedb:00000183-a-2	BTK	ENSG00000010671.20	uniprot	BTK chymotrypsin digestion	Chymotrypsin digestion of Tyrosine-protein kinase BTK.	""	""	""	""	""	CC0	2023-07-03	2005	none reported in score columns	incomplete	none	""	not computed at this scope	""	""				unknown	none	scores_not_downloaded_at_this_scope,genomic_mapping_incomplete	false	candidate	""
urn:mavedb:00000186-0-1	NPHP1	ENSG00000144061.16	uniprot	NPHP1 combined scores	Model combined scores for Nephrocystin-1.	""	""	""	""	""	CC0	2023-07-03	1660	none reported in score columns	incomplete	none	""	not computed at this scope	""	""				n/a	n/a	""	false	excluded	meta_analysis (derived from other score sets, not a direct measurement)
urn:mavedb:00000186-a-1	NPHP1	ENSG00000144061.16	uniprot	NPHP1 trypsin digestion	Trypsin digestion of Nephrocystin-1.	""	""	""	""	""	CC0	2023-07-03	1660	none reported in score columns	incomplete	none	""	not computed at this scope	""	""				unknown	none	scores_not_downloaded_at_this_scope,genomic_mapping_incomplete	false	candidate	""
urn:mavedb:00000186-a-2	NPHP1	ENSG00000144061.16	uniprot	NPHP1 chymotrypsin digestion	Chymotrypsin digestion of Nephrocystin-1.	""	""	""	""	""	CC0	2023-07-03	1660	none reported in score columns	incomplete	none	""	not computed at this scope	""	""				unknown	none	scores_not_downloaded_at_this_scope,genomic_mapping_incomplete	false	candidate	""
urn:mavedb:00000187-0-1	NPHP1	ENSG00000144061.16	uniprot	NPHP1 (F13S) combined scores	Model combined scores for Nephrocystin-1 (F13S).	""	""	""	""	""	CC0	2023-07-03	1301	none reported in score columns	incomplete	none	""	not computed at this scope	""	""				n/a	n/a	""	false	excluded	meta_analysis (derived from other score sets, not a direct measurement)
urn:mavedb:00000187-a-1	NPHP1	ENSG00000144061.16	uniprot	NPHP1 (F13S) trypsin digestion	Trypsin digestion of Nephrocystin-1 (F13S).	""	""	""	""	""	CC0	2023-07-03	1301	none reported in score columns	incomplete	none	""	not computed at this scope	""	""				unknown	none	scores_not_downloaded_at_this_scope,genomic_mapping_incomplete	false	candidate	""
urn:mavedb:00000187-a-2	NPHP1	ENSG00000144061.16	uniprot	NPHP1 (F13S) chymotrypsin digestion	Chymotrypsin digestion of Nephrocystin-1 (F13S).	""	""	""	""	""	CC0	2023-07-03	1301	none reported in score columns	incomplete	none	""	not computed at this scope	""	""				unknown	none	scores_not_downloaded_at_this_scope,genomic_mapping_incomplete	false	candidate	""
urn:mavedb:00000188-0-1	NPHP1	ENSG00000144061.16	uniprot	NPHP1 (V29A) combined scores	Model combined scores for Nephrocystin-1 (V29A).	""	""	""	""	""	CC0	2023-07-03	1301	none reported in score columns	incomplete	none	""	not computed at this scope	""	""				n/a	n/a	""	false	excluded	meta_analysis (derived from other score sets, not a direct measurement)
urn:mavedb:00000188-a-1	NPHP1	ENSG00000144061.16	uniprot	NPHP1 (V29A) trypsin digestion	Trypsin digestion of Nephrocystin-1 (V29A).	""	""	""	""	""	CC0	2023-07-03	1301	none reported in score columns	incomplete	none	""	not computed at this scope	""	""				unknown	none	scores_not_downloaded_at_this_scope,genomic_mapping_incomplete	false	candidate	""
urn:mavedb:00000188-a-2	NPHP1	ENSG00000144061.16	uniprot	NPHP1 (V29A) chymotrypsin digestion	Chymotrypsin digestion of Nephrocystin-1 (V29A).	""	""	""	""	""	CC0	2023-07-03	1301	none reported in score columns	incomplete	none	""	not computed at this scope	""	""				unknown	none	scores_not_downloaded_at_this_scope,genomic_mapping_incomplete	false	candidate	""
urn:mavedb:00000189-0-1	UBC	ENSG00000150991.18	uniprot	UBC combined scores	Model combined scores for Polyubiquitin-C.	""	""	""	""	""	CC0	2023-07-03	1555	none reported in score columns	failed	none	""	not computed at this scope	""	""				n/a	n/a	""	false	excluded	meta_analysis (derived from other score sets, not a direct measurement)
urn:mavedb:00000189-a-1	UBC	ENSG00000150991.18	uniprot	UBC trypsin digestion	Trypsin digestion of Polyubiquitin-C.	""	""	""	""	""	CC0	2023-07-03	1555	none reported in score columns	failed	none	""	not computed at this scope	""	""				unknown	none	scores_not_downloaded_at_this_scope,genomic_mapping_failed	false	candidate	""
urn:mavedb:00000189-a-2	UBC	ENSG00000150991.18	uniprot	UBC chymotrypsin digestion	Chymotrypsin digestion of Polyubiquitin-C.	""	""	""	""	""	CC0	2023-07-03	1555	none reported in score columns	failed	none	""	not computed at this scope	""	""				unknown	none	scores_not_downloaded_at_this_scope,genomic_mapping_failed	false	candidate	""
urn:mavedb:00000190-0-1	UBC	ENSG00000150991.18	uniprot	UBC (F13S) combined scores	Model combined scores for Polyubiquitin-C (F13S).	""	""	""	""	""	CC0	2023-07-03	1565	none reported in score columns	failed	none	""	not computed at this scope	""	""				n/a	n/a	""	false	excluded	meta_analysis (derived from other score sets, not a direct measurement)
urn:mavedb:00000190-a-1	UBC	ENSG00000150991.18	uniprot	UBC (F13S) trypsin digestion	Trypsin digestion of Polyubiquitin-C (F13S).	""	""	""	""	""	CC0	2023-07-03	1565	none reported in score columns	failed	none	""	not computed at this scope	""	""				unknown	none	scores_not_downloaded_at_this_scope,genomic_mapping_failed	false	candidate	""
urn:mavedb:00000190-a-2	UBC	ENSG00000150991.18	uniprot	UBC (F13S) chymotrypsin digestion	Chymotrypsin digestion of Polyubiquitin-C (F13S).	""	""	""	""	""	CC0	2023-07-03	1565	none reported in score columns	failed	none	""	not computed at this scope	""	""				unknown	none	scores_not_downloaded_at_this_scope,genomic_mapping_failed	false	candidate	""
urn:mavedb:00000191-0-1	UBC	ENSG00000150991.18	uniprot	UBC (L3A) combined scores	Model combined scores for Polyubiquitin-C (L3A).	""	""	""	""	""	CC0	2023-07-03	1563	none reported in score columns	failed	none	""	not computed at this scope	""	""				n/a	n/a	""	false	excluded	meta_analysis (derived from other score sets, not a direct measurement)
urn:mavedb:00000191-a-1	UBC	ENSG00000150991.18	uniprot	UBC (L3A) trypsin digestion	Trypsin digestion of Polyubiquitin-C (L3A).	""	""	""	""	""	CC0	2023-07-03	1563	none reported in score columns	failed	none	""	not computed at this scope	""	""				unknown	none	scores_not_downloaded_at_this_scope,genomic_mapping_failed	false	candidate	""
urn:mavedb:00000191-a-2	UBC	ENSG00000150991.18	uniprot	UBC (L3A) chymotrypsin digestion	Chymotrypsin digestion of Polyubiquitin-C (L3A).	""	""	""	""	""	CC0	2023-07-03	1563	none reported in score columns	failed	none	""	not computed at this scope	""	""				unknown	none	scores_not_downloaded_at_this_scope,genomic_mapping_failed	false	candidate	""
urn:mavedb:00000196-0-1	UBC	ENSG00000150991.18	uniprot	UBC combined scores	Model combined scores for Polyubiquitin-C.	""	""	""	""	""	CC0	2023-07-03	1434	none reported in score columns	failed	none	""	not computed at this scope	""	""				n/a	n/a	""	false	excluded	meta_analysis (derived from other score sets, not a direct measurement)
urn:mavedb:00000196-a-1	UBC	ENSG00000150991.18	uniprot	UBC trypsin digestion	Trypsin digestion of Polyubiquitin-C.	""	""	""	""	""	CC0	2023-07-03	1434	none reported in score columns	failed	none	""	not computed at this scope	""	""				unknown	none	scores_not_downloaded_at_this_scope,genomic_mapping_failed	false	candidate	""
urn:mavedb:00000196-a-2	UBC	ENSG00000150991.18	uniprot	UBC chymotrypsin digestion	Chymotrypsin digestion of Polyubiquitin-C.	""	""	""	""	""	CC0	2023-07-03	1434	none reported in score columns	failed	none	""	not computed at this scope	""	""				unknown	none	scores_not_downloaded_at_this_scope,genomic_mapping_failed	false	candidate	""
urn:mavedb:00000197-0-1	UBC	ENSG00000150991.18	uniprot	UBC (I3A) combined scores	Model combined scores for Polyubiquitin-C (I3A).	""	""	""	""	""	CC0	2023-07-03	1439	none reported in score columns	failed	none	""	not computed at this scope	""	""				n/a	n/a	""	false	excluded	meta_analysis (derived from other score sets, not a direct measurement)
urn:mavedb:00000197-a-1	UBC	ENSG00000150991.18	uniprot	UBC (I3A) trypsin digestion	Trypsin digestion of Polyubiquitin-C (I3A).	""	""	""	""	""	CC0	2023-07-03	1439	none reported in score columns	failed	none	""	not computed at this scope	""	""				unknown	none	scores_not_downloaded_at_this_scope,genomic_mapping_failed	false	candidate	""
urn:mavedb:00000197-a-2	UBC	ENSG00000150991.18	uniprot	UBC (I3A) chymotrypsin digestion	Chymotrypsin digestion of Polyubiquitin-C (I3A).	""	""	""	""	""	CC0	2023-07-03	1439	none reported in score columns	failed	none	""	not computed at this scope	""	""				unknown	none	scores_not_downloaded_at_this_scope,genomic_mapping_failed	false	candidate	""
urn:mavedb:00000198-0-1	UBC	ENSG00000150991.18	uniprot	UBC (L15S) combined scores	Model combined scores for Polyubiquitin-C (L15S).	""	""	""	""	""	CC0	2023-07-03	1444	none reported in score columns	complete	none	""	not computed at this scope	""	""				n/a	n/a	""	false	excluded	meta_analysis (derived from other score sets, not a direct measurement)
urn:mavedb:00000198-a-1	UBC	ENSG00000150991.18	uniprot	UBC (L15S) trypsin digestion	Trypsin digestion of Polyubiquitin-C (L15S).	""	""	""	""	""	CC0	2023-07-03	1444	none reported in score columns	complete	none	""	not computed at this scope	""	""				unknown	none	scores_not_downloaded_at_this_scope	false	candidate	""
urn:mavedb:00000198-a-2	UBC	ENSG00000150991.18	uniprot	UBC (L15S) chymotrypsin digestion	Chymotrypsin digestion of Polyubiquitin-C (L15S).	""	""	""	""	""	CC0	2023-07-03	1444	none reported in score columns	complete	none	""	not computed at this scope	""	""				unknown	none	scores_not_downloaded_at_this_scope	false	candidate	""
urn:mavedb:00000199-0-1	UBC	ENSG00000150991.18	uniprot	UBC (L43A) combined scores	Model combined scores for Polyubiquitin-C (L43A).	""	""	""	""	""	CC0	2023-07-03	1442	none reported in score columns	failed	none	""	not computed at this scope	""	""				n/a	n/a	""	false	excluded	meta_analysis (derived from other score sets, not a direct measurement)
urn:mavedb:00000199-a-1	UBC	ENSG00000150991.18	uniprot	UBC (L43A) trypsin digestion	Trypsin digestion of Polyubiquitin-C (L43A).	""	""	""	""	""	CC0	2023-07-03	1442	none reported in score columns	failed	none	""	not computed at this scope	""	""				unknown	none	scores_not_downloaded_at_this_scope,genomic_mapping_failed	false	candidate	""
urn:mavedb:00000199-a-2	UBC	ENSG00000150991.18	uniprot	UBC (L43A) chymotrypsin digestion	Chymotrypsin digestion of Polyubiquitin-C (L43A).	""	""	""	""	""	CC0	2023-07-03	1442	none reported in score columns	failed	none	""	not computed at this scope	""	""				unknown	none	scores_not_downloaded_at_this_scope,genomic_mapping_failed	false	candidate	""
urn:mavedb:00000200-0-1	UBC	ENSG00000150991.18	uniprot	UBC (L67S) combined scores	Model combined scores for Polyubiquitin-C (L67S).	""	""	""	""	""	CC0	2023-07-03	1439	none reported in score columns	failed	none	""	not computed at this scope	""	""				n/a	n/a	""	false	excluded	meta_analysis (derived from other score sets, not a direct measurement)
urn:mavedb:00000200-a-1	UBC	ENSG00000150991.18	uniprot	UBC (L67S) trypsin digestion	Trypsin digestion of Polyubiquitin-C (L67S).	""	""	""	""	""	CC0	2023-07-03	1439	none reported in score columns	failed	none	""	not computed at this scope	""	""				unknown	none	scores_not_downloaded_at_this_scope,genomic_mapping_failed	false	candidate	""
urn:mavedb:00000200-a-2	UBC	ENSG00000150991.18	uniprot	UBC (L67S) chymotrypsin digestion	Chymotrypsin digestion of Polyubiquitin-C (L67S).	""	""	""	""	""	CC0	2023-07-03	1439	none reported in score columns	failed	none	""	not computed at this scope	""	""				unknown	none	scores_not_downloaded_at_this_scope,genomic_mapping_failed	false	candidate	""
urn:mavedb:00000201-0-1	UBC	ENSG00000150991.18	uniprot	UBC (pross10) combined scores	Model combined scores for Polyubiquitin-C (pross10).	""	""	""	""	""	CC0	2023-07-03	1291	none reported in score columns	failed	none	""	not computed at this scope	""	""				n/a	n/a	""	false	excluded	meta_analysis (derived from other score sets, not a direct measurement)
urn:mavedb:00000201-a-1	UBC	ENSG00000150991.18	uniprot	UBC (pross10) trypsin digestion	Trypsin digestion of Polyubiquitin-C (pross10).	""	""	""	""	""	CC0	2023-07-03	1291	none reported in score columns	failed	none	""	not computed at this scope	""	""				unknown	none	scores_not_downloaded_at_this_scope,genomic_mapping_failed	false	candidate	""
urn:mavedb:00000201-a-2	UBC	ENSG00000150991.18	uniprot	UBC (pross10) chymotrypsin digestion	Chymotrypsin digestion of Polyubiquitin-C (pross10).	""	""	""	""	""	CC0	2023-07-03	1291	none reported in score columns	failed	none	""	not computed at this scope	""	""				unknown	none	scores_not_downloaded_at_this_scope,genomic_mapping_failed	false	candidate	""
urn:mavedb:00000202-0-1	UBC	ENSG00000150991.18	uniprot	UBC (pross7) combined scores	Model combined scores for Polyubiquitin-C (pross7).	""	""	""	""	""	CC0	2023-07-03	1290	none reported in score columns	failed	none	""	not computed at this scope	""	""				n/a	n/a	""	false	excluded	meta_analysis (derived from other score sets, not a direct measurement)
urn:mavedb:00000202-a-1	UBC	ENSG00000150991.18	uniprot	UBC (pross7) trypsin digestion	Trypsin digestion of Polyubiquitin-C (pross7).	""	""	""	""	""	CC0	2023-07-03	1290	none reported in score columns	failed	none	""	not computed at this scope	""	""				unknown	none	scores_not_downloaded_at_this_scope,genomic_mapping_failed	false	candidate	""
urn:mavedb:00000202-a-2	UBC	ENSG00000150991.18	uniprot	UBC (pross7) chymotrypsin digestion	Chymotrypsin digestion of Polyubiquitin-C (pross7).	""	""	""	""	""	CC0	2023-07-03	1290	none reported in score columns	failed	none	""	not computed at this scope	""	""				unknown	none	scores_not_downloaded_at_this_scope,genomic_mapping_failed	false	candidate	""
urn:mavedb:00000206-0-1	PKN1	ENSG00000123143.15	uniprot	PKN1 combined scores	Model combined scores for Serine/threonine-protein kinase N1.	""	""	""	""	""	CC0	2023-07-03	1559	none reported in score columns	failed	none	""	not computed at this scope	""	""				n/a	n/a	""	false	excluded	meta_analysis (derived from other score sets, not a direct measurement)
urn:mavedb:00000206-a-1	PKN1	ENSG00000123143.15	uniprot	PKN1 trypsin digestion	Trypsin digestion of Serine/threonine-protein kinase N1.	""	""	""	""	""	CC0	2023-07-03	1559	none reported in score columns	failed	none	""	not computed at this scope	""	""				unknown	none	scores_not_downloaded_at_this_scope,genomic_mapping_failed	false	candidate	""
urn:mavedb:00000206-a-2	PKN1	ENSG00000123143.15	uniprot	PKN1 chymotrypsin digestion	Chymotrypsin digestion of Serine/threonine-protein kinase N1.	""	""	""	""	""	CC0	2023-07-03	1559	none reported in score columns	failed	none	""	not computed at this scope	""	""				unknown	none	scores_not_downloaded_at_this_scope,genomic_mapping_failed	false	candidate	""
urn:mavedb:00000207-0-1	PRPF40A	ENSG00000196504.23	uniprot	PRPF40A combined scores	Model combined scores for Pre-mRNA-processing factor 40 homolog A.	""	""	""	""	""	CC0	2023-07-03	2367	none reported in score columns	incomplete	none	""	not computed at this scope	""	""				n/a	n/a	""	false	excluded	meta_analysis (derived from other score sets, not a direct measurement)
urn:mavedb:00000207-a-1	PRPF40A	ENSG00000196504.23	uniprot	PRPF40A trypsin digestion	Trypsin digestion of Pre-mRNA-processing factor 40 homolog A.	""	""	""	""	""	CC0	2023-07-03	2367	none reported in score columns	incomplete	none	""	not computed at this scope	""	""				unknown	none	scores_not_downloaded_at_this_scope,genomic_mapping_incomplete	false	candidate	""
urn:mavedb:00000207-a-2	PRPF40A	ENSG00000196504.23	uniprot	PRPF40A chymotrypsin digestion	Chymotrypsin digestion of Pre-mRNA-processing factor 40 homolog A.	""	""	""	""	""	CC0	2023-07-03	2367	none reported in score columns	incomplete	none	""	not computed at this scope	""	""				unknown	none	scores_not_downloaded_at_this_scope,genomic_mapping_incomplete	false	candidate	""
urn:mavedb:00000208-0-1	OBSCN	ENSG00000154358.24	uniprot	OBSCN combined scores	Model combined scores for Obscurin.	""	""	""	""	""	CC0	2023-07-03	3599	none reported in score columns	complete	none	""	not computed at this scope	""	""				n/a	n/a	""	false	excluded	meta_analysis (derived from other score sets, not a direct measurement)
urn:mavedb:00000208-a-1	OBSCN	ENSG00000154358.24	uniprot	OBSCN trypsin digestion	Trypsin digestion of Obscurin.	""	""	""	""	""	CC0	2023-07-03	3599	none reported in score columns	complete	none	""	not computed at this scope	""	""				unknown	none	scores_not_downloaded_at_this_scope	false	candidate	""
urn:mavedb:00000208-a-2	OBSCN	ENSG00000154358.24	uniprot	OBSCN chymotrypsin digestion	Chymotrypsin digestion of Obscurin.	""	""	""	""	""	CC0	2023-07-03	3599	none reported in score columns	complete	none	""	not computed at this scope	""	""				unknown	none	scores_not_downloaded_at_this_scope	false	candidate	""
urn:mavedb:00000220-0-1	OSTF1	ENSG00000134996.14	uniprot	OSTF1 combined scores	Model combined scores for Osteoclast-stimulating factor 1 SH3 domain.	""	""	""	""	""	CC0	2023-07-03	3043	none reported in score columns	incomplete	none	""	not computed at this scope	""	""				n/a	n/a	""	false	excluded	meta_analysis (derived from other score sets, not a direct measurement)
urn:mavedb:00000220-a-1	OSTF1	ENSG00000134996.14	uniprot	OSTF1 trypsin digestion	Trypsin digestion of Osteoclast-stimulating factor 1 SH3 domain.	""	""	""	""	""	CC0	2023-07-03	3043	none reported in score columns	incomplete	none	""	not computed at this scope	""	""				unknown	none	scores_not_downloaded_at_this_scope,genomic_mapping_incomplete	false	candidate	""
urn:mavedb:00000220-a-2	OSTF1	ENSG00000134996.14	uniprot	OSTF1 chymotrypsin digestion	Chymotrypsin digestion of Osteoclast-stimulating factor 1 SH3 domain.	""	""	""	""	""	CC0	2023-07-03	3043	none reported in score columns	incomplete	none	""	not computed at this scope	""	""				unknown	none	scores_not_downloaded_at_this_scope,genomic_mapping_incomplete	false	candidate	""
urn:mavedb:00000221-0-1	HNRNPUL1	ENSG00000105323.20	uniprot	HNRNPUL1 combined scores	Model combined scores for Heterogeneous nuclear ribonucleoprotein U-like protein 1 SAP domain.	""	""	""	""	""	CC0	2023-07-03	2110	none reported in score columns	failed	none	""	not computed at this scope	""	""				n/a	n/a	""	false	excluded	meta_analysis (derived from other score sets, not a direct measurement)
urn:mavedb:00000221-a-1	HNRNPUL1	ENSG00000105323.20	uniprot	HNRNPUL1 trypsin digestion	Trypsin digestion of Heterogeneous nuclear ribonucleoprotein U-like protein 1 SAP domain.	""	""	""	""	""	CC0	2023-07-03	2110	none reported in score columns	failed	none	""	not computed at this scope	""	""				unknown	none	scores_not_downloaded_at_this_scope,genomic_mapping_failed	false	candidate	""
urn:mavedb:00000221-a-2	HNRNPUL1	ENSG00000105323.20	uniprot	HNRNPUL1 chymotrypsin digestion	Chymotrypsin digestion of Heterogeneous nuclear ribonucleoprotein U-like protein 1 SAP domain.	""	""	""	""	""	CC0	2023-07-03	2110	none reported in score columns	failed	none	""	not computed at this scope	""	""				unknown	none	scores_not_downloaded_at_this_scope,genomic_mapping_failed	false	candidate	""
urn:mavedb:00000234-0-1	HUWE1	ENSG00000086758.19	uniprot	HUWE1 combined scores	Model combined scores for E3 ubiquitin-protein ligase HUWE1.	""	""	""	""	""	CC0	2023-07-04	1474	none reported in score columns	failed	none	""	not computed at this scope	""	""				n/a	n/a	""	false	excluded	meta_analysis (derived from other score sets, not a direct measurement)
urn:mavedb:00000234-a-1	HUWE1	ENSG00000086758.19	uniprot	HUWE1 trypsin digestion	Trypsin digestion of E3 ubiquitin-protein ligase HUWE1.	""	""	""	""	""	CC0	2023-07-04	1474	none reported in score columns	failed	none	""	not computed at this scope	""	""				unknown	none	scores_not_downloaded_at_this_scope,genomic_mapping_failed	false	candidate	""
urn:mavedb:00000234-a-2	HUWE1	ENSG00000086758.19	uniprot	HUWE1 chymotrypsin digestion	Chymotrypsin digestion of E3 ubiquitin-protein ligase HUWE1.	""	""	""	""	""	CC0	2023-07-04	1474	none reported in score columns	failed	none	""	not computed at this scope	""	""				unknown	none	scores_not_downloaded_at_this_scope,genomic_mapping_failed	false	candidate	""
urn:mavedb:00000247-0-1	CD2AP	ENSG00000198087.9	uniprot	CD2AP (pross9) combined scores	Model combined scores for CD2-associated protein (pross9).	""	""	""	""	""	CC0	2023-07-04	1023	none reported in score columns	incomplete	none	""	not computed at this scope	""	""				n/a	n/a	""	false	excluded	meta_analysis (derived from other score sets, not a direct measurement)
urn:mavedb:00000247-a-1	CD2AP	ENSG00000198087.9	uniprot	CD2AP (pross9) trypsin digestion	Trypsin digestion of CD2-associated protein (pross9).	""	""	""	""	""	CC0	2023-07-04	1023	none reported in score columns	incomplete	none	""	not computed at this scope	""	""				unknown	none	scores_not_downloaded_at_this_scope,genomic_mapping_incomplete	false	candidate	""
urn:mavedb:00000247-a-2	CD2AP	ENSG00000198087.9	uniprot	CD2AP (pross9) chymotrypsin digestion	Chymotrypsin digestion of CD2-associated protein (pross9).	""	""	""	""	""	CC0	2023-07-04	1023	none reported in score columns	incomplete	none	""	not computed at this scope	""	""				unknown	none	scores_not_downloaded_at_this_scope,genomic_mapping_incomplete	false	candidate	""
urn:mavedb:00000256-0-1	SQSTM1	ENSG00000161011.22	uniprot	SQSTM1 combined scores	Model combined scores for Sequestosome-1.	""	""	""	""	""	CC0	2023-07-04	1669	none reported in score columns	complete	none	""	not computed at this scope	""	""				n/a	n/a	""	false	excluded	meta_analysis (derived from other score sets, not a direct measurement)
urn:mavedb:00000256-a-1	SQSTM1	ENSG00000161011.22	uniprot	SQSTM1 trypsin digestion	Trypsin digestion of Sequestosome-1.	""	""	""	""	""	CC0	2023-07-04	1669	none reported in score columns	complete	none	""	not computed at this scope	""	""				unknown	none	scores_not_downloaded_at_this_scope	false	candidate	""
urn:mavedb:00000256-a-2	SQSTM1	ENSG00000161011.22	uniprot	SQSTM1 chymotrypsin digestion	Chymotrypsin digestion of Sequestosome-1.	""	""	""	""	""	CC0	2023-07-04	1669	none reported in score columns	complete	none	""	not computed at this scope	""	""				unknown	none	scores_not_downloaded_at_this_scope	false	candidate	""
urn:mavedb:00000258-0-1	CBX7	ENSG00000100307.15	uniprot	CBX7 chromo domain combined scores	Model combined scores for Chromobox protein homolog 7 chromo domain.	""	""	""	""	""	CC0	2023-07-04	2162	none reported in score columns	incomplete	none	""	not computed at this scope	""	""				n/a	n/a	""	false	excluded	meta_analysis (derived from other score sets, not a direct measurement)
urn:mavedb:00000258-a-1	CBX7	ENSG00000100307.15	uniprot	CBX7 chromo domain trypsin digestion	Trypsin digestion of Chromobox protein homolog 7 chromo domain.	""	""	""	""	""	CC0	2023-07-04	2162	none reported in score columns	incomplete	none	""	not computed at this scope	""	""				unknown	none	scores_not_downloaded_at_this_scope,genomic_mapping_incomplete	false	candidate	""
urn:mavedb:00000258-a-2	CBX7	ENSG00000100307.15	uniprot	CBX7 chromo domain chymotrypsin digestion	Chymotrypsin digestion of Chromobox protein homolog 7 chromo domain.	""	""	""	""	""	CC0	2023-07-04	2162	none reported in score columns	incomplete	none	""	not computed at this scope	""	""				unknown	none	scores_not_downloaded_at_this_scope,genomic_mapping_incomplete	false	candidate	""
urn:mavedb:00000259-0-1	CBX4	ENSG00000141582.17	uniprot	CBX4 chromo domain combined scores	Model combined scores for Chromobox protein homolog 4 chromo domain.	""	""	""	""	""	CC0	2023-07-04	2799	none reported in score columns	incomplete	none	""	not computed at this scope	""	""				n/a	n/a	""	false	excluded	meta_analysis (derived from other score sets, not a direct measurement)
urn:mavedb:00000259-a-1	CBX4	ENSG00000141582.17	uniprot	CBX4 chromo domain trypsin digestion	Trypsin digestion of Chromobox protein homolog 4 chromo domain.	""	""	""	""	""	CC0	2023-07-04	2799	none reported in score columns	incomplete	none	""	not computed at this scope	""	""				unknown	none	scores_not_downloaded_at_this_scope,genomic_mapping_incomplete	false	candidate	""
urn:mavedb:00000259-a-2	CBX4	ENSG00000141582.17	uniprot	CBX4 chromo domain chymotrypsin digestion	Chymotrypsin digestion of Chromobox protein homolog 4 chromo domain.	""	""	""	""	""	CC0	2023-07-04	2799	none reported in score columns	incomplete	none	""	not computed at this scope	""	""				unknown	none	scores_not_downloaded_at_this_scope,genomic_mapping_incomplete	false	candidate	""
urn:mavedb:00000269-0-1	PIN1	ENSG00000127445.16	uniprot	PIN1 combined scores	Model combined scores for Peptidyl-prolyl cis-trans isomerase NIMA-interacting 1.	""	""	""	""	""	CC0	2023-07-04	903	none reported in score columns	failed	none	""	not computed at this scope	""	""				n/a	n/a	""	false	excluded	meta_analysis (derived from other score sets, not a direct measurement)
urn:mavedb:00000269-a-1	PIN1	ENSG00000127445.16	uniprot	PIN1 trypsin digestion	Trypsin digestion of Peptidyl-prolyl cis-trans isomerase NIMA-interacting 1.	""	""	""	""	""	CC0	2023-07-04	903	none reported in score columns	failed	none	""	not computed at this scope	""	""				unknown	none	scores_not_downloaded_at_this_scope,genomic_mapping_failed	false	candidate	""
urn:mavedb:00000269-a-2	PIN1	ENSG00000127445.16	uniprot	PIN1 chymotrypsin digestion	Chymotrypsin digestion of Peptidyl-prolyl cis-trans isomerase NIMA-interacting 1.	""	""	""	""	""	CC0	2023-07-04	903	none reported in score columns	failed	none	""	not computed at this scope	""	""				unknown	none	scores_not_downloaded_at_this_scope,genomic_mapping_failed	false	candidate	""
urn:mavedb:00000271-0-1	FKBP3	ENSG00000100442.13	uniprot	FKBP3 combined scores	Model combined scores for Peptidyl-prolyl cis-trans isomerase FKBP3.	""	""	""	""	""	CC0	2023-07-04	1520	none reported in score columns	incomplete	none	""	not computed at this scope	""	""				n/a	n/a	""	false	excluded	meta_analysis (derived from other score sets, not a direct measurement)
urn:mavedb:00000271-a-1	FKBP3	ENSG00000100442.13	uniprot	FKBP3 trypsin digestion	Trypsin digestion of Peptidyl-prolyl cis-trans isomerase FKBP3.	""	""	""	""	""	CC0	2023-07-04	1520	none reported in score columns	incomplete	none	""	not computed at this scope	""	""				unknown	none	scores_not_downloaded_at_this_scope,genomic_mapping_incomplete	false	candidate	""
urn:mavedb:00000271-a-2	FKBP3	ENSG00000100442.13	uniprot	FKBP3 chymotrypsin digestion	Chymotrypsin digestion of Peptidyl-prolyl cis-trans isomerase FKBP3.	""	""	""	""	""	CC0	2023-07-04	1520	none reported in score columns	incomplete	none	""	not computed at this scope	""	""				unknown	none	scores_not_downloaded_at_this_scope,genomic_mapping_incomplete	false	candidate	""
urn:mavedb:00000272-0-1	PTK6	ENSG00000101213.9	uniprot	PTK6 SH3 domain combined scores	Model combined scores for Protein-tyrosine kinase 6 SH3 domain.	""	""	""	""	""	CC0	2023-07-04	5358	none reported in score columns	complete	none	""	not computed at this scope	""	""				n/a	n/a	""	false	excluded	meta_analysis (derived from other score sets, not a direct measurement)
urn:mavedb:00000272-a-1	PTK6	ENSG00000101213.9	uniprot	PTK6 SH3 domain trypsin digestion	Trypsin digestion of Protein-tyrosine kinase 6 SH3 domain.	""	""	""	""	""	CC0	2023-07-04	5358	none reported in score columns	complete	none	""	not computed at this scope	""	""				unknown	none	scores_not_downloaded_at_this_scope	false	candidate	""
urn:mavedb:00000272-a-2	PTK6	ENSG00000101213.9	uniprot	PTK6 SH3 domain chymotrypsin digestion	Chymotrypsin digestion of Protein-tyrosine kinase 6 SH3 domain.	""	""	""	""	""	CC0	2023-07-04	5358	none reported in score columns	complete	none	""	not computed at this scope	""	""				unknown	none	scores_not_downloaded_at_this_scope	false	candidate	""
urn:mavedb:00000283-0-1	RALBP1	ENSG00000017797.15	uniprot	RALBP1 combined scores	Model combined scores for RalA-binding protein 1.	""	""	""	""	""	CC0	2023-07-04	1505	none reported in score columns	incomplete	none	""	not computed at this scope	""	""				n/a	n/a	""	false	excluded	meta_analysis (derived from other score sets, not a direct measurement)
urn:mavedb:00000283-a-1	RALBP1	ENSG00000017797.15	uniprot	RALBP1 trypsin digestion	Trypsin digestion of RalA-binding protein 1.	""	""	""	""	""	CC0	2023-07-04	1505	none reported in score columns	incomplete	none	""	not computed at this scope	""	""				unknown	none	scores_not_downloaded_at_this_scope,genomic_mapping_incomplete	false	candidate	""
urn:mavedb:00000283-a-2	RALBP1	ENSG00000017797.15	uniprot	RALBP1 chymotrypsin digestion	Chymotrypsin digestion of RalA-binding protein 1.	""	""	""	""	""	CC0	2023-07-04	1505	none reported in score columns	incomplete	none	""	not computed at this scope	""	""				unknown	none	scores_not_downloaded_at_this_scope,genomic_mapping_incomplete	false	candidate	""
urn:mavedb:00000295-0-1	PITX2	ENSG00000164093.19	uniprot	PITX2 homeodomain combined scores	Model combined scores for Pituitary homeobox 2 homeodomain.	""	""	""	""	""	CC0	2023-07-04	1466	none reported in score columns	incomplete	none	""	not computed at this scope	""	""				n/a	n/a	""	false	excluded	meta_analysis (derived from other score sets, not a direct measurement)
urn:mavedb:00000295-a-1	PITX2	ENSG00000164093.19	uniprot	PITX2 homeodomain trypsin digestion	Trypsin digestion of Pituitary homeobox 2 homeodomain.	""	""	""	""	""	CC0	2023-07-04	1466	none reported in score columns	incomplete	none	""	not computed at this scope	""	""				unknown	none	scores_not_downloaded_at_this_scope,genomic_mapping_incomplete	false	candidate	""
urn:mavedb:00000295-a-2	PITX2	ENSG00000164093.19	uniprot	PITX2 homeodomain chymotrypsin digestion	Chymotrypsin digestion of Pituitary homeobox 2 homeodomain.	""	""	""	""	""	CC0	2023-07-04	1466	none reported in score columns	incomplete	none	""	not computed at this scope	""	""				unknown	none	scores_not_downloaded_at_this_scope,genomic_mapping_incomplete	false	candidate	""
urn:mavedb:00000296-0-1	PITX2	ENSG00000164093.19	uniprot	PITX2 homeodomain (R24H mutant) combined scores	Model combined scores for Pituitary homeobox 2 homeodomain (R24H mutant).	""	""	""	""	""	CC0	2023-07-04	2224	none reported in score columns	incomplete	none	""	not computed at this scope	""	""				n/a	n/a	""	false	excluded	meta_analysis (derived from other score sets, not a direct measurement)
urn:mavedb:00000296-a-1	PITX2	ENSG00000164093.19	uniprot	PITX2 homeodomain (R24H mutant) trypsin digestion	Trypsin digestion of Pituitary homeobox 2 homeodomain (R24H mutant).	""	""	""	""	""	CC0	2023-07-04	2224	none reported in score columns	incomplete	none	""	not computed at this scope	""	""				unknown	none	scores_not_downloaded_at_this_scope,genomic_mapping_incomplete	false	candidate	""
urn:mavedb:00000296-a-2	PITX2	ENSG00000164093.19	uniprot	PITX2 homeodomain (R24H mutant) chymotrypsin digestion	Chymotrypsin digestion of Pituitary homeobox 2 homeodomain (R24H mutant).	""	""	""	""	""	CC0	2023-07-04	2224	none reported in score columns	incomplete	none	""	not computed at this scope	""	""				unknown	none	scores_not_downloaded_at_this_scope,genomic_mapping_incomplete	false	candidate	""
urn:mavedb:00000298-0-1	NKX3-1	ENSG00000167034.11	uniprot	NKX3-1 combined scores	Model combined scores for Homeobox protein Nkx-3.1.	""	""	""	""	""	CC0	2023-07-04	2682	none reported in score columns	failed	none	""	not computed at this scope	""	""				n/a	n/a	""	false	excluded	meta_analysis (derived from other score sets, not a direct measurement)
urn:mavedb:00000298-a-1	NKX3-1	ENSG00000167034.11	uniprot	NKX3-1 trypsin digestion	Trypsin digestion of Homeobox protein Nkx-3.1.	""	""	""	""	""	CC0	2023-07-04	2682	none reported in score columns	failed	none	""	not computed at this scope	""	""				unknown	none	scores_not_downloaded_at_this_scope,genomic_mapping_failed	false	candidate	""
urn:mavedb:00000298-a-2	NKX3-1	ENSG00000167034.11	uniprot	NKX3-1 chymotrypsin digestion	Chymotrypsin digestion of Homeobox protein Nkx-3.1.	""	""	""	""	""	CC0	2023-07-04	2682	none reported in score columns	failed	none	""	not computed at this scope	""	""				unknown	none	scores_not_downloaded_at_this_scope,genomic_mapping_failed	false	candidate	""
urn:mavedb:00000300-0-1	DNAJB2	ENSG00000135924.19	uniprot	DNAJB2 combined scores	Model combined scores for DnaJ homolog subfamily B member 2.	""	""	""	""	""	CC0	2023-07-04	4567	none reported in score columns	incomplete	none	""	not computed at this scope	""	""				n/a	n/a	""	false	excluded	meta_analysis (derived from other score sets, not a direct measurement)
urn:mavedb:00000300-a-1	DNAJB2	ENSG00000135924.19	uniprot	DNAJB2 trypsin digestion	Trypsin digestion of DnaJ homolog subfamily B member 2.	""	""	""	""	""	CC0	2023-07-04	4567	none reported in score columns	incomplete	none	""	not computed at this scope	""	""				unknown	none	scores_not_downloaded_at_this_scope,genomic_mapping_incomplete	false	candidate	""
urn:mavedb:00000300-a-2	DNAJB2	ENSG00000135924.19	uniprot	DNAJB2 chymotrypsin digestion	Chymotrypsin digestion of DnaJ homolog subfamily B member 2.	""	""	""	""	""	CC0	2023-07-04	4567	none reported in score columns	incomplete	none	""	not computed at this scope	""	""				unknown	none	scores_not_downloaded_at_this_scope,genomic_mapping_incomplete	false	candidate	""
urn:mavedb:00000304-0-1	DNAJA1	ENSG00000086061.18	uniprot	DNAJA1 combined scores	Model combined scores for DnaJ homolog subfamily A member 1.	""	""	""	""	""	CC0	2023-07-04	2517	none reported in score columns	incomplete	none	""	not computed at this scope	""	""				n/a	n/a	""	false	excluded	meta_analysis (derived from other score sets, not a direct measurement)
urn:mavedb:00000304-a-1	DNAJA1	ENSG00000086061.18	uniprot	DNAJA1 trypsin digestion	Trypsin digestion of DnaJ homolog subfamily A member 1.	""	""	""	""	""	CC0	2023-07-04	2517	none reported in score columns	incomplete	none	""	not computed at this scope	""	""				unknown	none	scores_not_downloaded_at_this_scope,genomic_mapping_incomplete	false	candidate	""
urn:mavedb:00000304-a-2	DNAJA1	ENSG00000086061.18	uniprot	DNAJA1 chymotrypsin digestion	Chymotrypsin digestion of DnaJ homolog subfamily A member 1.	""	""	""	""	""	CC0	2023-07-04	2517	none reported in score columns	incomplete	none	""	not computed at this scope	""	""				unknown	none	scores_not_downloaded_at_this_scope,genomic_mapping_incomplete	false	candidate	""
urn:mavedb:00000312-0-1	AMFR	ENSG00000159461.17	uniprot	AMFR combined scores	Model combined scores for E3 ubiquitin-protein ligase AMFR.	""	""	""	""	""	CC0	2023-07-04	3088	none reported in score columns	incomplete	none	""	not computed at this scope	""	""				n/a	n/a	""	false	excluded	meta_analysis (derived from other score sets, not a direct measurement)
urn:mavedb:00000312-a-1	AMFR	ENSG00000159461.17	uniprot	AMFR trypsin digestion	Trypsin digestion of E3 ubiquitin-protein ligase AMFR.	""	""	""	""	""	CC0	2023-07-04	3088	none reported in score columns	incomplete	none	""	not computed at this scope	""	""				unknown	none	scores_not_downloaded_at_this_scope,genomic_mapping_incomplete	false	candidate	""
urn:mavedb:00000312-a-2	AMFR	ENSG00000159461.17	uniprot	AMFR chymotrypsin digestion	Chymotrypsin digestion of E3 ubiquitin-protein ligase AMFR.	""	""	""	""	""	CC0	2023-07-04	3088	none reported in score columns	incomplete	none	""	not computed at this scope	""	""				unknown	none	scores_not_downloaded_at_this_scope,genomic_mapping_incomplete	false	candidate	""
urn:mavedb:00000324-0-1	ALX4	ENSG00000052850.8	uniprot	ALX4 combined scores	Model combined scores for Homeobox protein aristaless-like 4.	""	""	""	""	""	CC0	2023-07-04	1726	none reported in score columns	incomplete	none	""	not computed at this scope	""	""				n/a	n/a	""	false	excluded	meta_analysis (derived from other score sets, not a direct measurement)
urn:mavedb:00000324-a-1	ALX4	ENSG00000052850.8	uniprot	ALX4 trypsin digestion	Trypsin digestion of Homeobox protein aristaless-like 4.	""	""	""	""	""	CC0	2023-07-04	1726	none reported in score columns	incomplete	none	""	not computed at this scope	""	""				unknown	none	scores_not_downloaded_at_this_scope,genomic_mapping_incomplete	false	candidate	""
urn:mavedb:00000324-a-2	ALX4	ENSG00000052850.8	uniprot	ALX4 chymotrypsin digestion	Chymotrypsin digestion of Homeobox protein aristaless-like 4.	""	""	""	""	""	CC0	2023-07-04	1726	none reported in score columns	incomplete	none	""	not computed at this scope	""	""				unknown	none	scores_not_downloaded_at_this_scope,genomic_mapping_incomplete	false	candidate	""
urn:mavedb:00000329-0-1	RASA1	ENSG00000145715.17	uniprot	RASA1 combined scores	Model combined scores for Ras GTPase-activating protein 1.	""	""	""	""	""	CC0	2023-07-04	3732	none reported in score columns	incomplete	none	""	not computed at this scope	""	""				n/a	n/a	""	false	excluded	meta_analysis (derived from other score sets, not a direct measurement)
urn:mavedb:00000329-a-1	RASA1	ENSG00000145715.17	uniprot	RASA1 trypsin digestion	Trypsin digestion of Ras GTPase-activating protein 1.	""	""	""	""	""	CC0	2023-07-04	3732	none reported in score columns	incomplete	none	""	not computed at this scope	""	""				unknown	none	scores_not_downloaded_at_this_scope,genomic_mapping_incomplete	false	candidate	""
urn:mavedb:00000329-a-2	RASA1	ENSG00000145715.17	uniprot	RASA1 chymotrypsin digestion	Chymotrypsin digestion of Ras GTPase-activating protein 1.	""	""	""	""	""	CC0	2023-07-04	3732	none reported in score columns	incomplete	none	""	not computed at this scope	""	""				unknown	none	scores_not_downloaded_at_this_scope,genomic_mapping_incomplete	false	candidate	""
urn:mavedb:00000333-0-1	PIN1	ENSG00000127445.16	uniprot	PIN1 combined scores	Model combined scores for Peptidyl-prolyl cis-trans isomerase NIMA-interacting 1.	""	""	""	""	""	CC0	2023-07-04	1357	none reported in score columns	failed	none	""	not computed at this scope	""	""				n/a	n/a	""	false	excluded	meta_analysis (derived from other score sets, not a direct measurement)
urn:mavedb:00000333-a-1	PIN1	ENSG00000127445.16	uniprot	PIN1 trypsin digestion	Trypsin digestion of Peptidyl-prolyl cis-trans isomerase NIMA-interacting 1.	""	""	""	""	""	CC0	2023-07-04	1357	none reported in score columns	failed	none	""	not computed at this scope	""	""				unknown	none	scores_not_downloaded_at_this_scope,genomic_mapping_failed	false	candidate	""
urn:mavedb:00000333-a-2	PIN1	ENSG00000127445.16	uniprot	PIN1 chymotrypsin digestion	Chymotrypsin digestion of Peptidyl-prolyl cis-trans isomerase NIMA-interacting 1.	""	""	""	""	""	CC0	2023-07-04	1357	none reported in score columns	failed	none	""	not computed at this scope	""	""				unknown	none	scores_not_downloaded_at_this_scope,genomic_mapping_failed	false	candidate	""
urn:mavedb:00000334-0-1	PIN1	ENSG00000127445.16	uniprot	PIN1 (S16E mutant) combined scores	Model combined scores for Peptidyl-prolyl cis-trans isomerase NIMA-interacting 1 (S16E mutant).	""	""	""	""	""	CC0	2023-07-04	920	none reported in score columns	failed	none	""	not computed at this scope	""	""				n/a	n/a	""	false	excluded	meta_analysis (derived from other score sets, not a direct measurement)
urn:mavedb:00000334-a-1	PIN1	ENSG00000127445.16	uniprot	PIN1 (S16E mutant) trypsin digestion	Trypsin digestion of Peptidyl-prolyl cis-trans isomerase NIMA-interacting 1 (S16E mutant).	""	""	""	""	""	CC0	2023-07-04	920	none reported in score columns	failed	none	""	not computed at this scope	""	""				unknown	none	scores_not_downloaded_at_this_scope,genomic_mapping_failed	false	candidate	""
urn:mavedb:00000334-a-2	PIN1	ENSG00000127445.16	uniprot	PIN1 (S16E mutant) chymotrypsin digestion	Chymotrypsin digestion of Peptidyl-prolyl cis-trans isomerase NIMA-interacting 1 (S16E mutant).	""	""	""	""	""	CC0	2023-07-04	920	none reported in score columns	failed	none	""	not computed at this scope	""	""				unknown	none	scores_not_downloaded_at_this_scope,genomic_mapping_failed	false	candidate	""
urn:mavedb:00000336-0-1	PIN1	ENSG00000127445.16	mavedb_mapping	PIN1 combined scores	Model combined scores for Peptidyl-prolyl cis-trans isomerase NIMA-interacting 1.	""	""	""	""	""	CC0	2023-07-04	797	none reported in score columns	incomplete	none	""	not computed at this scope	""	""				n/a	n/a	""	false	excluded	meta_analysis (derived from other score sets, not a direct measurement)
urn:mavedb:00000336-a-1	PIN1	ENSG00000127445.16	mavedb_mapping	PIN1 trypsin digestion	Trypsin digestion of Peptidyl-prolyl cis-trans isomerase NIMA-interacting 1.	""	""	""	""	""	CC0	2023-07-04	797	none reported in score columns	incomplete	none	""	not computed at this scope	""	""				unknown	none	scores_not_downloaded_at_this_scope,genomic_mapping_incomplete	false	candidate	""
urn:mavedb:00000336-a-2	PIN1	ENSG00000127445.16	mavedb_mapping	PIN1 chymotrypsin digestion	Chymotrypsin digestion of Peptidyl-prolyl cis-trans isomerase NIMA-interacting 1.	""	""	""	""	""	CC0	2023-07-04	797	none reported in score columns	incomplete	none	""	not computed at this scope	""	""				unknown	none	scores_not_downloaded_at_this_scope,genomic_mapping_incomplete	false	candidate	""
urn:mavedb:00000337-0-1	PIN1	ENSG00000127445.16	uniprot	PIN1 combined scores	Model combined scores for Peptidyl-prolyl cis-trans isomerase NIMA-interacting 1.	""	""	""	""	""	CC0	2023-07-04	717	none reported in score columns	incomplete	none	""	not computed at this scope	""	""				n/a	n/a	""	false	excluded	meta_analysis (derived from other score sets, not a direct measurement)
urn:mavedb:00000337-a-1	PIN1	ENSG00000127445.16	uniprot	PIN1 trypsin digestion	Trypsin digestion of Peptidyl-prolyl cis-trans isomerase NIMA-interacting 1.	""	""	""	""	""	CC0	2023-07-04	717	none reported in score columns	incomplete	none	""	not computed at this scope	""	""				unknown	none	scores_not_downloaded_at_this_scope,genomic_mapping_incomplete	false	candidate	""
urn:mavedb:00000337-a-2	PIN1	ENSG00000127445.16	uniprot	PIN1 chymotrypsin digestion	Chymotrypsin digestion of Peptidyl-prolyl cis-trans isomerase NIMA-interacting 1.	""	""	""	""	""	CC0	2023-07-04	717	none reported in score columns	incomplete	none	""	not computed at this scope	""	""				unknown	none	scores_not_downloaded_at_this_scope,genomic_mapping_incomplete	false	candidate	""
urn:mavedb:00000352-0-1	TCERG1	ENSG00000113649.16	uniprot	TCERG1 (Y438R mutant) combined scores	Model combined scores for Transcription elongation regulator 1 (Y438R mutant).	""	""	""	""	""	CC0	2023-07-04	915	none reported in score columns	complete	none	""	not computed at this scope	""	""				n/a	n/a	""	false	excluded	meta_analysis (derived from other score sets, not a direct measurement)
urn:mavedb:00000352-a-1	TCERG1	ENSG00000113649.16	uniprot	TCERG1 (Y438R mutant) trypsin digestion	Trypsin digestion of Transcription elongation regulator 1 (Y438R mutant).	""	""	""	""	""	CC0	2023-07-04	915	none reported in score columns	complete	none	""	not computed at this scope	""	""				unknown	none	scores_not_downloaded_at_this_scope	false	candidate	""
urn:mavedb:00000352-a-2	TCERG1	ENSG00000113649.16	uniprot	TCERG1 (Y438R mutant) chymotrypsin digestion	Chymotrypsin digestion of Transcription elongation regulator 1 (Y438R mutant).	""	""	""	""	""	CC0	2023-07-04	915	none reported in score columns	complete	none	""	not computed at this scope	""	""				unknown	none	scores_not_downloaded_at_this_scope	false	candidate	""
urn:mavedb:00000353-0-1	TCERG1	ENSG00000113649.16	uniprot	TCERG1 (Y446L mutant) combined scores	Model combined scores for Transcription elongation regulator 1 (Y446L mutant).	""	""	""	""	""	CC0	2023-07-04	928	none reported in score columns	complete	none	""	not computed at this scope	""	""				n/a	n/a	""	false	excluded	meta_analysis (derived from other score sets, not a direct measurement)
urn:mavedb:00000353-a-1	TCERG1	ENSG00000113649.16	uniprot	TCERG1 (Y446L mutant) trypsin digestion	Trypsin digestion of Transcription elongation regulator 1 (Y446L mutant).	""	""	""	""	""	CC0	2023-07-04	928	none reported in score columns	complete	none	""	not computed at this scope	""	""				unknown	none	scores_not_downloaded_at_this_scope	false	candidate	""
urn:mavedb:00000353-a-2	TCERG1	ENSG00000113649.16	uniprot	TCERG1 (Y446L mutant) chymotrypsin digestion	Chymotrypsin digestion of Transcription elongation regulator 1 (Y446L mutant).	""	""	""	""	""	CC0	2023-07-04	928	none reported in score columns	complete	none	""	not computed at this scope	""	""				unknown	none	scores_not_downloaded_at_this_scope	false	candidate	""
urn:mavedb:00000354-0-1	TCERG1	ENSG00000113649.16	uniprot	TCERG1 (W457F mutant) combined scores	Model combined scores for Transcription elongation regulator 1 (W457F  mutant).	""	""	""	""	""	CC0	2023-07-04	1048	none reported in score columns	complete	none	""	not computed at this scope	""	""				n/a	n/a	""	false	excluded	meta_analysis (derived from other score sets, not a direct measurement)
urn:mavedb:00000354-a-1	TCERG1	ENSG00000113649.16	uniprot	TCERG1 (W457F mutant) trypsin digestion	Trypsin digestion of Transcription elongation regulator 1 (W457F  mutant).	""	""	""	""	""	CC0	2023-07-04	1048	none reported in score columns	complete	none	""	not computed at this scope	""	""				unknown	none	scores_not_downloaded_at_this_scope	false	candidate	""
urn:mavedb:00000354-a-2	TCERG1	ENSG00000113649.16	uniprot	TCERG1 (W457F mutant) chymotrypsin digestion	Chymotrypsin digestion of Transcription elongation regulator 1 (W457F  mutant).	""	""	""	""	""	CC0	2023-07-04	1048	none reported in score columns	complete	none	""	not computed at this scope	""	""				unknown	none	scores_not_downloaded_at_this_scope	false	candidate	""
urn:mavedb:00000357-0-1	TCERG1	ENSG00000113649.16	uniprot	TCERG1 (L453D mutant) combined scores	Model combined scores for Transcription elongation regulator 1 (L453D mutant).	""	""	""	""	""	CC0	2023-07-04	930	none reported in score columns	complete	none	""	not computed at this scope	""	""				n/a	n/a	""	false	excluded	meta_analysis (derived from other score sets, not a direct measurement)
urn:mavedb:00000357-a-1	TCERG1	ENSG00000113649.16	uniprot	TCERG1 (L453D mutant) trypsin digestion	Trypsin digestion of Transcription elongation regulator 1 (L453D mutant).	""	""	""	""	""	CC0	2023-07-04	930	none reported in score columns	complete	none	""	not computed at this scope	""	""				unknown	none	scores_not_downloaded_at_this_scope	false	candidate	""
urn:mavedb:00000357-a-2	TCERG1	ENSG00000113649.16	uniprot	TCERG1 (L453D mutant) chymotrypsin digestion	Chymotrypsin digestion of Transcription elongation regulator 1 (L453D mutant).	""	""	""	""	""	CC0	2023-07-04	930	none reported in score columns	complete	none	""	not computed at this scope	""	""				unknown	none	scores_not_downloaded_at_this_scope	false	candidate	""
urn:mavedb:00000358-0-1	TCERG1	ENSG00000113649.16	mavedb_mapping	TCERG1 (L453E mutant) combined scores	Model combined scores for Transcription elongation regulator 1 (L453E mutant).	""	""	""	""	""	CC0	2023-07-04	1046	none reported in score columns	complete	none	""	not computed at this scope	""	""				n/a	n/a	""	false	excluded	meta_analysis (derived from other score sets, not a direct measurement)
urn:mavedb:00000358-a-1	TCERG1	ENSG00000113649.16	uniprot	TCERG1 (L453E mutant) trypsin digestion	Trypsin digestion of Transcription elongation regulator 1 (L453E mutant).	""	""	""	""	""	CC0	2023-07-04	1046	none reported in score columns	complete	none	""	not computed at this scope	""	""				unknown	none	scores_not_downloaded_at_this_scope	false	candidate	""
urn:mavedb:00000358-a-2	TCERG1	ENSG00000113649.16	uniprot	TCERG1 (L453E mutant) chymotrypsin digestion	Chymotrypsin digestion of Transcription elongation regulator 1 (L453E mutant).	""	""	""	""	""	CC0	2023-07-04	1046	none reported in score columns	complete	none	""	not computed at this scope	""	""				unknown	none	scores_not_downloaded_at_this_scope	false	candidate	""
urn:mavedb:00000359-0-1	TCERG1	ENSG00000113649.16	uniprot	TCERG1 (L453W mutant) combined scores	Model combined scores for Transcription elongation regulator 1 (L453W mutant).	""	""	""	""	""	CC0	2023-07-04	637	none reported in score columns	complete	none	""	not computed at this scope	""	""				n/a	n/a	""	false	excluded	meta_analysis (derived from other score sets, not a direct measurement)
urn:mavedb:00000359-a-1	TCERG1	ENSG00000113649.16	uniprot	TCERG1 (L453W mutant) trypsin digestion	Trypsin digestion of Transcription elongation regulator 1 (L453W mutant).	""	""	""	""	""	CC0	2023-07-04	637	none reported in score columns	complete	none	""	not computed at this scope	""	""				unknown	none	scores_not_downloaded_at_this_scope	false	candidate	""
urn:mavedb:00000359-a-2	TCERG1	ENSG00000113649.16	uniprot	TCERG1 (L453W mutant) chymotrypsin digestion	Chymotrypsin digestion of Transcription elongation regulator 1 (L453W mutant).	""	""	""	""	""	CC0	2023-07-04	637	none reported in score columns	complete	none	""	not computed at this scope	""	""				unknown	none	scores_not_downloaded_at_this_scope	false	candidate	""
urn:mavedb:00000360-0-1	ATP7B	ENSG00000123191.20	uniprot	ATP7B combined scores	Model combined scores for Copper-transporting ATPase 2.	""	""	""	""	""	CC0	2023-07-04	1444	none reported in score columns	failed	none	""	not computed at this scope	""	""				n/a	n/a	""	false	excluded	meta_analysis (derived from other score sets, not a direct measurement)
urn:mavedb:00000360-a-1	ATP7B	ENSG00000123191.20	uniprot	ATP7B trypsin digestion	Trypsin digestion of Copper-transporting ATPase 2.	""	""	""	""	""	CC0	2023-07-04	1444	none reported in score columns	failed	none	""	not computed at this scope	""	""				unknown	none	scores_not_downloaded_at_this_scope,genomic_mapping_failed	false	candidate	""
urn:mavedb:00000360-a-2	ATP7B	ENSG00000123191.20	uniprot	ATP7B chymotrypsin digestion	Chymotrypsin digestion of Copper-transporting ATPase 2.	""	""	""	""	""	CC0	2023-07-04	1444	none reported in score columns	failed	none	""	not computed at this scope	""	""				unknown	none	scores_not_downloaded_at_this_scope,genomic_mapping_failed	false	candidate	""
urn:mavedb:00000363-0-1	SORBS1	ENSG00000095637.25	uniprot	SORBS1 combined scores	Model combined scores for Sorbin and SH3 domain-containing protein 1.	""	""	""	""	""	CC0	2023-07-04	1838	none reported in score columns	failed	none	""	not computed at this scope	""	""				n/a	n/a	""	false	excluded	meta_analysis (derived from other score sets, not a direct measurement)
urn:mavedb:00000363-a-1	SORBS1	ENSG00000095637.25	uniprot	SORBS1 trypsin digestion	Trypsin digestion of Sorbin and SH3 domain-containing protein 1.	""	""	""	""	""	CC0	2023-07-04	1838	none reported in score columns	failed	none	""	not computed at this scope	""	""				unknown	none	scores_not_downloaded_at_this_scope,genomic_mapping_failed	false	candidate	""
urn:mavedb:00000363-a-2	SORBS1	ENSG00000095637.25	uniprot	SORBS1 chymotrypsin digestion	Chymotrypsin digestion of Sorbin and SH3 domain-containing protein 1.	""	""	""	""	""	CC0	2023-07-04	1838	none reported in score columns	failed	none	""	not computed at this scope	""	""				unknown	none	scores_not_downloaded_at_this_scope,genomic_mapping_failed	false	candidate	""
urn:mavedb:00000367-0-1	WWP1	ENSG00000123124.16	uniprot	WWP1 combined scores	Model combined scores for NEDD4-like E3 ubiquitin-protein ligase WWP1.	""	""	""	""	""	CC0	2023-07-04	1414	none reported in score columns	complete	none	""	not computed at this scope	""	""				n/a	n/a	""	false	excluded	meta_analysis (derived from other score sets, not a direct measurement)
urn:mavedb:00000367-a-1	WWP1	ENSG00000123124.16	uniprot	WWP1 trypsin digestion	Trypsin digestion of NEDD4-like E3 ubiquitin-protein ligase WWP1.	""	""	""	""	""	CC0	2023-07-04	1414	none reported in score columns	complete	none	""	not computed at this scope	""	""				unknown	none	scores_not_downloaded_at_this_scope	false	candidate	""
urn:mavedb:00000367-a-2	WWP1	ENSG00000123124.16	uniprot	WWP1 chymotrypsin digestion	Chymotrypsin digestion of NEDD4-like E3 ubiquitin-protein ligase WWP1.	""	""	""	""	""	CC0	2023-07-04	1414	none reported in score columns	complete	none	""	not computed at this scope	""	""				unknown	none	scores_not_downloaded_at_this_scope	false	candidate	""
urn:mavedb:00000385-0-1	APBB3	ENSG00000113108.22	uniprot	APBB3 combined scores	Model combined scores for Amyloid-beta A4 precursor protein-binding family B member 3.	""	""	""	""	""	CC0	2023-07-04	590	none reported in score columns	complete	none	""	not computed at this scope	""	""				n/a	n/a	""	false	excluded	meta_analysis (derived from other score sets, not a direct measurement)
urn:mavedb:00000385-a-1	APBB3	ENSG00000113108.22	uniprot	APBB3 trypsin digestion	Trypsin digestion of Amyloid-beta A4 precursor protein-binding family B member 3.	""	""	""	""	""	CC0	2023-07-04	590	none reported in score columns	complete	none	""	not computed at this scope	""	""				unknown	none	scores_not_downloaded_at_this_scope	false	candidate	""
urn:mavedb:00000385-a-2	APBB3	ENSG00000113108.22	uniprot	APBB3 chymotrypsin digestion	Chymotrypsin digestion of Amyloid-beta A4 precursor protein-binding family B member 3.	""	""	""	""	""	CC0	2023-07-04	590	none reported in score columns	complete	none	""	not computed at this scope	""	""				unknown	none	scores_not_downloaded_at_this_scope	false	candidate	""
urn:mavedb:00000386-0-1	ITCH	ENSG00000078747.19	uniprot	ITCH combined scores	Model combined scores for E3 ubiquitin-protein ligase Itchy homolog.	""	""	""	""	""	CC0	2023-07-04	1765	none reported in score columns	failed	none	""	not computed at this scope	""	""				n/a	n/a	""	false	excluded	meta_analysis (derived from other score sets, not a direct measurement)
urn:mavedb:00000386-a-1	ITCH	ENSG00000078747.19	uniprot	ITCH trypsin digestion	Trypsin digestion of E3 ubiquitin-protein ligase Itchy homolog.	""	""	""	""	""	CC0	2023-07-04	1765	none reported in score columns	failed	none	""	not computed at this scope	""	""				unknown	none	scores_not_downloaded_at_this_scope,genomic_mapping_failed	false	candidate	""
urn:mavedb:00000386-a-2	ITCH	ENSG00000078747.19	uniprot	ITCH chymotrypsin digestion	Chymotrypsin digestion of E3 ubiquitin-protein ligase Itchy homolog.	""	""	""	""	""	CC0	2023-07-04	1765	none reported in score columns	failed	none	""	not computed at this scope	""	""				unknown	none	scores_not_downloaded_at_this_scope,genomic_mapping_failed	false	candidate	""
urn:mavedb:00000387-0-1	GAS7	ENSG00000007237.21	uniprot	GAS7 combined scores	Model combined scores for Growth arrest-specific protein 7.	""	""	""	""	""	CC0	2023-07-04	1192	none reported in score columns	failed	none	""	not computed at this scope	""	""				n/a	n/a	""	false	excluded	meta_analysis (derived from other score sets, not a direct measurement)
urn:mavedb:00000387-a-1	GAS7	ENSG00000007237.21	uniprot	GAS7 trypsin digestion	Trypsin digestion of Growth arrest-specific protein 7.	""	""	""	""	""	CC0	2023-07-04	1192	none reported in score columns	failed	none	""	not computed at this scope	""	""				unknown	none	scores_not_downloaded_at_this_scope,genomic_mapping_failed	false	candidate	""
urn:mavedb:00000387-a-2	GAS7	ENSG00000007237.21	uniprot	GAS7 chymotrypsin digestion	Chymotrypsin digestion of Growth arrest-specific protein 7.	""	""	""	""	""	CC0	2023-07-04	1192	none reported in score columns	failed	none	""	not computed at this scope	""	""				unknown	none	scores_not_downloaded_at_this_scope,genomic_mapping_failed	false	candidate	""
urn:mavedb:00000392-0-1	HECTD1	ENSG00000092148.16	uniprot	HECTD1 combined scores	Model combined scores for E3 ubiquitin-protein ligase HECTD1.	""	""	""	""	""	CC0	2023-07-04	8139	none reported in score columns	failed	none	""	not computed at this scope	""	""				n/a	n/a	""	false	excluded	meta_analysis (derived from other score sets, not a direct measurement)
urn:mavedb:00000392-a-1	HECTD1	ENSG00000092148.16	uniprot	HECTD1 trypsin digestion	Trypsin digestion of E3 ubiquitin-protein ligase HECTD1.	""	""	""	""	""	CC0	2023-07-04	8139	none reported in score columns	failed	none	""	not computed at this scope	""	""				unknown	none	scores_not_downloaded_at_this_scope,genomic_mapping_failed	false	candidate	""
urn:mavedb:00000392-a-2	HECTD1	ENSG00000092148.16	uniprot	HECTD1 chymotrypsin digestion	Chymotrypsin digestion of E3 ubiquitin-protein ligase HECTD1.	""	""	""	""	""	CC0	2023-07-04	8139	none reported in score columns	failed	none	""	not computed at this scope	""	""				unknown	none	scores_not_downloaded_at_this_scope,genomic_mapping_failed	false	candidate	""
urn:mavedb:00000393-0-1	LASP1	ENSG00000002834.21	uniprot	LASP1 combined scores	Model combined scores for LIM and SH3 domain protein 1.	""	""	""	""	""	CC0	2023-07-04	4035	none reported in score columns	complete	none	""	not computed at this scope	""	""				n/a	n/a	""	false	excluded	meta_analysis (derived from other score sets, not a direct measurement)
urn:mavedb:00000393-a-1	LASP1	ENSG00000002834.21	uniprot	LASP1 trypsin digestion	Trypsin digestion of LIM and SH3 domain protein 1.	""	""	""	""	""	CC0	2023-07-04	4035	none reported in score columns	complete	none	""	not computed at this scope	""	""				unknown	none	scores_not_downloaded_at_this_scope	false	candidate	""
urn:mavedb:00000393-a-2	LASP1	ENSG00000002834.21	uniprot	LASP1 chymotrypsin digestion	Chymotrypsin digestion of LIM and SH3 domain protein 1.	""	""	""	""	""	CC0	2023-07-04	4035	none reported in score columns	complete	none	""	not computed at this scope	""	""				unknown	none	scores_not_downloaded_at_this_scope	false	candidate	""
urn:mavedb:00000394-0-1	UBE4B	ENSG00000130939.22	uniprot	UBE4B combined scores	Model combined scores for Ubiquitin conjugation factor E4 B.	""	""	""	""	""	CC0	2023-07-04	5022	none reported in score columns	incomplete	none	""	not computed at this scope	""	""				n/a	n/a	""	false	excluded	meta_analysis (derived from other score sets, not a direct measurement)
urn:mavedb:00000394-a-1	UBE4B	ENSG00000130939.22	uniprot	UBE4B trypsin digestion	Trypsin digestion of Ubiquitin conjugation factor E4 B.	""	""	""	""	""	CC0	2023-07-04	5022	none reported in score columns	incomplete	none	""	not computed at this scope	""	""				unknown	none	scores_not_downloaded_at_this_scope,genomic_mapping_incomplete	false	candidate	""
urn:mavedb:00000394-a-2	UBE4B	ENSG00000130939.22	uniprot	UBE4B chymotrypsin digestion	Chymotrypsin digestion of Ubiquitin conjugation factor E4 B.	""	""	""	""	""	CC0	2023-07-04	5022	none reported in score columns	incomplete	none	""	not computed at this scope	""	""				unknown	none	scores_not_downloaded_at_this_scope,genomic_mapping_incomplete	false	candidate	""
urn:mavedb:00000403-0-1	AMFR	ENSG00000159461.17	uniprot	AMFR combined scores	Model combined scores for E3 ubiquitin-protein ligase AMFR.	""	""	""	""	""	CC0	2023-07-04	4568	none reported in score columns	failed	none	""	not computed at this scope	""	""				n/a	n/a	""	false	excluded	meta_analysis (derived from other score sets, not a direct measurement)
urn:mavedb:00000403-a-1	AMFR	ENSG00000159461.17	uniprot	AMFR trypsin digestion	Trypsin digestion of E3 ubiquitin-protein ligase AMFR.	""	""	""	""	""	CC0	2023-07-04	4568	none reported in score columns	failed	none	""	not computed at this scope	""	""				unknown	none	scores_not_downloaded_at_this_scope,genomic_mapping_failed	false	candidate	""
urn:mavedb:00000403-a-2	AMFR	ENSG00000159461.17	uniprot	AMFR chymotrypsin digestion	Chymotrypsin digestion of E3 ubiquitin-protein ligase AMFR.	""	""	""	""	""	CC0	2023-07-04	4568	none reported in score columns	failed	none	""	not computed at this scope	""	""				unknown	none	scores_not_downloaded_at_this_scope,genomic_mapping_failed	false	candidate	""
urn:mavedb:00000404-0-1	HCK	ENSG00000101336.19	uniprot	HCK combined scores	Model combined scores for Tyrosine-protein kinase HCK.	""	""	""	""	""	CC0	2023-07-04	2384	none reported in score columns	incomplete	none	""	not computed at this scope	""	""				n/a	n/a	""	false	excluded	meta_analysis (derived from other score sets, not a direct measurement)
urn:mavedb:00000404-a-1	HCK	ENSG00000101336.19	uniprot	HCK trypsin digestion	Trypsin digestion of Tyrosine-protein kinase HCK.	""	""	""	""	""	CC0	2023-07-04	2384	none reported in score columns	incomplete	none	""	not computed at this scope	""	""				unknown	none	scores_not_downloaded_at_this_scope,genomic_mapping_incomplete	false	candidate	""
urn:mavedb:00000404-a-2	HCK	ENSG00000101336.19	uniprot	HCK chymotrypsin digestion	Chymotrypsin digestion of Tyrosine-protein kinase HCK.	""	""	""	""	""	CC0	2023-07-04	2384	none reported in score columns	incomplete	none	""	not computed at this scope	""	""				unknown	none	scores_not_downloaded_at_this_scope,genomic_mapping_incomplete	false	candidate	""
urn:mavedb:00000408-0-1	NEDD4	ENSG00000069869.19	uniprot	NEDD4 combined scores	Model combined scores for E3 ubiquitin-protein ligase NEDD4.	""	""	""	""	""	CC0	2023-07-04	1140	none reported in score columns	failed	none	""	not computed at this scope	""	""				n/a	n/a	""	false	excluded	meta_analysis (derived from other score sets, not a direct measurement)
urn:mavedb:00000408-a-1	NEDD4	ENSG00000069869.19	uniprot	NEDD4 trypsin digestion	Trypsin digestion of E3 ubiquitin-protein ligase NEDD4.	""	""	""	""	""	CC0	2023-07-04	1140	none reported in score columns	failed	none	""	not computed at this scope	""	""				unknown	none	scores_not_downloaded_at_this_scope,genomic_mapping_failed	false	candidate	""
urn:mavedb:00000408-a-2	NEDD4	ENSG00000069869.19	uniprot	NEDD4 chymotrypsin digestion	Chymotrypsin digestion of E3 ubiquitin-protein ligase NEDD4.	""	""	""	""	""	CC0	2023-07-04	1140	none reported in score columns	failed	none	""	not computed at this scope	""	""				unknown	none	scores_not_downloaded_at_this_scope,genomic_mapping_failed	false	candidate	""
urn:mavedb:00000412-0-1	SPTAN1	ENSG00000197694.21	uniprot	SPTAN1 combined scores	Model combined scores for Spectrin alpha chain, non-erythrocytic 1.	""	""	""	""	""	CC0	2023-07-04	1597	none reported in score columns	failed	none	""	not computed at this scope	""	""				n/a	n/a	""	false	excluded	meta_analysis (derived from other score sets, not a direct measurement)
urn:mavedb:00000412-a-1	SPTAN1	ENSG00000197694.21	uniprot	SPTAN1 trypsin digestion	Trypsin digestion of Spectrin alpha chain, non-erythrocytic 1.	""	""	""	""	""	CC0	2023-07-04	1597	none reported in score columns	failed	none	""	not computed at this scope	""	""				unknown	none	scores_not_downloaded_at_this_scope,genomic_mapping_failed	false	candidate	""
urn:mavedb:00000412-a-2	SPTAN1	ENSG00000197694.21	uniprot	SPTAN1 chymotrypsin digestion	Chymotrypsin digestion of Spectrin alpha chain, non-erythrocytic 1.	""	""	""	""	""	CC0	2023-07-04	1597	none reported in score columns	failed	none	""	not computed at this scope	""	""				unknown	none	scores_not_downloaded_at_this_scope,genomic_mapping_failed	false	candidate	""
urn:mavedb:00000413-0-1	SPTAN1	ENSG00000197694.21	uniprot	SPTAN1 combined scores	Model combined scores for Spectrin alpha chain, non-erythrocytic 1.	""	""	""	""	""	CC0	2023-07-04	1319	none reported in score columns	failed	none	""	not computed at this scope	""	""				n/a	n/a	""	false	excluded	meta_analysis (derived from other score sets, not a direct measurement)
urn:mavedb:00000413-a-1	SPTAN1	ENSG00000197694.21	uniprot	SPTAN1 trypsin digestion	Trypsin digestion of Spectrin alpha chain, non-erythrocytic 1.	""	""	""	""	""	CC0	2023-07-04	1319	none reported in score columns	failed	none	""	not computed at this scope	""	""				unknown	none	scores_not_downloaded_at_this_scope,genomic_mapping_failed	false	candidate	""
urn:mavedb:00000413-a-2	SPTAN1	ENSG00000197694.21	uniprot	SPTAN1 chymotrypsin digestion	Chymotrypsin digestion of Spectrin alpha chain, non-erythrocytic 1.	""	""	""	""	""	CC0	2023-07-04	1319	none reported in score columns	failed	none	""	not computed at this scope	""	""				unknown	none	scores_not_downloaded_at_this_scope,genomic_mapping_failed	false	candidate	""
urn:mavedb:00000414-0-1	SPTAN1	ENSG00000197694.21	uniprot	SPTAN1 (A10S) combined scores	Model combined scores for Spectrin alpha chain, non-erythrocytic 1 (A10S).	""	""	""	""	""	CC0	2023-07-04	1318	none reported in score columns	failed	none	""	not computed at this scope	""	""				n/a	n/a	""	false	excluded	meta_analysis (derived from other score sets, not a direct measurement)
urn:mavedb:00000414-a-1	SPTAN1	ENSG00000197694.21	uniprot	SPTAN1 (A10S) trypsin digestion	Trypsin digestion of Spectrin alpha chain, non-erythrocytic 1 (A10S).	""	""	""	""	""	CC0	2023-07-04	1318	none reported in score columns	failed	none	""	not computed at this scope	""	""				unknown	none	scores_not_downloaded_at_this_scope,genomic_mapping_failed	false	candidate	""
urn:mavedb:00000414-a-2	SPTAN1	ENSG00000197694.21	uniprot	SPTAN1 (A10S) chymotrypsin digestion	Chymotrypsin digestion of Spectrin alpha chain, non-erythrocytic 1 (A10S).	""	""	""	""	""	CC0	2023-07-04	1318	none reported in score columns	failed	none	""	not computed at this scope	""	""				unknown	none	scores_not_downloaded_at_this_scope,genomic_mapping_failed	false	candidate	""
urn:mavedb:00000415-0-1	SPTAN1	ENSG00000197694.21	uniprot	SPTAN1 (M24A) combined scores	Model combined scores for Spectrin alpha chain, non-erythrocytic 1 (M24A).	""	""	""	""	""	CC0	2023-07-04	1320	none reported in score columns	failed	none	""	not computed at this scope	""	""				n/a	n/a	""	false	excluded	meta_analysis (derived from other score sets, not a direct measurement)
urn:mavedb:00000415-a-1	SPTAN1	ENSG00000197694.21	uniprot	SPTAN1 (M24A) trypsin digestion	Trypsin digestion of Spectrin alpha chain, non-erythrocytic 1 (M24A).	""	""	""	""	""	CC0	2023-07-04	1320	none reported in score columns	failed	none	""	not computed at this scope	""	""				unknown	none	scores_not_downloaded_at_this_scope,genomic_mapping_failed	false	candidate	""
urn:mavedb:00000415-a-2	SPTAN1	ENSG00000197694.21	uniprot	SPTAN1 (M24A) chymotrypsin digestion	Chymotrypsin digestion of Spectrin alpha chain, non-erythrocytic 1 (M24A).	""	""	""	""	""	CC0	2023-07-04	1320	none reported in score columns	failed	none	""	not computed at this scope	""	""				unknown	none	scores_not_downloaded_at_this_scope,genomic_mapping_failed	false	candidate	""
urn:mavedb:00000419-0-1	TNKS2	ENSG00000107854.8	uniprot	TNKS2 combined scores	Model combined scores for Poly [ADP-ribose] polymerase tankyrase-2.	""	""	""	""	""	CC0	2023-07-04	1663	none reported in score columns	incomplete	none	""	not computed at this scope	""	""				n/a	n/a	""	false	excluded	meta_analysis (derived from other score sets, not a direct measurement)
urn:mavedb:00000419-a-1	TNKS2	ENSG00000107854.8	uniprot	TNKS2 trypsin digestion	Trypsin digestion of Poly [ADP-ribose] polymerase tankyrase-2.	""	""	""	""	""	CC0	2023-07-04	1663	none reported in score columns	incomplete	none	""	not computed at this scope	""	""				unknown	none	scores_not_downloaded_at_this_scope,genomic_mapping_incomplete	false	candidate	""
urn:mavedb:00000419-a-2	TNKS2	ENSG00000107854.8	uniprot	TNKS2 chymotrypsin digestion	Chymotrypsin digestion of Poly [ADP-ribose] polymerase tankyrase-2.	""	""	""	""	""	CC0	2023-07-04	1663	none reported in score columns	incomplete	none	""	not computed at this scope	""	""				unknown	none	scores_not_downloaded_at_this_scope,genomic_mapping_incomplete	false	candidate	""
urn:mavedb:00000430-0-1	DUX4	ENSG00000260596.6	uniprot	DUX4 combined scores	Model combined scores for Double homeobox protein 4.	""	""	""	""	""	CC0	2023-07-04	1250	none reported in score columns	complete	none	""	not computed at this scope	""	""				n/a	n/a	""	false	excluded	meta_analysis (derived from other score sets, not a direct measurement)
urn:mavedb:00000430-a-1	DUX4	ENSG00000260596.6	uniprot	DUX4 trypsin digestion	Trypsin digestion of Double homeobox protein 4.	""	""	""	""	""	CC0	2023-07-04	1250	none reported in score columns	complete	none	""	not computed at this scope	""	""				unknown	none	scores_not_downloaded_at_this_scope	false	candidate	""
urn:mavedb:00000430-a-2	DUX4	ENSG00000260596.6	uniprot	DUX4 chymotrypsin digestion	Chymotrypsin digestion of Double homeobox protein 4.	""	""	""	""	""	CC0	2023-07-04	1250	none reported in score columns	complete	none	""	not computed at this scope	""	""				unknown	none	scores_not_downloaded_at_this_scope	false	candidate	""
urn:mavedb:00000431-0-1	UBB	ENSG00000170315.16	uniprot	UBB combined scores	Model combined scores for Polyubiquitin-B.	""	""	""	""	""	CC0	2023-07-04	2164	none reported in score columns	failed	none	""	not computed at this scope	""	""				n/a	n/a	""	false	excluded	meta_analysis (derived from other score sets, not a direct measurement)
urn:mavedb:00000431-a-1	UBB	ENSG00000170315.16	uniprot	UBB trypsin digestion	Trypsin digestion of Polyubiquitin-B.	""	""	""	""	""	CC0	2023-07-04	2164	none reported in score columns	failed	none	""	not computed at this scope	""	""				unknown	none	scores_not_downloaded_at_this_scope,genomic_mapping_failed	false	candidate	""
urn:mavedb:00000431-a-2	UBB	ENSG00000170315.16	uniprot	UBB chymotrypsin digestion	Chymotrypsin digestion of Polyubiquitin-B.	""	""	""	""	""	CC0	2023-07-04	2164	none reported in score columns	failed	none	""	not computed at this scope	""	""				unknown	none	scores_not_downloaded_at_this_scope,genomic_mapping_failed	false	candidate	""
urn:mavedb:00000438-0-1	H1-0	ENSG00000189060.6	uniprot	H1-0 combined scores	Model combined scores for Histone H1.0.	""	""	""	""	""	CC0	2023-07-04	2263	none reported in score columns	complete	none	""	not computed at this scope	""	""				n/a	n/a	""	false	excluded	meta_analysis (derived from other score sets, not a direct measurement)
urn:mavedb:00000438-a-1	H1-0	ENSG00000189060.6	uniprot	H1-0 trypsin digestion	Trypsin digestion of Histone H1.0.	""	""	""	""	""	CC0	2023-07-04	2263	none reported in score columns	complete	none	""	not computed at this scope	""	""				unknown	none	scores_not_downloaded_at_this_scope	false	candidate	""
urn:mavedb:00000438-a-2	H1-0	ENSG00000189060.6	uniprot	H1-0 chymotrypsin digestion	Chymotrypsin digestion of Histone H1.0.	""	""	""	""	""	CC0	2023-07-04	2263	none reported in score columns	complete	none	""	not computed at this scope	""	""				unknown	none	scores_not_downloaded_at_this_scope	false	candidate	""
urn:mavedb:00000439-0-1	FYN	ENSG00000010810.20	uniprot	FYN SH3 domain combined scores	Model combined scores for Tyrosine-protein kinase Fyn SH3 domain.	""	""	""	""	""	CC0	2023-07-04	1659	none reported in score columns	incomplete	none	""	not computed at this scope	""	""				n/a	n/a	""	false	excluded	meta_analysis (derived from other score sets, not a direct measurement)
urn:mavedb:00000439-a-1	FYN	ENSG00000010810.20	uniprot	FYN SH3 domain trypsin digestion	Trypsin digestion of Tyrosine-protein kinase Fyn SH3 domain.	""	""	""	""	""	CC0	2023-07-04	1659	none reported in score columns	incomplete	none	""	not computed at this scope	""	""				unknown	none	scores_not_downloaded_at_this_scope,genomic_mapping_incomplete	false	candidate	""
urn:mavedb:00000439-a-2	FYN	ENSG00000010810.20	uniprot	FYN SH3 domain chymotrypsin digestion	Chymotrypsin digestion of Tyrosine-protein kinase Fyn SH3 domain.	""	""	""	""	""	CC0	2023-07-04	1659	none reported in score columns	incomplete	none	""	not computed at this scope	""	""				unknown	none	scores_not_downloaded_at_this_scope,genomic_mapping_incomplete	false	candidate	""
urn:mavedb:00000440-0-1	DNAJA3	ENSG00000103423.16	uniprot	DNAJA3 combined scores	Model combined scores for DnaJ homolog subfamily A member 3, mitochondrial.	""	""	""	""	""	CC0	2023-07-04	3126	none reported in score columns	incomplete	none	""	not computed at this scope	""	""				n/a	n/a	""	false	excluded	meta_analysis (derived from other score sets, not a direct measurement)
urn:mavedb:00000440-a-1	DNAJA3	ENSG00000103423.16	uniprot	DNAJA3 trypsin digestion	Trypsin digestion of DnaJ homolog subfamily A member 3, mitochondrial.	""	""	""	""	""	CC0	2023-07-04	3126	none reported in score columns	incomplete	none	""	not computed at this scope	""	""				unknown	none	scores_not_downloaded_at_this_scope,genomic_mapping_incomplete	false	candidate	""
urn:mavedb:00000440-a-2	DNAJA3	ENSG00000103423.16	uniprot	DNAJA3 chymotrypsin digestion	Chymotrypsin digestion of DnaJ homolog subfamily A member 3, mitochondrial.	""	""	""	""	""	CC0	2023-07-04	3126	none reported in score columns	incomplete	none	""	not computed at this scope	""	""				unknown	none	scores_not_downloaded_at_this_scope,genomic_mapping_incomplete	false	candidate	""
urn:mavedb:00000444-0-1	LYN	ENSG00000254087.10	uniprot	LYN combined scores	Model combined scores for Tyrosine-protein kinase Lyn.	""	""	""	""	""	CC0	2023-07-04	2749	none reported in score columns	incomplete	none	""	not computed at this scope	""	""				n/a	n/a	""	false	excluded	meta_analysis (derived from other score sets, not a direct measurement)
urn:mavedb:00000444-a-1	LYN	ENSG00000254087.10	uniprot	LYN trypsin digestion	Trypsin digestion of Tyrosine-protein kinase Lyn.	""	""	""	""	""	CC0	2023-07-04	2749	none reported in score columns	incomplete	none	""	not computed at this scope	""	""				unknown	none	scores_not_downloaded_at_this_scope,genomic_mapping_incomplete	false	candidate	""
urn:mavedb:00000444-a-2	LYN	ENSG00000254087.10	uniprot	LYN chymotrypsin digestion	Chymotrypsin digestion of Tyrosine-protein kinase Lyn.	""	""	""	""	""	CC0	2023-07-04	2749	none reported in score columns	incomplete	none	""	not computed at this scope	""	""				unknown	none	scores_not_downloaded_at_this_scope,genomic_mapping_incomplete	false	candidate	""
urn:mavedb:00000452-0-1	SOX30	ENSG00000039600.13	uniprot	SOX30 combined scores	Model combined scores for Transcription factor SOX-30.	""	""	""	""	""	CC0	2023-07-04	1255	none reported in score columns	complete	none	""	not computed at this scope	""	""				n/a	n/a	""	false	excluded	meta_analysis (derived from other score sets, not a direct measurement)
urn:mavedb:00000452-a-1	SOX30	ENSG00000039600.13	uniprot	SOX30 trypsin digestion	Trypsin digestion of Transcription factor SOX-30.	""	""	""	""	""	CC0	2023-07-04	1255	none reported in score columns	complete	none	""	not computed at this scope	""	""				unknown	none	scores_not_downloaded_at_this_scope	false	candidate	""
urn:mavedb:00000452-a-2	SOX30	ENSG00000039600.13	uniprot	SOX30 chymotrypsin digestion	Chymotrypsin digestion of Transcription factor SOX-30.	""	""	""	""	""	CC0	2023-07-04	1255	none reported in score columns	complete	none	""	not computed at this scope	""	""				unknown	none	scores_not_downloaded_at_this_scope	false	candidate	""
urn:mavedb:00000628-0-1	UBC	ENSG00000150991.18	uniprot	UBC combined scores	Model combined scores for Polyubiquitin-C.	""	""	""	""	""	CC0	2023-07-04	1544	none reported in score columns	failed	none	""	not computed at this scope	""	""				n/a	n/a	""	false	excluded	meta_analysis (derived from other score sets, not a direct measurement)
urn:mavedb:00000628-a-1	UBC	ENSG00000150991.18	uniprot	UBC trypsin digestion	Trypsin digestion of Polyubiquitin-C.	""	""	""	""	""	CC0	2023-07-04	1544	none reported in score columns	failed	none	""	not computed at this scope	""	""				unknown	none	scores_not_downloaded_at_this_scope,genomic_mapping_failed	false	candidate	""
urn:mavedb:00000628-a-2	UBC	ENSG00000150991.18	uniprot	UBC chymotrypsin digestion	Chymotrypsin digestion of Polyubiquitin-C.	""	""	""	""	""	CC0	2023-07-04	1544	none reported in score columns	failed	none	""	not computed at this scope	""	""				unknown	none	scores_not_downloaded_at_this_scope,genomic_mapping_failed	false	candidate	""
urn:mavedb:00000629-0-1	UBTF	ENSG00000108312.18	uniprot	UBTF combined scores	Model combined scores for Nucleolar transcription factor 1.	""	""	""	""	""	CC0	2023-07-04	1082	none reported in score columns	incomplete	none	""	not computed at this scope	""	""				n/a	n/a	""	false	excluded	meta_analysis (derived from other score sets, not a direct measurement)
urn:mavedb:00000629-a-1	UBTF	ENSG00000108312.18	uniprot	UBTF trypsin digestion	Trypsin digestion of Nucleolar transcription factor 1.	""	""	""	""	""	CC0	2023-07-04	1082	none reported in score columns	incomplete	none	""	not computed at this scope	""	""				unknown	none	scores_not_downloaded_at_this_scope,genomic_mapping_incomplete	false	candidate	""
urn:mavedb:00000629-a-2	UBTF	ENSG00000108312.18	uniprot	UBTF chymotrypsin digestion	Chymotrypsin digestion of Nucleolar transcription factor 1.	""	""	""	""	""	CC0	2023-07-04	1082	none reported in score columns	incomplete	none	""	not computed at this scope	""	""				unknown	none	scores_not_downloaded_at_this_scope,genomic_mapping_incomplete	false	candidate	""
urn:mavedb:00000632-0-1	PHF20	ENSG00000025293.19	uniprot	PHF20 combined scores	Model combined scores for PHD finger protein 20.	""	""	""	""	""	CC0	2023-07-04	1127	none reported in score columns	incomplete	none	""	not computed at this scope	""	""				n/a	n/a	""	false	excluded	meta_analysis (derived from other score sets, not a direct measurement)
urn:mavedb:00000632-a-1	PHF20	ENSG00000025293.19	uniprot	PHF20 trypsin digestion	Trypsin digestion of PHD finger protein 20.	""	""	""	""	""	CC0	2023-07-04	1127	none reported in score columns	incomplete	none	""	not computed at this scope	""	""				unknown	none	scores_not_downloaded_at_this_scope,genomic_mapping_incomplete	false	candidate	""
urn:mavedb:00000632-a-2	PHF20	ENSG00000025293.19	uniprot	PHF20 chymotrypsin digestion	Chymotrypsin digestion of PHD finger protein 20.	""	""	""	""	""	CC0	2023-07-04	1127	none reported in score columns	incomplete	none	""	not computed at this scope	""	""				unknown	none	scores_not_downloaded_at_this_scope,genomic_mapping_incomplete	false	candidate	""
urn:mavedb:00000636-0-1	UBB	ENSG00000170315.16	uniprot	UBB combined scores	Model combined scores for Polyubiquitin-B.	""	""	""	""	""	CC0	2023-07-04	1544	none reported in score columns	incomplete	none	""	not computed at this scope	""	""				n/a	n/a	""	false	excluded	meta_analysis (derived from other score sets, not a direct measurement)
urn:mavedb:00000636-a-1	UBB	ENSG00000170315.16	uniprot	UBB trypsin digestion	Trypsin digestion of Polyubiquitin-B.	""	""	""	""	""	CC0	2023-07-04	1544	none reported in score columns	incomplete	none	""	not computed at this scope	""	""				unknown	none	scores_not_downloaded_at_this_scope,genomic_mapping_incomplete	false	candidate	""
urn:mavedb:00000636-a-2	UBB	ENSG00000170315.16	uniprot	UBB chymotrypsin digestion	Chymotrypsin digestion of Polyubiquitin-B.	""	""	""	""	""	CC0	2023-07-04	1544	none reported in score columns	incomplete	none	""	not computed at this scope	""	""				unknown	none	scores_not_downloaded_at_this_scope,genomic_mapping_incomplete	false	candidate	""
urn:mavedb:00000639-0-1	ABLIM2	ENSG00000163995.23	uniprot	ABLIM2 (R14S;R16S) combined scores	Model combined scores for Actin-binding LIM protein 2 (R14S;R16S).	""	""	""	""	""	CC0	2023-07-04	1457	none reported in score columns	incomplete	none	""	not computed at this scope	""	""				n/a	n/a	""	false	excluded	meta_analysis (derived from other score sets, not a direct measurement)
urn:mavedb:00000639-a-1	ABLIM2	ENSG00000163995.23	uniprot	ABLIM2 (R14S;R16S) trypsin digestion	Trypsin digestion of Actin-binding LIM protein 2 (R14S;R16S).	""	""	""	""	""	CC0	2023-07-04	1457	none reported in score columns	incomplete	none	""	not computed at this scope	""	""				unknown	none	scores_not_downloaded_at_this_scope,genomic_mapping_incomplete	false	candidate	""
urn:mavedb:00000639-a-2	ABLIM2	ENSG00000163995.23	uniprot	ABLIM2 (R14S;R16S) chymotrypsin digestion	Chymotrypsin digestion of Actin-binding LIM protein 2 (R14S;R16S).	""	""	""	""	""	CC0	2023-07-04	1457	none reported in score columns	incomplete	none	""	not computed at this scope	""	""				unknown	none	scores_not_downloaded_at_this_scope,genomic_mapping_incomplete	false	candidate	""
urn:mavedb:00000657-a-1	ASPA	ENSG00000108381.13	uniprot	Aspartoacylase (ASPA) cellular abundance	Protein abundance scores of ASPA variants in human cells measured by VAMP-seq experiments	Reporter	Loss of function	""	Immortalized human cells	PubMed:38740822 (10.1038/s41467-024-48481-0)	CC0	2023-08-02	6152	error columns: std	complete	calibration present but direction not determinable — Investigator-provided functional classes; IGVF Coding Variant Focus Group -- Controls: All Variants; IGVF Coding Variant Focus Group -- Controls: Missense Variants Only; ExCALIBR calibration [research use only]	""	not computed at this scope	""	""				unknown	none	scores_not_downloaded_at_this_scope	false	candidate	""
urn:mavedb:00000657-b-1	ASPA	ENSG00000108381.13	uniprot	Aspartoacylase (ASPA) cellular toxicity	Protein toxicity scores of ASPA variants in human cells measured by VAMP-seq experiments	Cell fitness	Loss of function	""	Immortalized human cells	PubMed:38740822 (10.1038/s41467-024-48481-0)	CC0	2023-08-02	6156	error columns: std	complete	abnormal and normal ranges overlap — Investigator-provided functional classes; IGVF Coding Variant Focus Group -- Controls: Missense Variants Only; IGVF Coding Variant Focus Group -- Controls: All Variants; ExCALIBR calibration [research use only]	""	not computed at this scope	""	""				unknown	none	scores_not_downloaded_at_this_scope	false	candidate	""
urn:mavedb:00000658-a-1	DDX3X	ENSG00000215301.13	mavedb_mapping	DDX3X SGE Exon 1	DDX3X SGE Exon 1	""	""	""	""	doi:10.1101/2022.06.10.22276179	CC0	2023-08-17	373	none reported in score columns	complete	none	""	not computed at this scope	""	""				unknown	none	scores_not_downloaded_at_this_scope	false	candidate	""
urn:mavedb:00000658-b-1	DDX3X	ENSG00000215301.13	ensembl_id	DDX3X SGE Exon 2	DDX3X SGE Exon 2	""	""	""	""	doi:10.1101/2022.06.10.22276179	CC0	2023-08-17	451	none reported in score columns	incomplete	none	""	not computed at this scope	""	""				unknown	none	scores_not_downloaded_at_this_scope,genomic_mapping_incomplete	false	candidate	""
urn:mavedb:00000658-c-1	DDX3X	ENSG00000215301.13	ensembl_id	DDX3X SGE Exon 3	DDX3X SGE Exon 3	""	""	""	""	doi:10.1101/2022.06.10.22276179	CC0	2023-08-17	379	none reported in score columns	complete	none	""	not computed at this scope	""	""				unknown	none	scores_not_downloaded_at_this_scope	false	candidate	""
urn:mavedb:00000658-d-1	DDX3X	ENSG00000215301.13	ensembl_id	DDX3X SGE Exon 4	DDX3X SGE Exon 4	""	""	""	""	doi:10.1101/2022.06.10.22276179	CC0	2023-08-17	845	none reported in score columns	incomplete	none	""	not computed at this scope	""	""				unknown	none	scores_not_downloaded_at_this_scope,genomic_mapping_incomplete	false	candidate	""
urn:mavedb:00000658-e-1	DDX3X	ENSG00000215301.13	ensembl_id	DDX3X SGE Exon 5	DDX3X SGE Exon 5	""	""	""	""	doi:10.1101/2022.06.10.22276179	CC0	2023-08-17	984	none reported in score columns	incomplete	none	""	not computed at this scope	""	""				unknown	none	scores_not_downloaded_at_this_scope,genomic_mapping_incomplete	false	candidate	""
urn:mavedb:00000658-f-1	DDX3X	ENSG00000215301.13	ensembl_id	DDX3X SGE Exon 6	DDX3X SGE Exon 6	""	""	""	""	doi:10.1101/2022.06.10.22276179	CC0	2023-08-17	666	none reported in score columns	incomplete	none	""	not computed at this scope	""	""				unknown	none	scores_not_downloaded_at_this_scope,genomic_mapping_incomplete	false	candidate	""
urn:mavedb:00000658-g-1	DDX3X	ENSG00000215301.13	ensembl_id	DDX3X SGE Exon 7	DDX3X SGE Exon 7	""	""	""	""	doi:10.1101/2022.06.10.22276179	CC0	2023-08-17	857	none reported in score columns	incomplete	none	""	not computed at this scope	""	""				unknown	none	scores_not_downloaded_at_this_scope,genomic_mapping_incomplete	false	candidate	""
urn:mavedb:00000658-h-1	DDX3X	ENSG00000215301.13	ensembl_id	DDX3X SGE Exon 8	DDX3X SGE Exon 8	""	""	""	""	doi:10.1101/2022.06.10.22276179	CC0	2023-08-17	589	none reported in score columns	incomplete	none	""	not computed at this scope	""	""				unknown	none	scores_not_downloaded_at_this_scope,genomic_mapping_incomplete	false	candidate	""
urn:mavedb:00000658-i-1	DDX3X	ENSG00000215301.13	ensembl_id	DDX3X SGE Exon 9	DDX3X SGE Exon 9	""	""	""	""	doi:10.1101/2022.06.10.22276179	CC0	2023-08-17	669	none reported in score columns	incomplete	none	""	not computed at this scope	""	""				unknown	none	scores_not_downloaded_at_this_scope,genomic_mapping_incomplete	false	candidate	""
urn:mavedb:00000658-j-1	DDX3X	ENSG00000215301.13	ensembl_id	DDX3X SGE Exon 10	DDX3X SGE Exon 10	""	""	""	""	doi:10.1101/2022.06.10.22276179	CC0	2023-08-17	970	none reported in score columns	incomplete	none	""	not computed at this scope	""	""				unknown	none	scores_not_downloaded_at_this_scope,genomic_mapping_incomplete	false	candidate	""
urn:mavedb:00000658-k-1	DDX3X	ENSG00000215301.13	ensembl_id	DDX3X SGE Exon 11	DDX3X SGE Exon 11	""	""	""	""	doi:10.1101/2022.06.10.22276179	CC0	2023-08-17	876	none reported in score columns	incomplete	none	""	not computed at this scope	""	""				unknown	none	scores_not_downloaded_at_this_scope,genomic_mapping_incomplete	false	candidate	""
urn:mavedb:00000658-l-1	DDX3X	ENSG00000215301.13	ensembl_id	DDX3X SGE Exon 12	DDX3X SGE Exon 12	""	""	""	""	doi:10.1101/2022.06.10.22276179	CC0	2023-08-17	901	none reported in score columns	incomplete	none	""	not computed at this scope	""	""				unknown	none	scores_not_downloaded_at_this_scope,genomic_mapping_incomplete	false	candidate	""
urn:mavedb:00000658-m-1	DDX3X	ENSG00000215301.13	ensembl_id	DDX3X SGE Exon 13	DDX3X SGE Exon 13	""	""	""	""	doi:10.1101/2022.06.10.22276179	CC0	2023-08-17	1095	none reported in score columns	incomplete	none	""	not computed at this scope	""	""				unknown	none	scores_not_downloaded_at_this_scope,genomic_mapping_incomplete	false	candidate	""
urn:mavedb:00000658-n-1	DDX3X	ENSG00000215301.13	ensembl_id	DDX3X SGE Exon 14	DDX3X SGE Exon 14	""	""	""	""	doi:10.1101/2022.06.10.22276179	CC0	2023-08-17	744	none reported in score columns	incomplete	none	""	not computed at this scope	""	""				unknown	none	scores_not_downloaded_at_this_scope,genomic_mapping_incomplete	false	candidate	""
urn:mavedb:00000658-o-1	DDX3X	ENSG00000215301.13	ensembl_id	DDX3X SGE Exon 15	DDX3X SGE Exon 15	""	""	""	""	doi:10.1101/2022.06.10.22276179	CC0	2023-08-17	940	none reported in score columns	incomplete	none	""	not computed at this scope	""	""				unknown	none	scores_not_downloaded_at_this_scope,genomic_mapping_incomplete	false	candidate	""
urn:mavedb:00000658-p-1	DDX3X	ENSG00000215301.13	ensembl_id	DDX3X SGE Exon 16	DDX3X SGE Exon 16	""	""	""	""	doi:10.1101/2022.06.10.22276179	CC0	2023-08-17	899	none reported in score columns	incomplete	none	""	not computed at this scope	""	""				unknown	none	scores_not_downloaded_at_this_scope,genomic_mapping_incomplete	false	candidate	""
urn:mavedb:00000658-q-1	DDX3X	ENSG00000215301.13	mavedb_mapping	DDX3X SGE Exon 17	DDX3X SGE Exon 17	""	""	""	""	doi:10.1101/2022.06.10.22276179	CC0	2023-08-17	538	none reported in score columns	complete	none	""	not computed at this scope	""	""				unknown	none	scores_not_downloaded_at_this_scope	false	candidate	""
urn:mavedb:00000659-a-1	SGCB	ENSG00000163069.15	target_name	SGCB All AA	Full AA DMS of SGCB.	Reporter	Loss of function	""	Immortalized human cells	PubMed:37317968 (10.1172/JCI168156)	CC0	2023-08-22	6327	none reported in score columns	complete	abnormal range(s) below normal range(s) — IGVF Coding Variant Focus Group -- Controls: All Variants; Investigator-provided functional classes; IGVF Coding Variant Focus Group -- Controls: Missense Variants Only; ExCALIBR calibration [research use only]	lower_is_more_damaging	not computed at this scope	""	""				lower_is_more_damaging	medium	scores_not_downloaded_at_this_scope	false	candidate	""
urn:mavedb:00000661-a-1	COMT	ENSG00000093010.17	target_name	COMT mid polysome abundance	ALDEx2 analysis of mid polysomal RNA variant abundance (metafraction 3) to total RNA variant abundance	""	""	""	""	doi:10.1101/2023.08.02.551517	CC0	2023-11-13	3317	error columns: score_ci_lower, score_ci_higher	incomplete	none	""	not computed at this scope	""	""				unknown	none	scores_not_downloaded_at_this_scope,genomic_mapping_incomplete	false	candidate	""
urn:mavedb:00000661-b-1	COMT	ENSG00000093010.17	target_name	COMT heavy polysome abundance	ALDEx2 analysis of heavy polysomal RNA variant abundance (metafraction 4) to total RNA variant abundance	""	""	""	""	doi:10.1101/2023.08.02.551517	CC0	2023-11-13	3117	error columns: score_ci_lower, score_ci_higher	incomplete	none	""	not computed at this scope	""	""				unknown	none	scores_not_downloaded_at_this_scope,genomic_mapping_incomplete	false	candidate	""
urn:mavedb:00000661-c-1	COMT	ENSG00000093010.17	target_name	COMT RNA abundance	ALDEx2 analysis of total RNA variant abundance to total gDNA variant abundance	""	""	""	""	doi:10.1101/2023.08.02.551517	CC0	2023-11-13	3463	error columns: score_ci_lower, score_ci_higher	incomplete	none	""	not computed at this scope	""	""				unknown	none	scores_not_downloaded_at_this_scope,genomic_mapping_incomplete	false	candidate	""
urn:mavedb:00000661-d-1	COMT	ENSG00000093010.17	target_name	COMT protein abundance	ALDEx2 analysis of variant abundance in flow cytometry P3 (low protein) to total gDNA variant abundance. Positive scores indicate lower protein abundance.	""	""	""	""	doi:10.1101/2023.08.02.551517	CC0	2023-11-13	3050	error columns: score_ci_lower, score_ci_higher	incomplete	none	""	not computed at this scope	""	""				unknown	none	scores_not_downloaded_at_this_scope,genomic_mapping_incomplete	false	candidate	""
urn:mavedb:00000663-a-1	NDUFAF6	ENSG00000156170.16	uniprot	NDUFAF6	Deep mutational scan of complex I assembly factor NDUFAF6	Cell fitness	Loss of function	Oxidative phosphorylation	Immortalized human cells	PubMed:38720117 (10.1038/s42255-024-01039-2)	CC0	2024-01-05	5715	none reported in score columns	incomplete	abnormal and normal ranges overlap — ExCALIBR calibration [research use only]; IGVF Coding Variant Focus Group -- Controls: Missense Variants Only; IGVF Coding Variant Focus Group -- Controls: All Variants; Investigator-provided functional classes	""	not computed at this scope	""	""				unknown	none	scores_not_downloaded_at_this_scope,genomic_mapping_incomplete	false	candidate	""
urn:mavedb:00000664-a-1	KCNQ2	ENSG00000075043.23	mavedb_mapping	1. Current densities at +40 mV of 301 missense variants expressed in CHO cells alone	1. Current densities at +40 mV of 301 missense variants expressed in CHO cells alone	""	""	""	""	""	CC0	2024-01-08	301	replicate columns: replicates; error columns: SEM	complete	none	""	not computed at this scope	""	""				unknown	none	scores_not_downloaded_at_this_scope	false	candidate	""
urn:mavedb:00000664-a-10	KCNQ2	ENSG00000075043.23	mavedb_mapping	10. Current densities at +40 mV of 30 non-missense variants co-expressed with wild-type KCNQ2 in CHO cells	10. Current densities at +40 mV of 30 non-missense variants co-expressed with wild-type KCNQ2 in CHO cell	""	""	""	""	""	CC0	2024-01-08	30	replicate columns: replicates; error columns: SEM	incomplete	none	""	not computed at this scope	""	""				unknown	none	scores_not_downloaded_at_this_scope,genomic_mapping_incomplete	false	candidate	""
urn:mavedb:00000664-a-11	KCNQ2	ENSG00000075043.23	mavedb_mapping	11. V1/2 of 26 non-missense variants co-expressed with wild-type KCNQ2 in CHO cells (the other 4 non-missense variants generated too small currents to calculate V1/2)	11. V1/2 of 26 non-missense variants co-expressed with wild-type KCNQ2 in CHO cells (the other 4 non-missense variants generated too small currents to calculate V1/2)	""	""	""	""	""	CC0	2024-01-08	26	replicate columns: replicates; error columns: SEM	incomplete	none	""	not computed at this scope	""	""				unknown	none	scores_not_downloaded_at_this_scope,genomic_mapping_incomplete	false	candidate	""
urn:mavedb:00000664-a-12	KCNQ2	ENSG00000075043.23	mavedb_mapping	12. Current densities at -40 mV of 30 non-missense variants co-expressed with wild-type KCNQ2 in CHO cells	12. Current densities at -40 mV of 30 non-missense variants co-expressed with wild-type KCNQ2 in CHO cells	""	""	""	""	""	CC0	2024-01-08	30	replicate columns: replicates; error columns: SEM	incomplete	none	""	not computed at this scope	""	""				unknown	none	scores_not_downloaded_at_this_scope,genomic_mapping_incomplete	false	candidate	""
urn:mavedb:00000664-a-13	KCNQ2	ENSG00000075043.23	mavedb_mapping	13. Current densities at +40 mV of 57 variants used as benign controls in OddsPath expressed in CHO cells alone	13. Current densities at +40 mV of 57 variants used as benign controls in OddsPath expressed in CHO cells alone	""	""	""	""	""	CC0	2024-01-08	57	replicate columns: replicates; error columns: SEM	complete	none	""	not computed at this scope	""	""				unknown	none	scores_not_downloaded_at_this_scope	false	candidate	""
urn:mavedb:00000664-a-14	KCNQ2	ENSG00000075043.23	mavedb_mapping	14. V1/2 of 57 variants used as benign controls in OddsPath expressed in CHO cells alone	14. V1/2 of 57 variants used as benign controls in OddsPath expressed in CHO cells alone	""	""	""	""	""	CC0	2024-01-08	57	replicate columns: replicates; error columns: SEM	complete	none	""	not computed at this scope	""	""				unknown	none	scores_not_downloaded_at_this_scope	false	candidate	""
urn:mavedb:00000664-a-15	KCNQ2	ENSG00000075043.23	mavedb_mapping	15. Current densities at -40 mV of 57 variants used as benign controls in OddsPath expressed in CHO cells alone	15. Current densities at -40 mV of 57 variants used as benign controls in OddsPath expressed in CHO cells alone	""	""	""	""	""	CC0	2024-01-08	57	replicate columns: replicates; error columns: SEM	complete	none	""	not computed at this scope	""	""				unknown	none	scores_not_downloaded_at_this_scope	false	candidate	""
urn:mavedb:00000664-a-16	KCNQ2	ENSG00000075043.23	mavedb_mapping	16. Current densities at +40 mV of 57 variants used as benign controls in OddsPath co-expressed with wild-type KCNQ2 in CHO cells	16. Current densities at +40 mV of 57 variants used as benign controls in OddsPath co-expressed with wild-type KCNQ2 in CHO cells	""	""	""	""	""	CC0	2024-01-08	57	replicate columns: replicates; error columns: SEM	complete	none	""	not computed at this scope	""	""				unknown	none	scores_not_downloaded_at_this_scope	false	candidate	""
urn:mavedb:00000664-a-17	KCNQ2	ENSG00000075043.23	mavedb_mapping	17. V1/2 of 57 variants used as benign controls in OddsPath co-expressed with wild-type KCNQ2 in CHO cells	17. V1/2 of 57 variants used as benign controls in OddsPath co-expressed with wild-type KCNQ2 in CHO cells	""	""	""	""	""	CC0	2024-01-08	57	replicate columns: replicates; error columns: SEM	complete	none	""	not computed at this scope	""	""				unknown	none	scores_not_downloaded_at_this_scope	false	candidate	""
urn:mavedb:00000664-a-18	KCNQ2	ENSG00000075043.23	mavedb_mapping	18. Current densities at -40 mV of 57 variants used as benign controls in OddsPath co-expressed with wild-type KCNQ2 in CHO cells	18. Current densities at -40 mV of 57 variants used as benign controls in OddsPath co-expressed with wild-type KCNQ2 in CHO cells	""	""	""	""	""	CC0	2024-01-08	57	replicate columns: replicates; error columns: SEM	complete	none	""	not computed at this scope	""	""				unknown	none	scores_not_downloaded_at_this_scope	false	candidate	""
urn:mavedb:00000664-a-2	KCNQ2	ENSG00000075043.23	mavedb_mapping	2. V1/2 of 118 missense variants expressed in CHO cells alone	2. V1/2 of 118 missense variants expressed in CHO cells alone (the other 183 missense variants generated too small currents to calculate V1/2)	""	""	""	""	""	CC0	2024-01-08	118	replicate columns: replicates; error columns: SEM	complete	none	""	not computed at this scope	""	""				unknown	none	scores_not_downloaded_at_this_scope	false	candidate	""
urn:mavedb:00000664-a-3	KCNQ2	ENSG00000075043.23	mavedb_mapping	3. Current densities at -40 mV of 301 missense variants expressed in CHO cells alone	3. Current densities at -40 mV of 301 missense variants expressed in CHO cells alone	""	""	""	""	""	CC0	2024-01-08	301	replicate columns: replicates; error columns: SEM	complete	none	""	not computed at this scope	""	""				unknown	none	scores_not_downloaded_at_this_scope	false	candidate	""
urn:mavedb:00000664-a-4	KCNQ2	ENSG00000075043.23	mavedb_mapping	4. Current densities at +40 mV of 301 missense variants co-expressed with wild-type KCNQ2 in CHO cells	4. Current densities at +40 mV of 301 missense variants co-expressed with wild-type KCNQ2 in CHO cells	""	""	""	""	""	CC0	2024-01-08	301	replicate columns: replicates; error columns: SEM	complete	none	""	not computed at this scope	""	""				unknown	none	scores_not_downloaded_at_this_scope	false	candidate	""
urn:mavedb:00000664-a-5	KCNQ2	ENSG00000075043.23	mavedb_mapping	5. V1/2 of 245 missense variants co-expressed with wild-type KCNQ2 in CHO cells	5. V1/2 of 245 missense variants co-expressed with wild-type KCNQ2 in CHO cells (the other 56 missense variants generated too small currents to calculate V1/2)	""	""	""	""	""	CC0	2024-01-08	245	replicate columns: replicates; error columns: SEM	complete	none	""	not computed at this scope	""	""				unknown	none	scores_not_downloaded_at_this_scope	false	candidate	""
urn:mavedb:00000664-a-6	KCNQ2	ENSG00000075043.23	mavedb_mapping	6. Current densities at -40 mV of 301 missense variants co-expressed with wild-type KCNQ2 in CHO cells	6. Current densities at -40 mV of 301 missense variants co-expressed with wild-type KCNQ2 in CHO cells	""	""	""	""	""	CC0	2024-01-08	301	replicate columns: replicates; error columns: SEM	complete	none	""	not computed at this scope	""	""				unknown	none	scores_not_downloaded_at_this_scope	false	candidate	""
urn:mavedb:00000664-a-7	KCNQ2	ENSG00000075043.23	mavedb_mapping	7. Current densities at +40 mV of 30 non-missense variants expressed in CHO cells alone	7. Current densities at +40 mV of 30 non-missense variants expressed in CHO cells alone	""	""	""	""	""	CC0	2024-01-08	30	replicate columns: replicates; error columns: SEM	incomplete	none	""	not computed at this scope	""	""				unknown	none	scores_not_downloaded_at_this_scope,genomic_mapping_incomplete	false	candidate	""
urn:mavedb:00000664-a-8	KCNQ2	ENSG00000075043.23	mavedb_mapping	8. V1/2 of 2 KCNQ2 non-missense variants expressed in CHO cells alone	8. V1/2 of 2 KCNQ2 non-missense variants expressed in CHO cells alone (the other 28 non-missense variants generated too small currents to calculate V1/2)	""	""	""	""	""	CC0	2024-01-08	2	replicate columns: replicates; error columns: SEM	complete	none	""	not computed at this scope	""	""				n/a	n/a	""	false	excluded	fewer_than_20_variants
urn:mavedb:00000664-a-9	KCNQ2	ENSG00000075043.23	mavedb_mapping	9. Current densities at -40 mV of 30 non-missense variants expressed in CHO cells alone	9. Current densities at -40 mV of 30 non-missense variants expressed in CHO cells alone	""	""	""	""	""	CC0	2024-01-08	30	replicate columns: replicates; error columns: SEM	incomplete	none	""	not computed at this scope	""	""				unknown	none	scores_not_downloaded_at_this_scope,genomic_mapping_incomplete	false	candidate	""
urn:mavedb:00000665-a-1	PAX6	ENSG00000007372.26	target_name	pax6_le9_geneticin	Deep mutational scanning of PAX6 paired domain in LE9 yeast strain with geneticin selection	Cell fitness	Gain or loss of function	""	Yeast	PubMed:38849565 (10.1038/s44320-024-00043-8)	CC BY 4.0	2024-01-23	7764	error columns: bc_per_var, SE	complete	abnormal range(s) below normal range(s) — ExCALIBR calibration [research use only]; Investigator-provided functional classes	lower_is_more_damaging	not computed at this scope	""	""				lower_is_more_damaging	medium	scores_not_downloaded_at_this_scope	false	candidate	""
urn:mavedb:00000665-b-1	PAX6	ENSG00000007372.26	target_name	pax6_blx_geneticin	Deep mutational scanning of PAX6 paired domain in BLX yeast strain with geneticin selection	Cell fitness	Gain or loss of function	""	Yeast	PubMed:38849565 (10.1038/s44320-024-00043-8)	CC0	2024-01-23	7391	error columns: bc_per_var, SE	complete	abnormal range(s) below normal range(s) — ExCALIBR calibration [research use only]; Investigator-provided functional classes	lower_is_more_damaging	not computed at this scope	""	""				lower_is_more_damaging	medium	scores_not_downloaded_at_this_scope	false	candidate	""
urn:mavedb:00000665-c-1	PAX6	ENSG00000007372.26	target_name	pax6_le9_no_geneticin	Deep mutational scanning of PAX6 paired domain in LE9 yeast strain without geneticin	Cell fitness	Gain or loss of function	""	Yeast	PubMed:38849565 (10.1038/s44320-024-00043-8)	CC0	2024-01-23	7819	error columns: bc_per_var, SE	complete	abnormal range(s) above normal range(s) — ExCALIBR calibration [research use only]; Investigator-provided functional classes	higher_is_more_damaging	not computed at this scope	""	""				higher_is_more_damaging	medium	scores_not_downloaded_at_this_scope	false	candidate	""
urn:mavedb:00000665-d-1	PAX6	ENSG00000007372.26	target_name	pax6_blx_no_geneticin	Deep mutational scanning of PAX6 paired domain in BLX yeast strain without geneticin	Cell fitness	Gain or loss of function	""	Yeast	PubMed:38849565 (10.1038/s44320-024-00043-8)	CC0	2024-01-23	7370	error columns: bc_per_var, SE	complete	abnormal range(s) above normal range(s) — ExCALIBR calibration [research use only]; Investigator-provided functional classes	higher_is_more_damaging	not computed at this scope	""	""				higher_is_more_damaging	medium	scores_not_downloaded_at_this_scope	false	candidate	""
urn:mavedb:00000674-a-2	KCNE1	ENSG00000180509.15	target_name	Trafficking scores for KCNE1 in the presence of KCNQ1	This data set includes mean, standard deviation, standard error, confidence interval and trafficking category in the presence of KCNQ1.	Reporter	Loss of function	Protein localization to plasma membrane	Immortalized human cells	PubMed:38816749 (10.1101/2023.04.28.538612)	CC0	2024-04-25	2554	error columns: sd, se, ci_lower, ci_upper	complete	abnormal and normal ranges overlap — IGVF Coding Variant Focus Group -- Controls: All Variants; IGVF Coding Variant Focus Group -- Controls: Missense Variants Only; Investigator-provided functional classes; ExCALIBR calibration [research use only]	""	not computed at this scope	""	""				unknown	none	scores_not_downloaded_at_this_scope	false	candidate	""
urn:mavedb:00000674-b-1	KCNE1	ENSG00000180509.15	target_name	Functional MAVE scores for KCNE1	This data set includes mean, standard deviation, standard error, confidence interval and function category.	Reporter	Loss of function	Protein localization to plasma membrane	Immortalized human cells	PubMed:38816749 (10.1101/2023.04.28.538612)	CC0	2024-04-25	2539	error columns: sd, se, ci_lower, ci_upper	complete	abnormal and normal ranges overlap — IGVF Coding Variant Focus Group -- Controls: All Variants; Investigator-provided functional classes; IGVF Coding Variant Focus Group -- Controls: Missense Variants Only; ExCALIBR calibration [research use only]	""	not computed at this scope	""	""				unknown	none	scores_not_downloaded_at_this_scope	false	candidate	""
urn:mavedb:00000674-c-1	KCNE1	ENSG00000180509.15	target_name	Trafficking scores for KCNE1 in the absence of KCNQ1	This data set includes mean, standard deviation, standard error, confidence interval and trafficking category in the absence of KCNQ1.	Reporter	Loss of function	Protein localization to plasma membrane	Immortalized human cells	PubMed:38816749 (10.1101/2023.04.28.538612)	CC0	2024-04-25	2544	error columns: sd, se, ci_lower, ci_upper	complete	abnormal and normal ranges overlap — IGVF Coding Variant Focus Group -- Controls: All Variants; IGVF Coding Variant Focus Group -- Controls: Missense Variants Only; Investigator-provided functional classes; ExCALIBR calibration [research use only]	""	not computed at this scope	""	""				unknown	none	scores_not_downloaded_at_this_scope	false	candidate	""
urn:mavedb:00000676-a-1	ABL1	ENSG00000097007.22	uniprot	ABL1 SH3 domain domainome 1.0	Stability measurements of the ABL1 SH3 domain from domainome 1.0.	""	""	""	""	bioRxiv:2024.04.26.591310 (10.1101/2024.04.26.591310)	CC0	2024-05-16	1141	none reported in score columns	complete	none	""	not computed at this scope	""	""				unknown	none	scores_not_downloaded_at_this_scope	false	candidate	""
urn:mavedb:00000677-a-1	ABLIM3	ENSG00000173210.22	mavedb_mapping	ABLIM3 Zinc finger, LIM-type domain domainome 1.0	Stability measurements of the ABLIM3 Zinc finger, LIM-type domain from domainome 1.0.	""	""	""	""	bioRxiv:2024.04.26.591310 (10.1101/2024.04.26.591310)	CC0	2024-05-16	1161	none reported in score columns	complete	none	""	not computed at this scope	""	""				unknown	none	scores_not_downloaded_at_this_scope	false	candidate	""
urn:mavedb:00000678-a-1	ABLIM3	ENSG00000173210.22	mavedb_mapping	ABLIM3 Zinc finger, LIM-type domain domainome 1.0	Stability measurements of the ABLIM3 Zinc finger, LIM-type domain from domainome 1.0.	""	""	""	""	bioRxiv:2024.04.26.591310 (10.1101/2024.04.26.591310)	CC0	2024-05-16	1141	none reported in score columns	complete	none	""	not computed at this scope	""	""				unknown	none	scores_not_downloaded_at_this_scope	false	candidate	""
urn:mavedb:00000679-a-1	ADARB1	ENSG00000197381.20	mavedb_mapping	ADARB1 Double-stranded RNA-binding domain domainome 1.0	Stability measurements of the ADARB1 Double-stranded RNA-binding domain from domainome 1.0.	""	""	""	""	bioRxiv:2024.04.26.591310 (10.1101/2024.04.26.591310)	CC0	2024-05-16	1221	none reported in score columns	complete	none	""	not computed at this scope	""	""				unknown	none	scores_not_downloaded_at_this_scope	false	candidate	""
urn:mavedb:00000680-a-1	ADAR	ENSG00000160710.21	uniprot	ADAR Z-alpha domain domainome 1.0	Stability measurements of the ADAR Z-alpha domain from domainome 1.0.	""	""	""	""	bioRxiv:2024.04.26.591310 (10.1101/2024.04.26.591310)	CC0	2024-05-17	1301	none reported in score columns	incomplete	none	""	not computed at this scope	""	""				unknown	none	scores_not_downloaded_at_this_scope,genomic_mapping_incomplete	false	candidate	""
urn:mavedb:00000681-a-1	ADAR	ENSG00000160710.21	mavedb_mapping	ADAR Z-alpha domain domainome 1.0	Stability measurements of the ADAR Z-alpha domain from domainome 1.0.	""	""	""	""	bioRxiv:2024.04.26.591310 (10.1101/2024.04.26.591310)	CC0	2024-05-17	1261	none reported in score columns	complete	none	""	not computed at this scope	""	""				unknown	none	scores_not_downloaded_at_this_scope	false	candidate	""
urn:mavedb:00000682-a-1	ADNP	ENSG00000101126.20	mavedb_mapping	ADNP Homeobox domain domainome 1.0	Stability measurements of the ADNP Homeobox domain from domainome 1.0.	""	""	""	""	bioRxiv:2024.04.26.591310 (10.1101/2024.04.26.591310)	CC0	2024-05-17	821	none reported in score columns	complete	none	""	not computed at this scope	""	""				unknown	none	scores_not_downloaded_at_this_scope	false	candidate	""
urn:mavedb:00000683-a-1	AHI1	ENSG00000135541.24	mavedb_mapping	AHI1 SH3 domain domainome 1.0	Stability measurements of the AHI1 SH3 domain from domainome 1.0.	""	""	""	""	bioRxiv:2024.04.26.591310 (10.1101/2024.04.26.591310)	CC0	2024-05-17	1141	none reported in score columns	complete	none	""	not computed at this scope	""	""				unknown	none	scores_not_downloaded_at_this_scope	false	candidate	""
urn:mavedb:00000684-a-1	ALX1	ENSG00000180318.5	mavedb_mapping	ALX1 Homeobox domain domainome 1.0	Stability measurements of the ALX1 Homeobox domain from domainome 1.0.	""	""	""	""	bioRxiv:2024.04.26.591310 (10.1101/2024.04.26.591310)	CC0	2024-05-17	1121	none reported in score columns	complete	none	""	not computed at this scope	""	""				unknown	none	scores_not_downloaded_at_this_scope	false	candidate	""
urn:mavedb:00000685-a-1	ALX3	ENSG00000156150.10	mavedb_mapping	ALX3 Homeobox domain domainome 1.0	Stability measurements of the ALX3 Homeobox domain from domainome 1.0.	""	""	""	""	bioRxiv:2024.04.26.591310 (10.1101/2024.04.26.591310)	CC0	2024-05-17	1121	none reported in score columns	complete	none	""	not computed at this scope	""	""				unknown	none	scores_not_downloaded_at_this_scope	false	candidate	""
urn:mavedb:00000686-a-1	ALX4	ENSG00000052850.8	mavedb_mapping	ALX4 Homeobox domain domainome 1.0	Stability measurements of the ALX4 Homeobox domain from domainome 1.0.	""	""	""	""	bioRxiv:2024.04.26.591310 (10.1101/2024.04.26.591310)	CC0	2024-05-17	1121	none reported in score columns	complete	none	""	not computed at this scope	""	""				unknown	none	scores_not_downloaded_at_this_scope	false	candidate	""
urn:mavedb:00000687-a-1	ANK1	ENSG00000029534.23	mavedb_mapping	ANK1 Death domain domainome 1.0	Stability measurements of the ANK1 Death domain from domainome 1.0.	""	""	""	""	bioRxiv:2024.04.26.591310 (10.1101/2024.04.26.591310)	CC0	2024-05-17	1601	none reported in score columns	complete	none	""	not computed at this scope	""	""				unknown	none	scores_not_downloaded_at_this_scope	false	candidate	""
urn:mavedb:00000688-a-1	ANK2	ENSG00000145362.23	mavedb_mapping	ANK2 Death domain domainome 1.0	Stability measurements of the ANK2 Death domain from domainome 1.0.	""	""	""	""	bioRxiv:2024.04.26.591310 (10.1101/2024.04.26.591310)	CC0	2024-05-17	1601	none reported in score columns	complete	none	""	not computed at this scope	""	""				unknown	none	scores_not_downloaded_at_this_scope	false	candidate	""
urn:mavedb:00000689-a-1	ANK3	ENSG00000151150.24	mavedb_mapping	ANK3 Death domain domainome 1.0	Stability measurements of the ANK3 Death domain from domainome 1.0.	""	""	""	""	bioRxiv:2024.04.26.591310 (10.1101/2024.04.26.591310)	CC0	2024-05-17	1561	none reported in score columns	complete	none	""	not computed at this scope	""	""				unknown	none	scores_not_downloaded_at_this_scope	false	candidate	""
urn:mavedb:00000690-a-1	ANKS1B	ENSG00000185046.22	mavedb_mapping	ANKS1B Sterile alpha motif domain domainome 1.0	Stability measurements of the ANKS1B Sterile alpha motif domain from domainome 1.0.	""	""	""	""	bioRxiv:2024.04.26.591310 (10.1101/2024.04.26.591310)	CC0	2024-05-17	1241	none reported in score columns	complete	none	""	not computed at this scope	""	""				unknown	none	scores_not_downloaded_at_this_scope	false	candidate	""
urn:mavedb:00000691-a-1	ANKS6	ENSG00000165138.20	mavedb_mapping	ANKS6 Sterile alpha motif domain domainome 1.0	Stability measurements of the ANKS6 Sterile alpha motif domain from domainome 1.0.	""	""	""	""	bioRxiv:2024.04.26.591310 (10.1101/2024.04.26.591310)	CC0	2024-05-17	1261	none reported in score columns	complete	none	""	not computed at this scope	""	""				unknown	none	scores_not_downloaded_at_this_scope	false	candidate	""
urn:mavedb:00000692-a-1	ARAF	ENSG00000078061.16	mavedb_mapping	ARAF Raf-like Ras-binding domain domainome 1.0	Stability measurements of the ARAF Raf-like Ras-binding domain from domainome 1.0.	""	""	""	""	bioRxiv:2024.04.26.591310 (10.1101/2024.04.26.591310)	CC0	2024-05-17	1381	none reported in score columns	complete	none	""	not computed at this scope	""	""				unknown	none	scores_not_downloaded_at_this_scope	false	candidate	""
urn:mavedb:00000693-a-1	ARHGEF28	ENSG00000214944.12	uniprot	ARHGEF28 Protein kinase C-like, phorbol ester/diacylglycerol-binding domain domainome 1.0	Stability measurements of the ARHGEF28 Protein kinase C-like, phorbol ester/diacylglycerol-binding domain from domainome 1.0.	""	""	""	""	bioRxiv:2024.04.26.591310 (10.1101/2024.04.26.591310)	CC0	2024-05-17	1001	none reported in score columns	complete	none	""	not computed at this scope	""	""				unknown	none	scores_not_downloaded_at_this_scope	false	candidate	""
urn:mavedb:00000694-a-1	ARID2	ENSG00000189079.20	uniprot	ARID2 DNA-binding RFX-type winged-helix domain domainome 1.0	Stability measurements of the ARID2 DNA-binding RFX-type winged-helix domain from domainome 1.0.	""	""	""	""	bioRxiv:2024.04.26.591310 (10.1101/2024.04.26.591310)	CC0	2024-05-17	1601	none reported in score columns	complete	none	""	not computed at this scope	""	""				unknown	none	scores_not_downloaded_at_this_scope	false	candidate	""
urn:mavedb:00000695-a-1	ARK2C	ENSG00000141622.16	uniprot	ARK2C Zinc finger, RING-type domain domainome 1.0	Stability measurements of the ARK2C Zinc finger, RING-type domain from domainome 1.0.	""	""	""	""	bioRxiv:2024.04.26.591310 (10.1101/2024.04.26.591310)	CC0	2024-05-17	861	none reported in score columns	incomplete	none	""	not computed at this scope	""	""				unknown	none	scores_not_downloaded_at_this_scope,genomic_mapping_incomplete	false	candidate	""
urn:mavedb:00000696-a-1	ARX	ENSG00000004848.9	mavedb_mapping	ARX Homeobox domain domainome 1.0	Stability measurements of the ARX Homeobox domain from domainome 1.0.	""	""	""	""	bioRxiv:2024.04.26.591310 (10.1101/2024.04.26.591310)	CC0	2024-05-17	1121	none reported in score columns	complete	none	""	not computed at this scope	""	""				unknown	none	scores_not_downloaded_at_this_scope	false	candidate	""
urn:mavedb:00000697-a-1	AR	ENSG00000169083.19	mavedb_mapping	AR Zinc finger, nuclear hormone receptor-type domain domainome 1.0	Stability measurements of the AR Zinc finger, nuclear hormone receptor-type domain from domainome 1.0.	""	""	""	""	bioRxiv:2024.04.26.591310 (10.1101/2024.04.26.591310)	CC0	2024-05-17	1521	none reported in score columns	complete	none	""	not computed at this scope	""	""				unknown	none	scores_not_downloaded_at_this_scope	false	candidate	""
urn:mavedb:00000698-a-1	ASB14	ENSG00000239388.11	mavedb_mapping	ASB14 SOCS box domain domainome 1.0	Stability measurements of the ASB14 SOCS box domain from domainome 1.0.	""	""	""	""	bioRxiv:2024.04.26.591310 (10.1101/2024.04.26.591310)	CC0	2024-05-17	821	none reported in score columns	complete	none	""	not computed at this scope	""	""				unknown	none	scores_not_downloaded_at_this_scope	false	candidate	""
urn:mavedb:00000699-a-1	ASPM	ENSG00000066279.21	uniprot	ASPM IQ motif, EF-hand binding site domain domainome 1.0	Stability measurements of the ASPM IQ motif, EF-hand binding site domain from domainome 1.0.	""	""	""	""	bioRxiv:2024.04.26.591310 (10.1101/2024.04.26.591310)	CC0	2024-05-17	381	none reported in score columns	complete	none	""	not computed at this scope	""	""				unknown	none	scores_not_downloaded_at_this_scope	false	candidate	""
urn:mavedb:00000700-a-1	ASZ1	ENSG00000154438.8	mavedb_mapping	ASZ1 Sterile alpha motif domain domainome 1.0	Stability measurements of the ASZ1 Sterile alpha motif domain from domainome 1.0.	""	""	""	""	bioRxiv:2024.04.26.591310 (10.1101/2024.04.26.591310)	CC0	2024-05-17	1241	none reported in score columns	complete	none	""	not computed at this scope	""	""				unknown	none	scores_not_downloaded_at_this_scope	false	candidate	""
urn:mavedb:00000701-a-1	ATXN7	ENSG00000163635.22	mavedb_mapping	ATXN7 SCA7 domain domainome 1.0	Stability measurements of the ATXN7 SCA7 domain from domainome 1.0.	""	""	""	""	bioRxiv:2024.04.26.591310 (10.1101/2024.04.26.591310)	CC0	2024-05-17	1221	none reported in score columns	complete	none	""	not computed at this scope	""	""				unknown	none	scores_not_downloaded_at_this_scope	false	candidate	""
urn:mavedb:00000702-a-1	AVIL	ENSG00000135407.12	mavedb_mapping	AVIL Villin headpiece domain domainome 1.0	Stability measurements of the AVIL Villin headpiece domain from domainome 1.0.	""	""	""	""	bioRxiv:2024.04.26.591310 (10.1101/2024.04.26.591310)	CC0	2024-05-17	701	none reported in score columns	complete	none	""	not computed at this scope	""	""				unknown	none	scores_not_downloaded_at_this_scope	false	candidate	""
urn:mavedb:00000703-a-1	BAG3	ENSG00000151929.12	mavedb_mapping	BAG3 WW domain domainome 1.0	Stability measurements of the BAG3 WW domain from domainome 1.0.	""	""	""	""	bioRxiv:2024.04.26.591310 (10.1101/2024.04.26.591310)	CC0	2024-05-17	981	none reported in score columns	complete	none	""	not computed at this scope	""	""				unknown	none	scores_not_downloaded_at_this_scope	false	candidate	""
urn:mavedb:00000704-a-1	BAG5	ENSG00000166170.14	mavedb_mapping	BAG5 BAG domain domainome 1.0	Stability measurements of the BAG5 BAG domain from domainome 1.0.	""	""	""	""	bioRxiv:2024.04.26.591310 (10.1101/2024.04.26.591310)	CC0	2024-05-17	1381	none reported in score columns	complete	none	""	not computed at this scope	""	""				unknown	none	scores_not_downloaded_at_this_scope	false	candidate	""
urn:mavedb:00000705-a-1	BAZ2B	ENSG00000123636.22	mavedb_mapping	BAZ2B Zinc finger, PHD-finger domain domainome 1.0	Stability measurements of the BAZ2B Zinc finger, PHD-finger domain from domainome 1.0.	""	""	""	""	bioRxiv:2024.04.26.591310 (10.1101/2024.04.26.591310)	CC0	2024-05-17	1121	none reported in score columns	complete	none	""	not computed at this scope	""	""				unknown	none	scores_not_downloaded_at_this_scope	false	candidate	""
urn:mavedb:00000706-a-1	BLK	ENSG00000136573.17	mavedb_mapping	BLK SH3 domain domainome 1.0	Stability measurements of the BLK SH3 domain from domainome 1.0.	""	""	""	""	bioRxiv:2024.04.26.591310 (10.1101/2024.04.26.591310)	CC0	2024-05-17	1181	none reported in score columns	complete	none	""	not computed at this scope	""	""				unknown	none	scores_not_downloaded_at_this_scope	false	candidate	""
urn:mavedb:00000707-a-1	BPTF	ENSG00000171634.20	mavedb_mapping	BPTF Zinc finger, PHD-finger domain domainome 1.0	Stability measurements of the BPTF Zinc finger, PHD-finger domain from domainome 1.0.	""	""	""	""	bioRxiv:2024.04.26.591310 (10.1101/2024.04.26.591310)	CC0	2024-05-17	1141	none reported in score columns	complete	none	""	not computed at this scope	""	""				unknown	none	scores_not_downloaded_at_this_scope	false	candidate	""
urn:mavedb:00000708-a-1	BRAF	ENSG00000157764.16	mavedb_mapping	BRAF Raf-like Ras-binding domain domainome 1.0	Stability measurements of the BRAF Raf-like Ras-binding domain from domainome 1.0.	""	""	""	""	bioRxiv:2024.04.26.591310 (10.1101/2024.04.26.591310)	CC0	2024-05-17	1521	none reported in score columns	complete	none	""	not computed at this scope	""	""				unknown	none	scores_not_downloaded_at_this_scope	false	candidate	""
urn:mavedb:00000709-a-1	BRD4	ENSG00000141867.20	mavedb_mapping	BRD4 NET domain domainome 1.0	Stability measurements of the BRD4 NET domain from domainome 1.0.	""	""	""	""	bioRxiv:2024.04.26.591310 (10.1101/2024.04.26.591310)	CC0	2024-05-17	1341	none reported in score columns	complete	none	""	not computed at this scope	""	""				unknown	none	scores_not_downloaded_at_this_scope	false	candidate	""
urn:mavedb:00000710-a-1	BTK	ENSG00000010671.20	mavedb_mapping	BTK SH3 domain domainome 1.0	Stability measurements of the BTK SH3 domain from domainome 1.0.	""	""	""	""	bioRxiv:2024.04.26.591310 (10.1101/2024.04.26.591310)	CC0	2024-05-17	1181	none reported in score columns	complete	none	""	not computed at this scope	""	""				unknown	none	scores_not_downloaded_at_this_scope	false	candidate	""
urn:mavedb:00000711-a-1	CABP2	ENSG00000167791.14	mavedb_mapping	CABP2 EF-hand domain domainome 1.0	Stability measurements of the CABP2 EF-hand domain from domainome 1.0.	""	""	""	""	bioRxiv:2024.04.26.591310 (10.1101/2024.04.26.591310)	CC0	2024-05-17	1301	none reported in score columns	complete	none	""	not computed at this scope	""	""				unknown	none	scores_not_downloaded_at_this_scope	false	candidate	""
urn:mavedb:00000712-a-1	CALML4	ENSG00000129007.18	mavedb_mapping	CALML4 EF-hand domain domainome 1.0	Stability measurements of the CALML4 EF-hand domain from domainome 1.0.	""	""	""	""	bioRxiv:2024.04.26.591310 (10.1101/2024.04.26.591310)	CC0	2024-05-17	1381	none reported in score columns	complete	none	""	not computed at this scope	""	""				unknown	none	scores_not_downloaded_at_this_scope	false	candidate	""
urn:mavedb:00000713-a-1	CALML4	ENSG00000129007.18	mavedb_mapping	CALML4 EF-hand domain domainome 1.0	Stability measurements of the CALML4 EF-hand domain from domainome 1.0.	""	""	""	""	bioRxiv:2024.04.26.591310 (10.1101/2024.04.26.591310)	CC0	2024-05-17	1521	none reported in score columns	complete	none	""	not computed at this scope	""	""				unknown	none	scores_not_downloaded_at_this_scope	false	candidate	""
urn:mavedb:00000714-a-1	CAPN15	ENSG00000103326.14	uniprot	CAPN15 Zinc finger, RanBP2-type domain domainome 1.0	Stability measurements of the CAPN15 Zinc finger, RanBP2-type domain from domainome 1.0.	""	""	""	""	bioRxiv:2024.04.26.591310 (10.1101/2024.04.26.591310)	CC0	2024-05-17	541	none reported in score columns	complete	none	""	not computed at this scope	""	""				unknown	none	scores_not_downloaded_at_this_scope	false	candidate	""
urn:mavedb:00000715-a-1	CASK	ENSG00000147044.25	mavedb_mapping	CASK PDZ domain domainome 1.0	Stability measurements of the CASK PDZ domain from domainome 1.0.	""	""	""	""	bioRxiv:2024.04.26.591310 (10.1101/2024.04.26.591310)	CC0	2024-05-17	1641	none reported in score columns	complete	none	""	not computed at this scope	""	""				unknown	none	scores_not_downloaded_at_this_scope	false	candidate	""
urn:mavedb:00000716-a-1	CBL	ENSG00000110395.9	mavedb_mapping	CBL Ubiquitin-associated domain domainome 1.0	Stability measurements of the CBL Ubiquitin-associated domain from domainome 1.0.	""	""	""	""	bioRxiv:2024.04.26.591310 (10.1101/2024.04.26.591310)	CC0	2024-05-17	921	none reported in score columns	complete	none	""	not computed at this scope	""	""				unknown	none	scores_not_downloaded_at_this_scope	false	candidate	""
urn:mavedb:00000717-a-1	CBX5	ENSG00000094916.18	mavedb_mapping	CBX5 Chromo domain domainome 1.0	Stability measurements of the CBX5 Chromo domain from domainome 1.0.	""	""	""	""	bioRxiv:2024.04.26.591310 (10.1101/2024.04.26.591310)	CC0	2024-05-17	981	none reported in score columns	complete	none	""	not computed at this scope	""	""				unknown	none	scores_not_downloaded_at_this_scope	false	candidate	""
urn:mavedb:00000718-a-1	CCAR1	ENSG00000060339.16	mavedb_mapping	CCAR1 SAP domain domainome 1.0	Stability measurements of the CCAR1 SAP domain from domainome 1.0.	""	""	""	""	bioRxiv:2024.04.26.591310 (10.1101/2024.04.26.591310)	CC0	2024-05-17	1001	none reported in score columns	complete	none	""	not computed at this scope	""	""				unknown	none	scores_not_downloaded_at_this_scope	false	candidate	""
urn:mavedb:00000719-a-1	CCNF	ENSG00000162063.15	mavedb_mapping	CCNF F-box domain domainome 1.0	Stability measurements of the CCNF F-box domain from domainome 1.0.	""	""	""	""	bioRxiv:2024.04.26.591310 (10.1101/2024.04.26.591310)	CC0	2024-05-17	1061	none reported in score columns	complete	none	""	not computed at this scope	""	""				unknown	none	scores_not_downloaded_at_this_scope	false	candidate	""
urn:mavedb:00000720-a-1	CD2AP	ENSG00000198087.9	mavedb_mapping	CD2AP SH3 domain domainome 1.0	Stability measurements of the CD2AP SH3 domain from domainome 1.0.	""	""	""	""	bioRxiv:2024.04.26.591310 (10.1101/2024.04.26.591310)	CC0	2024-05-17	1221	none reported in score columns	complete	none	""	not computed at this scope	""	""				unknown	none	scores_not_downloaded_at_this_scope	false	candidate	""
urn:mavedb:00000721-a-1	CD2AP	ENSG00000198087.9	mavedb_mapping	CD2AP SH3 domain domainome 1.0	Stability measurements of the CD2AP SH3 domain from domainome 1.0.	""	""	""	""	bioRxiv:2024.04.26.591310 (10.1101/2024.04.26.591310)	CC0	2024-05-17	1221	none reported in score columns	complete	none	""	not computed at this scope	""	""				unknown	none	scores_not_downloaded_at_this_scope	false	candidate	""
urn:mavedb:00000722-a-1	CD2AP	ENSG00000198087.9	mavedb_mapping	CD2AP SH3 domain domainome 1.0	Stability measurements of the CD2AP SH3 domain from domainome 1.0.	""	""	""	""	bioRxiv:2024.04.26.591310 (10.1101/2024.04.26.591310)	CC0	2024-05-17	1181	none reported in score columns	complete	none	""	not computed at this scope	""	""				unknown	none	scores_not_downloaded_at_this_scope	false	candidate	""
urn:mavedb:00000723-a-1	CHD3	ENSG00000170004.20	uniprot	CHD3 Zinc finger, PHD-finger domain domainome 1.0	Stability measurements of the CHD3 Zinc finger, PHD-finger domain from domainome 1.0.	""	""	""	""	bioRxiv:2024.04.26.591310 (10.1101/2024.04.26.591310)	CC0	2024-05-17	1061	none reported in score columns	complete	none	""	not computed at this scope	""	""				unknown	none	scores_not_downloaded_at_this_scope	false	candidate	""
urn:mavedb:00000724-a-1	CHD4	ENSG00000111642.18	uniprot	CHD4 Chromo domain domainome 1.0	Stability measurements of the CHD4 Chromo domain from domainome 1.0.	""	""	""	""	bioRxiv:2024.04.26.591310 (10.1101/2024.04.26.591310)	CC0	2024-05-17	1061	none reported in score columns	failed	none	""	not computed at this scope	""	""				unknown	none	scores_not_downloaded_at_this_scope,genomic_mapping_failed	false	candidate	""
urn:mavedb:00000725-a-1	CHD4	ENSG00000111642.18	uniprot	CHD4 Zinc finger, PHD-finger domain domainome 1.0	Stability measurements of the CHD4 Zinc finger, PHD-finger domain from domainome 1.0.	""	""	""	""	bioRxiv:2024.04.26.591310 (10.1101/2024.04.26.591310)	CC0	2024-05-17	1061	none reported in score columns	complete	none	""	not computed at this scope	""	""				unknown	none	scores_not_downloaded_at_this_scope	false	candidate	""
urn:mavedb:00000726-a-1	CHD4	ENSG00000111642.18	uniprot	CHD4 Zinc finger, PHD-finger domain domainome 1.0	Stability measurements of the CHD4 Zinc finger, PHD-finger domain from domainome 1.0.	""	""	""	""	bioRxiv:2024.04.26.591310 (10.1101/2024.04.26.591310)	CC0	2024-05-17	1061	none reported in score columns	complete	none	""	not computed at this scope	""	""				unknown	none	scores_not_downloaded_at_this_scope	false	candidate	""
urn:mavedb:00000727-a-1	CHD5	ENSG00000116254.19	uniprot	CHD5 CHD, N-terminal domain domainome 1.0	Stability measurements of the CHD5 CHD, N-terminal domain from domainome 1.0.	""	""	""	""	bioRxiv:2024.04.26.591310 (10.1101/2024.04.26.591310)	CC0	2024-05-17	1381	none reported in score columns	complete	none	""	not computed at this scope	""	""				unknown	none	scores_not_downloaded_at_this_scope	false	candidate	""
urn:mavedb:00000728-a-1	CHD5	ENSG00000116254.19	uniprot	CHD5 Zinc finger, PHD-finger domain domainome 1.0	Stability measurements of the CHD5 Zinc finger, PHD-finger domain from domainome 1.0.	""	""	""	""	bioRxiv:2024.04.26.591310 (10.1101/2024.04.26.591310)	CC0	2024-05-17	1061	none reported in score columns	complete	none	""	not computed at this scope	""	""				unknown	none	scores_not_downloaded_at_this_scope	false	candidate	""
urn:mavedb:00000729-a-1	CHD5	ENSG00000116254.19	uniprot	CHD5 Zinc finger, PHD-finger domain domainome 1.0	Stability measurements of the CHD5 Zinc finger, PHD-finger domain from domainome 1.0.	""	""	""	""	bioRxiv:2024.04.26.591310 (10.1101/2024.04.26.591310)	CC0	2024-05-17	1061	none reported in score columns	complete	none	""	not computed at this scope	""	""				unknown	none	scores_not_downloaded_at_this_scope	false	candidate	""
urn:mavedb:00000730-a-1	CHD7	ENSG00000171316.16	mavedb_mapping	CHD7 BRK domain domainome 1.0	Stability measurements of the CHD7 BRK domain from domainome 1.0.	""	""	""	""	bioRxiv:2024.04.26.591310 (10.1101/2024.04.26.591310)	CC0	2024-05-17	841	none reported in score columns	complete	none	""	not computed at this scope	""	""				unknown	none	scores_not_downloaded_at_this_scope	false	candidate	""
urn:mavedb:00000731-a-1	CIDEB	ENSG00000136305.14	mavedb_mapping	CIDEB CIDE-N domain domainome 1.0	Stability measurements of the CIDEB CIDE-N domain from domainome 1.0.	""	""	""	""	bioRxiv:2024.04.26.591310 (10.1101/2024.04.26.591310)	CC0	2024-05-17	1481	none reported in score columns	complete	none	""	not computed at this scope	""	""				unknown	none	scores_not_downloaded_at_this_scope	false	candidate	""
urn:mavedb:00000733-a-1	CKS1B	ENSG00000173207.15	mavedb_mapping	CKS1B Cyclin-dependent kinase regulatory subunit domainome 1.0	Stability measurements of the CKS1B Cyclin-dependent kinase regulatory subunit from domainome 1.0.	""	""	""	""	bioRxiv:2024.04.26.591310 (10.1101/2024.04.26.591310)	CC0	2024-05-17	1581	none reported in score columns	complete	none	""	not computed at this scope	""	""				unknown	none	scores_not_downloaded_at_this_scope	false	candidate	""
urn:mavedb:00000734-a-1	CNKSR2	ENSG00000149970.17	uniprot	CNKSR2 Sterile alpha motif domain domainome 1.0	Stability measurements of the CNKSR2 Sterile alpha motif domain from domainome 1.0.	""	""	""	""	bioRxiv:2024.04.26.591310 (10.1101/2024.04.26.591310)	CC0	2024-05-17	1261	none reported in score columns	complete	none	""	not computed at this scope	""	""				unknown	none	scores_not_downloaded_at_this_scope	false	candidate	""
urn:mavedb:00000735-a-1	CPEB2	ENSG00000137449.17	mavedb_mapping	CPEB2 Cytoplasmic polyadenylation element-binding protein, ZZ domain domainome 1.0	Stability measurements of the CPEB2 Cytoplasmic polyadenylation element-binding protein, ZZ domain from domainome 1.0.	""	""	""	""	bioRxiv:2024.04.26.591310 (10.1101/2024.04.26.591310)	CC0	2024-05-17	1261	none reported in score columns	complete	none	""	not computed at this scope	""	""				unknown	none	scores_not_downloaded_at_this_scope	false	candidate	""
urn:mavedb:00000736-a-1	CRX	ENSG00000105392.18	mavedb_mapping	CRX Homeobox domain domainome 1.0	Stability measurements of the CRX Homeobox domain from domainome 1.0.	""	""	""	""	bioRxiv:2024.04.26.591310 (10.1101/2024.04.26.591310)	CC0	2024-05-17	1121	none reported in score columns	complete	none	""	not computed at this scope	""	""				unknown	none	scores_not_downloaded_at_this_scope	false	candidate	""
urn:mavedb:00000737-a-1	CRYBA1	ENSG00000108255.8	mavedb_mapping	CRYBA1 Beta/gamma crystallin domain domainome 1.0	Stability measurements of the CRYBA1 Beta/gamma crystallin domain from domainome 1.0.	""	""	""	""	bioRxiv:2024.04.26.591310 (10.1101/2024.04.26.591310)	CC0	2024-05-17	1781	none reported in score columns	complete	none	""	not computed at this scope	""	""				unknown	none	scores_not_downloaded_at_this_scope	false	candidate	""
urn:mavedb:00000738-a-1	CRYBA4	ENSG00000196431.5	mavedb_mapping	CRYBA4 Beta/gamma crystallin domain domainome 1.0	Stability measurements of the CRYBA4 Beta/gamma crystallin domain from domainome 1.0.	""	""	""	""	bioRxiv:2024.04.26.591310 (10.1101/2024.04.26.591310)	CC0	2024-05-17	1661	none reported in score columns	complete	none	""	not computed at this scope	""	""				unknown	none	scores_not_downloaded_at_this_scope	false	candidate	""
urn:mavedb:00000739-a-1	CRYBB1	ENSG00000100122.9	mavedb_mapping	CRYBB1 Beta/gamma crystallin domain domainome 1.0	Stability measurements of the CRYBB1 Beta/gamma crystallin domain from domainome 1.0.	""	""	""	""	bioRxiv:2024.04.26.591310 (10.1101/2024.04.26.591310)	CC0	2024-05-17	1741	none reported in score columns	complete	none	""	not computed at this scope	""	""				unknown	none	scores_not_downloaded_at_this_scope	false	candidate	""
urn:mavedb:00000740-a-1	CRYBB2	ENSG00000244752.5	uniprot	CRYBB2 Beta/gamma crystallin domain domainome 1.0	Stability measurements of the CRYBB2 Beta/gamma crystallin domain from domainome 1.0.	""	""	""	""	bioRxiv:2024.04.26.591310 (10.1101/2024.04.26.591310)	CC0	2024-05-17	1681	none reported in score columns	failed	none	""	not computed at this scope	""	""				unknown	none	scores_not_downloaded_at_this_scope,genomic_mapping_failed	false	candidate	""
urn:mavedb:00000741-a-1	CRYBG2	ENSG00000176092.18	mavedb_mapping	CRYBG2 Beta/gamma crystallin domain domainome 1.0	Stability measurements of the CRYBG2 Beta/gamma crystallin domain from domainome 1.0.	""	""	""	""	bioRxiv:2024.04.26.591310 (10.1101/2024.04.26.591310)	CC0	2024-05-17	1561	none reported in score columns	complete	none	""	not computed at this scope	""	""				unknown	none	scores_not_downloaded_at_this_scope	false	candidate	""
urn:mavedb:00000742-a-1	CRYGA	ENSG00000168582.5	mavedb_mapping	CRYGA Beta/gamma crystallin domain domainome 1.0	Stability measurements of the CRYGA Beta/gamma crystallin domain from domainome 1.0.	""	""	""	""	bioRxiv:2024.04.26.591310 (10.1101/2024.04.26.591310)	CC0	2024-05-17	1781	none reported in score columns	complete	none	""	not computed at this scope	""	""				unknown	none	scores_not_downloaded_at_this_scope	false	candidate	""
urn:mavedb:00000743-a-1	CRYGB	ENSG00000182187.5	mavedb_mapping	CRYGB Beta/gamma crystallin domain domainome 1.0	Stability measurements of the CRYGB Beta/gamma crystallin domain from domainome 1.0.	""	""	""	""	bioRxiv:2024.04.26.591310 (10.1101/2024.04.26.591310)	CC0	2024-05-17	1741	none reported in score columns	complete	none	""	not computed at this scope	""	""				unknown	none	scores_not_downloaded_at_this_scope	false	candidate	""
urn:mavedb:00000744-a-1	CRYGB	ENSG00000182187.5	mavedb_mapping	CRYGB Beta/gamma crystallin domain domainome 1.0	Stability measurements of the CRYGB Beta/gamma crystallin domain from domainome 1.0.	""	""	""	""	bioRxiv:2024.04.26.591310 (10.1101/2024.04.26.591310)	CC0	2024-05-17	1681	none reported in score columns	complete	none	""	not computed at this scope	""	""				unknown	none	scores_not_downloaded_at_this_scope	false	candidate	""
urn:mavedb:00000745-a-1	CRYGC	ENSG00000163254.5	mavedb_mapping	CRYGC Beta/gamma crystallin domain domainome 1.0	Stability measurements of the CRYGC Beta/gamma crystallin domain from domainome 1.0.	""	""	""	""	bioRxiv:2024.04.26.591310 (10.1101/2024.04.26.591310)	CC0	2024-05-17	1601	none reported in score columns	complete	none	""	not computed at this scope	""	""				unknown	none	scores_not_downloaded_at_this_scope	false	candidate	""
urn:mavedb:00000746-a-1	CRYGC	ENSG00000163254.5	mavedb_mapping	CRYGC Beta/gamma crystallin domain domainome 1.0	Stability measurements of the CRYGC Beta/gamma crystallin domain from domainome 1.0.	""	""	""	""	bioRxiv:2024.04.26.591310 (10.1101/2024.04.26.591310)	CC0	2024-05-17	1521	none reported in score columns	complete	none	""	not computed at this scope	""	""				unknown	none	scores_not_downloaded_at_this_scope	false	candidate	""
urn:mavedb:00000747-a-1	CRYGD	ENSG00000118231.6	mavedb_mapping	CRYGD Beta/gamma crystallin domain domainome 1.0	Stability measurements of the CRYGD Beta/gamma crystallin domain from domainome 1.0.	""	""	""	""	bioRxiv:2024.04.26.591310 (10.1101/2024.04.26.591310)	CC0	2024-05-17	1621	none reported in score columns	complete	none	""	not computed at this scope	""	""				unknown	none	scores_not_downloaded_at_this_scope	false	candidate	""
urn:mavedb:00000748-a-1	CRYGS	ENSG00000213139.9	mavedb_mapping	CRYGS Beta/gamma crystallin domain domainome 1.0	Stability measurements of the CRYGS Beta/gamma crystallin domain from domainome 1.0.	""	""	""	""	bioRxiv:2024.04.26.591310 (10.1101/2024.04.26.591310)	CC0	2024-05-17	1621	none reported in score columns	complete	none	""	not computed at this scope	""	""				unknown	none	scores_not_downloaded_at_this_scope	false	candidate	""
urn:mavedb:00000749-a-1	CSDE1	ENSG00000009307.19	mavedb_mapping	CSDE1 Cold-shock protein, DNA-binding domain domainome 1.0	Stability measurements of the CSDE1 Cold-shock protein, DNA-binding domain from domainome 1.0.	""	""	""	""	bioRxiv:2024.04.26.591310 (10.1101/2024.04.26.591310)	CC0	2024-05-17	1421	none reported in score columns	complete	none	""	not computed at this scope	""	""				unknown	none	scores_not_downloaded_at_this_scope	false	candidate	""
urn:mavedb:00000750-a-1	CSDE1	ENSG00000009307.19	mavedb_mapping	CSDE1 Cold-shock protein, DNA-binding domain domainome 1.0	Stability measurements of the CSDE1 Cold-shock protein, DNA-binding domain from domainome 1.0.	""	""	""	""	bioRxiv:2024.04.26.591310 (10.1101/2024.04.26.591310)	CC0	2024-05-17	1381	none reported in score columns	complete	none	""	not computed at this scope	""	""				unknown	none	scores_not_downloaded_at_this_scope	false	candidate	""
urn:mavedb:00000751-a-1	CSDE1	ENSG00000009307.19	mavedb_mapping	CSDE1 Cold-shock protein, DNA-binding domain domainome 1.0	Stability measurements of the CSDE1 Cold-shock protein, DNA-binding domain from domainome 1.0.	""	""	""	""	bioRxiv:2024.04.26.591310 (10.1101/2024.04.26.591310)	CC0	2024-05-17	1441	none reported in score columns	complete	none	""	not computed at this scope	""	""				unknown	none	scores_not_downloaded_at_this_scope	false	candidate	""
urn:mavedb:00000756-a-1	CUL9	ENSG00000112659.16	uniprot	CUL9 CPH domain domainome 1.0	Stability measurements of the CUL9 CPH domain from domainome 1.0.	""	""	""	""	bioRxiv:2024.04.26.591310 (10.1101/2024.04.26.591310)	CC0	2024-05-17	1461	none reported in score columns	complete	none	""	not computed at this scope	""	""				unknown	none	scores_not_downloaded_at_this_scope	false	candidate	""
urn:mavedb:00000757-a-1	CUL9	ENSG00000112659.16	mavedb_mapping	CUL9 IBR domain domainome 1.0	Stability measurements of the CUL9 IBR domain from domainome 1.0.	""	""	""	""	bioRxiv:2024.04.26.591310 (10.1101/2024.04.26.591310)	CC0	2024-05-17	841	none reported in score columns	complete	none	""	not computed at this scope	""	""				unknown	none	scores_not_downloaded_at_this_scope	false	candidate	""
urn:mavedb:00000758-a-1	CUX1	ENSG00000257923.14	mavedb_mapping	CUX1 CUT domain domainome 1.0	Stability measurements of the CUX1 CUT domain from domainome 1.0.	""	""	""	""	bioRxiv:2024.04.26.591310 (10.1101/2024.04.26.591310)	CC0	2024-05-17	1361	none reported in score columns	complete	none	""	not computed at this scope	""	""				unknown	none	scores_not_downloaded_at_this_scope	false	candidate	""
urn:mavedb:00000759-a-1	CUX1	ENSG00000257923.14	mavedb_mapping	CUX1 CUT domain domainome 1.0	Stability measurements of the CUX1 CUT domain from domainome 1.0.	""	""	""	""	bioRxiv:2024.04.26.591310 (10.1101/2024.04.26.591310)	CC0	2024-05-17	1641	none reported in score columns	complete	none	""	not computed at this scope	""	""				unknown	none	scores_not_downloaded_at_this_scope	false	candidate	""
urn:mavedb:00000760-a-1	CUX1	ENSG00000257923.14	mavedb_mapping	CUX1 Homeobox domain domainome 1.0	Stability measurements of the CUX1 Homeobox domain from domainome 1.0.	""	""	""	""	bioRxiv:2024.04.26.591310 (10.1101/2024.04.26.591310)	CC0	2024-05-17	1121	none reported in score columns	complete	none	""	not computed at this scope	""	""				unknown	none	scores_not_downloaded_at_this_scope	false	candidate	""
urn:mavedb:00000761-a-1	CUX2	ENSG00000111249.16	mavedb_mapping	CUX2 CUT domain domainome 1.0	Stability measurements of the CUX2 CUT domain from domainome 1.0.	""	""	""	""	bioRxiv:2024.04.26.591310 (10.1101/2024.04.26.591310)	CC0	2024-05-17	1381	none reported in score columns	complete	none	""	not computed at this scope	""	""				unknown	none	scores_not_downloaded_at_this_scope	false	candidate	""
urn:mavedb:00000762-a-1	CUX2	ENSG00000111249.16	mavedb_mapping	CUX2 CUT domain domainome 1.0	Stability measurements of the CUX2 CUT domain from domainome 1.0.	""	""	""	""	bioRxiv:2024.04.26.591310 (10.1101/2024.04.26.591310)	CC0	2024-05-17	1781	none reported in score columns	complete	none	""	not computed at this scope	""	""				unknown	none	scores_not_downloaded_at_this_scope	false	candidate	""
urn:mavedb:00000763-a-1	DBT	ENSG00000137992.17	mavedb_mapping	DBT Peripheral subunit-binding domain domainome 1.0	Stability measurements of the DBT Peripheral subunit-binding domain from domainome 1.0.	""	""	""	""	bioRxiv:2024.04.26.591310 (10.1101/2024.04.26.591310)	CC0	2024-05-17	881	none reported in score columns	complete	none	""	not computed at this scope	""	""				unknown	none	scores_not_downloaded_at_this_scope	false	candidate	""
urn:mavedb:00000764-a-1	DDHD2	ENSG00000085788.16	mavedb_mapping	DDHD2 Sterile alpha motif domain domainome 1.0	Stability measurements of the DDHD2 Sterile alpha motif domain from domainome 1.0.	""	""	""	""	bioRxiv:2024.04.26.591310 (10.1101/2024.04.26.591310)	CC0	2024-05-17	1181	none reported in score columns	complete	none	""	not computed at this scope	""	""				unknown	none	scores_not_downloaded_at_this_scope	false	candidate	""
urn:mavedb:00000765-a-1	DIDO1	ENSG00000101191.19	uniprot	DIDO1 Zinc finger, PHD-finger domain domainome 1.0	Stability measurements of the DIDO1 Zinc finger, PHD-finger domain from domainome 1.0.	""	""	""	""	bioRxiv:2024.04.26.591310 (10.1101/2024.04.26.591310)	CC0	2024-05-17	1181	none reported in score columns	complete	none	""	not computed at this scope	""	""				unknown	none	scores_not_downloaded_at_this_scope	false	candidate	""
urn:mavedb:00000766-a-1	DLG3	ENSG00000082458.14	mavedb_mapping	DLG3 PDZ domain domainome 1.0	Stability measurements of the DLG3 PDZ domain from domainome 1.0.	""	""	""	""	bioRxiv:2024.04.26.591310 (10.1101/2024.04.26.591310)	CC0	2024-05-17	1701	none reported in score columns	complete	none	""	not computed at this scope	""	""				unknown	none	scores_not_downloaded_at_this_scope	false	candidate	""
urn:mavedb:00000767-a-1	DLG3	ENSG00000082458.14	mavedb_mapping	DLG3 PDZ domain domainome 1.0	Stability measurements of the DLG3 PDZ domain from domainome 1.0.	""	""	""	""	bioRxiv:2024.04.26.591310 (10.1101/2024.04.26.591310)	CC0	2024-05-17	1821	none reported in score columns	complete	none	""	not computed at this scope	""	""				unknown	none	scores_not_downloaded_at_this_scope	false	candidate	""
urn:mavedb:00000768-a-1	DLG4	ENSG00000132535.23	mavedb_mapping	DLG4 PDZ domain domainome 1.0	Stability measurements of the DLG4 PDZ domain from domainome 1.0.	""	""	""	""	bioRxiv:2024.04.26.591310 (10.1101/2024.04.26.591310)	CC0	2024-05-17	1761	none reported in score columns	complete	none	""	not computed at this scope	""	""				unknown	none	scores_not_downloaded_at_this_scope	false	candidate	""
urn:mavedb:00000769-a-1	DLG4	ENSG00000132535.23	uniprot	DLG4 PDZ domain domainome 1.0	Stability measurements of the DLG4 PDZ domain from domainome 1.0.	""	""	""	""	bioRxiv:2024.04.26.591310 (10.1101/2024.04.26.591310)	CC0	2024-05-17	1881	none reported in score columns	failed	none	""	not computed at this scope	""	""				unknown	none	scores_not_downloaded_at_this_scope,genomic_mapping_failed	false	candidate	""
urn:mavedb:00000770-a-1	DLG4	ENSG00000132535.23	mavedb_mapping	DLG4 PDZ domain domainome 1.0	Stability measurements of the DLG4 PDZ domain from domainome 1.0.	""	""	""	""	bioRxiv:2024.04.26.591310 (10.1101/2024.04.26.591310)	CC0	2024-05-17	1801	none reported in score columns	complete	none	""	not computed at this scope	""	""				unknown	none	scores_not_downloaded_at_this_scope	false	candidate	""
urn:mavedb:00000771-a-1	DMBX1	ENSG00000197587.14	mavedb_mapping	DMBX1 Homeobox domain domainome 1.0	Stability measurements of the DMBX1 Homeobox domain from domainome 1.0.	""	""	""	""	bioRxiv:2024.04.26.591310 (10.1101/2024.04.26.591310)	CC0	2024-05-17	1121	none reported in score columns	complete	none	""	not computed at this scope	""	""				unknown	none	scores_not_downloaded_at_this_scope	false	candidate	""
urn:mavedb:00000772-a-1	DMTF1	ENSG00000135164.21	mavedb_mapping	DMTF1 SANT/Myb domain domainome 1.0	Stability measurements of the DMTF1 SANT/Myb domain from domainome 1.0.	""	""	""	""	bioRxiv:2024.04.26.591310 (10.1101/2024.04.26.591310)	CC0	2024-05-17	801	none reported in score columns	complete	none	""	not computed at this scope	""	""				unknown	none	scores_not_downloaded_at_this_scope	false	candidate	""
urn:mavedb:00000773-a-1	DNAJB11	ENSG00000090520.14	mavedb_mapping	DNAJB11 DnaJ domain domainome 1.0	Stability measurements of the DNAJB11 DnaJ domain from domainome 1.0.	""	""	""	""	bioRxiv:2024.04.26.591310 (10.1101/2024.04.26.591310)	CC0	2024-05-17	1261	none reported in score columns	complete	none	""	not computed at this scope	""	""				unknown	none	scores_not_downloaded_at_this_scope	false	candidate	""
urn:mavedb:00000774-a-1	DNAJB1	ENSG00000132002.11	mavedb_mapping	DNAJB1 DnaJ domain domainome 1.0	Stability measurements of the DNAJB1 DnaJ domain from domainome 1.0.	""	""	""	""	bioRxiv:2024.04.26.591310 (10.1101/2024.04.26.591310)	CC0	2024-05-17	1241	none reported in score columns	complete	none	""	not computed at this scope	""	""				unknown	none	scores_not_downloaded_at_this_scope	false	candidate	""
urn:mavedb:00000775-a-1	DNAJB5	ENSG00000137094.17	mavedb_mapping	DNAJB5 DnaJ domain domainome 1.0	Stability measurements of the DNAJB5 DnaJ domain from domainome 1.0.	""	""	""	""	bioRxiv:2024.04.26.591310 (10.1101/2024.04.26.591310)	CC0	2024-05-17	1241	none reported in score columns	complete	none	""	not computed at this scope	""	""				unknown	none	scores_not_downloaded_at_this_scope	false	candidate	""
urn:mavedb:00000776-a-1	DNAJB7	ENSG00000172404.5	mavedb_mapping	DNAJB7 DnaJ domain domainome 1.0	Stability measurements of the DNAJB7 DnaJ domain from domainome 1.0.	""	""	""	""	bioRxiv:2024.04.26.591310 (10.1101/2024.04.26.591310)	CC0	2024-05-17	1281	none reported in score columns	complete	none	""	not computed at this scope	""	""				unknown	none	scores_not_downloaded_at_this_scope	false	candidate	""
urn:mavedb:00000777-a-1	DNAJC1	ENSG00000136770.13	mavedb_mapping	DNAJC1 SANT/Myb domain domainome 1.0	Stability measurements of the DNAJC1 SANT/Myb domain from domainome 1.0.	""	""	""	""	bioRxiv:2024.04.26.591310 (10.1101/2024.04.26.591310)	CC0	2024-05-17	1021	none reported in score columns	complete	none	""	not computed at this scope	""	""				unknown	none	scores_not_downloaded_at_this_scope	false	candidate	""
urn:mavedb:00000778-a-1	DNAJC21	ENSG00000168724.20	mavedb_mapping	DNAJC21 Zinc finger, double-stranded RNA binding domain domainome 1.0	Stability measurements of the DNAJC21 Zinc finger, double-stranded RNA binding domain from domainome 1.0.	""	""	""	""	bioRxiv:2024.04.26.591310 (10.1101/2024.04.26.591310)	CC0	2024-05-17	501	none reported in score columns	complete	none	""	not computed at this scope	""	""				unknown	none	scores_not_downloaded_at_this_scope	false	candidate	""
urn:mavedb:00000779-a-1	DNAJC2	ENSG00000105821.17	mavedb_mapping	DNAJC2 SANT/Myb domain domainome 1.0	Stability measurements of the DNAJC2 SANT/Myb domain from domainome 1.0.	""	""	""	""	bioRxiv:2024.04.26.591310 (10.1101/2024.04.26.591310)	CC0	2024-05-17	1061	none reported in score columns	complete	none	""	not computed at this scope	""	""				unknown	none	scores_not_downloaded_at_this_scope	false	candidate	""
urn:mavedb:00000780-a-1	DNAJC5	ENSG00000101152.14	mavedb_mapping	DNAJC5 DnaJ domain domainome 1.0	Stability measurements of the DNAJC5 DnaJ domain from domainome 1.0.	""	""	""	""	bioRxiv:2024.04.26.591310 (10.1101/2024.04.26.591310)	CC0	2024-05-17	1241	none reported in score columns	complete	none	""	not computed at this scope	""	""				unknown	none	scores_not_downloaded_at_this_scope	false	candidate	""
urn:mavedb:00000781-a-1	DNAJC7	ENSG00000168259.19	mavedb_mapping	DNAJC7 DnaJ domain domainome 1.0	Stability measurements of the DNAJC7 DnaJ domain from domainome 1.0.	""	""	""	""	bioRxiv:2024.04.26.591310 (10.1101/2024.04.26.591310)	CC0	2024-05-17	1341	none reported in score columns	complete	none	""	not computed at this scope	""	""				unknown	none	scores_not_downloaded_at_this_scope	false	candidate	""
urn:mavedb:00000782-a-1	DNMBP	ENSG00000107554.19	uniprot	DNMBP SH3 domain domainome 1.0	Stability measurements of the DNMBP SH3 domain from domainome 1.0.	""	""	""	""	bioRxiv:2024.04.26.591310 (10.1101/2024.04.26.591310)	CC0	2024-05-17	1261	none reported in score columns	complete	none	""	not computed at this scope	""	""				unknown	none	scores_not_downloaded_at_this_scope	false	candidate	""
urn:mavedb:00000783-a-1	DNMBP	ENSG00000107554.19	mavedb_mapping	DNMBP SH3 domain domainome 1.0	Stability measurements of the DNMBP SH3 domain from domainome 1.0.	""	""	""	""	bioRxiv:2024.04.26.591310 (10.1101/2024.04.26.591310)	CC0	2024-05-17	1181	none reported in score columns	complete	none	""	not computed at this scope	""	""				unknown	none	scores_not_downloaded_at_this_scope	false	candidate	""
urn:mavedb:00000784-a-1	DNMBP	ENSG00000107554.19	uniprot	DNMBP SH3 domain domainome 1.0	Stability measurements of the DNMBP SH3 domain from domainome 1.0.	""	""	""	""	bioRxiv:2024.04.26.591310 (10.1101/2024.04.26.591310)	CC0	2024-05-17	1221	none reported in score columns	complete	none	""	not computed at this scope	""	""				unknown	none	scores_not_downloaded_at_this_scope	false	candidate	""
urn:mavedb:00000785-a-1	DNMBP	ENSG00000107554.19	uniprot	DNMBP SH3 domain domainome 1.0	Stability measurements of the DNMBP SH3 domain from domainome 1.0.	""	""	""	""	bioRxiv:2024.04.26.591310 (10.1101/2024.04.26.591310)	CC0	2024-05-17	1181	none reported in score columns	complete	none	""	not computed at this scope	""	""				unknown	none	scores_not_downloaded_at_this_scope	false	candidate	""
urn:mavedb:00000786-a-1	DPH3	ENSG00000154813.12	mavedb_mapping	DPH3 DPH-type metal-binding domain domainome 1.0	Stability measurements of the DPH3 DPH-type metal-binding domain from domainome 1.0.	""	""	""	""	bioRxiv:2024.04.26.591310 (10.1101/2024.04.26.591310)	CC0	2024-05-17	1101	none reported in score columns	complete	none	""	not computed at this scope	""	""				unknown	none	scores_not_downloaded_at_this_scope	false	candidate	""
urn:mavedb:00000787-a-1	DTNA	ENSG00000134769.25	mavedb_mapping	DTNA Zinc finger, ZZ-type domain domainome 1.0	Stability measurements of the DTNA Zinc finger, ZZ-type domain from domainome 1.0.	""	""	""	""	bioRxiv:2024.04.26.591310 (10.1101/2024.04.26.591310)	CC0	2024-05-17	1201	none reported in score columns	complete	none	""	not computed at this scope	""	""				unknown	none	scores_not_downloaded_at_this_scope	false	candidate	""
urn:mavedb:00000788-a-1	DVL1	ENSG00000107404.23	mavedb_mapping	DVL1 DIX domain domainome 1.0	Stability measurements of the DVL1 DIX domain from domainome 1.0.	""	""	""	""	bioRxiv:2024.04.26.591310 (10.1101/2024.04.26.591310)	CC0	2024-05-17	1561	none reported in score columns	complete	none	""	not computed at this scope	""	""				unknown	none	scores_not_downloaded_at_this_scope	false	candidate	""
urn:mavedb:00000789-a-1	DVL1	ENSG00000107404.23	mavedb_mapping	DVL1 PDZ domain domainome 1.0	Stability measurements of the DVL1 PDZ domain from domainome 1.0.	""	""	""	""	bioRxiv:2024.04.26.591310 (10.1101/2024.04.26.591310)	CC0	2024-05-17	1861	none reported in score columns	complete	none	""	not computed at this scope	""	""				unknown	none	scores_not_downloaded_at_this_scope	false	candidate	""
urn:mavedb:00000790-a-1	DVL3	ENSG00000161202.22	mavedb_mapping	DVL3 DIX domain domainome 1.0	Stability measurements of the DVL3 DIX domain from domainome 1.0.	""	""	""	""	bioRxiv:2024.04.26.591310 (10.1101/2024.04.26.591310)	CC0	2024-05-17	1601	none reported in score columns	complete	none	""	not computed at this scope	""	""				unknown	none	scores_not_downloaded_at_this_scope	false	candidate	""
urn:mavedb:00000791-a-1	ELF3	ENSG00000163435.17	mavedb_mapping	ELF3 Pointed domain domainome 1.0	Stability measurements of the ELF3 Pointed domain from domainome 1.0.	""	""	""	""	bioRxiv:2024.04.26.591310 (10.1101/2024.04.26.591310)	CC0	2024-05-17	1641	none reported in score columns	complete	none	""	not computed at this scope	""	""				unknown	none	scores_not_downloaded_at_this_scope	false	candidate	""
urn:mavedb:00000792-a-1	ELF5	ENSG00000135374.13	uniprot	ELF5 Pointed domain domainome 1.0	Stability measurements of the ELF5 Pointed domain from domainome 1.0.	""	""	""	""	bioRxiv:2024.04.26.591310 (10.1101/2024.04.26.591310)	CC0	2024-05-17	1661	none reported in score columns	failed	none	""	not computed at this scope	""	""				unknown	none	scores_not_downloaded_at_this_scope,genomic_mapping_failed	false	candidate	""
urn:mavedb:00000793-a-1	ELOF1	ENSG00000130165.13	mavedb_mapping	ELOF1 Transcription elongation factor 1 domainome 1.0	Stability measurements of the ELOF1 Transcription elongation factor 1 from domainome 1.0.	""	""	""	""	bioRxiv:2024.04.26.591310 (10.1101/2024.04.26.591310)	CC0	2024-05-17	1541	none reported in score columns	complete	none	""	not computed at this scope	""	""				unknown	none	scores_not_downloaded_at_this_scope	false	candidate	""
urn:mavedb:00000794-a-1	EP300	ENSG00000100393.18	uniprot	EP300 Coactivator CBP, KIX domain domainome 1.0	Stability measurements of the EP300 Coactivator CBP, KIX domain from domainome 1.0.	""	""	""	""	bioRxiv:2024.04.26.591310 (10.1101/2024.04.26.591310)	CC0	2024-05-17	1681	none reported in score columns	complete	none	""	not computed at this scope	""	""				unknown	none	scores_not_downloaded_at_this_scope	false	candidate	""
urn:mavedb:00000795-a-1	EPRS1	ENSG00000136628.20	uniprot	EPRS1 WHEP-TRS domain domainome 1.0	Stability measurements of the EPRS1 WHEP-TRS domain from domainome 1.0.	""	""	""	""	bioRxiv:2024.04.26.591310 (10.1101/2024.04.26.591310)	CC0	2024-05-17	1041	none reported in score columns	incomplete	none	""	not computed at this scope	""	""				unknown	none	scores_not_downloaded_at_this_scope,genomic_mapping_incomplete	false	candidate	""
urn:mavedb:00000796-a-1	EPS8	ENSG00000151491.16	mavedb_mapping	EPS8 SAM domain domainome 1.0	Stability measurements of the EPS8 SAM domain from domainome 1.0.	""	""	""	""	bioRxiv:2024.04.26.591310 (10.1101/2024.04.26.591310)	CC0	2024-05-17	1181	none reported in score columns	complete	none	""	not computed at this scope	""	""				unknown	none	scores_not_downloaded_at_this_scope	false	candidate	""
urn:mavedb:00000797-a-1	EPS8	ENSG00000151491.16	mavedb_mapping	EPS8 SH3 domain domainome 1.0	Stability measurements of the EPS8 SH3 domain from domainome 1.0.	""	""	""	""	bioRxiv:2024.04.26.591310 (10.1101/2024.04.26.591310)	CC0	2024-05-17	1161	none reported in score columns	complete	none	""	not computed at this scope	""	""				unknown	none	scores_not_downloaded_at_this_scope	false	candidate	""
urn:mavedb:00000798-a-1	ERBIN	ENSG00000112851.18	mavedb_mapping	ERBIN PDZ domain domainome 1.0	Stability measurements of the ERBIN PDZ domain from domainome 1.0.	""	""	""	""	bioRxiv:2024.04.26.591310 (10.1101/2024.04.26.591310)	CC0	2024-05-17	1801	none reported in score columns	complete	none	""	not computed at this scope	""	""				unknown	none	scores_not_downloaded_at_this_scope	false	candidate	""
urn:mavedb:00000799-a-1	ERG	ENSG00000157554.22	mavedb_mapping	ERG Pointed domain domainome 1.0	Stability measurements of the ERG Pointed domain from domainome 1.0.	""	""	""	""	bioRxiv:2024.04.26.591310 (10.1101/2024.04.26.591310)	CC0	2024-05-17	1621	none reported in score columns	complete	none	""	not computed at this scope	""	""				unknown	none	scores_not_downloaded_at_this_scope	false	candidate	""
urn:mavedb:00000800-a-1	ERI1	ENSG00000104626.17	uniprot	ERI1 SAP domain domainome 1.0	Stability measurements of the ERI1 SAP domain from domainome 1.0.	""	""	""	""	bioRxiv:2024.04.26.591310 (10.1101/2024.04.26.591310)	CC0	2024-05-17	1001	none reported in score columns	incomplete	none	""	not computed at this scope	""	""				unknown	none	scores_not_downloaded_at_this_scope,genomic_mapping_incomplete	false	candidate	""
urn:mavedb:00000801-a-1	ESRRB	ENSG00000119715.15	mavedb_mapping	ESRRB Zinc finger, nuclear hormone receptor-type domain domainome 1.0	Stability measurements of the ESRRB Zinc finger, nuclear hormone receptor-type domain from domainome 1.0.	""	""	""	""	bioRxiv:2024.04.26.591310 (10.1101/2024.04.26.591310)	CC0	2024-05-17	1541	none reported in score columns	complete	none	""	not computed at this scope	""	""				unknown	none	scores_not_downloaded_at_this_scope	false	candidate	""
urn:mavedb:00000802-a-1	ETS1	ENSG00000134954.16	mavedb_mapping	ETS1 Pointed domain domainome 1.0	Stability measurements of the ETS1 Pointed domain from domainome 1.0.	""	""	""	""	bioRxiv:2024.04.26.591310 (10.1101/2024.04.26.591310)	CC0	2024-05-17	1621	none reported in score columns	complete	none	""	not computed at this scope	""	""				unknown	none	scores_not_downloaded_at_this_scope	false	candidate	""
urn:mavedb:00000803-a-1	FADD	ENSG00000168040.7	mavedb_mapping	FADD Death effector domain domainome 1.0	Stability measurements of the FADD Death effector domain from domainome 1.0.	""	""	""	""	bioRxiv:2024.04.26.591310 (10.1101/2024.04.26.591310)	CC0	2024-05-17	1721	none reported in score columns	complete	none	""	not computed at this scope	""	""				unknown	none	scores_not_downloaded_at_this_scope	false	candidate	""
urn:mavedb:00000804-a-1	FANCL	ENSG00000115392.15	mavedb_mapping	FANCL FANCL C-terminal domain domainome 1.0	Stability measurements of the FANCL FANCL C-terminal domain from domainome 1.0.	""	""	""	""	bioRxiv:2024.04.26.591310 (10.1101/2024.04.26.591310)	CC0	2024-05-17	1341	none reported in score columns	complete	none	""	not computed at this scope	""	""				unknown	none	scores_not_downloaded_at_this_scope	false	candidate	""
urn:mavedb:00000805-a-1	FBXO11	ENSG00000138081.24	mavedb_mapping	FBXO11 Zinc finger, UBR-type domain domainome 1.0	Stability measurements of the FBXO11 Zinc finger, UBR-type domain from domainome 1.0.	""	""	""	""	bioRxiv:2024.04.26.591310 (10.1101/2024.04.26.591310)	CC0	2024-05-17	921	none reported in score columns	complete	none	""	not computed at this scope	""	""				unknown	none	scores_not_downloaded_at_this_scope	false	candidate	""
urn:mavedb:00000806-a-1	FBXO22	ENSG00000167196.16	mavedb_mapping	FBXO22 F-box domain domainome 1.0	Stability measurements of the FBXO22 F-box domain from domainome 1.0.	""	""	""	""	bioRxiv:2024.04.26.591310 (10.1101/2024.04.26.591310)	CC0	2024-05-17	801	none reported in score columns	complete	none	""	not computed at this scope	""	""				unknown	none	scores_not_downloaded_at_this_scope	false	candidate	""
urn:mavedb:00000807-a-1	FCHSD1	ENSG00000197948.13	mavedb_mapping	FCHSD1 SH3 domain domainome 1.0	Stability measurements of the FCHSD1 SH3 domain from domainome 1.0.	""	""	""	""	bioRxiv:2024.04.26.591310 (10.1101/2024.04.26.591310)	CC0	2024-05-17	1241	none reported in score columns	complete	none	""	not computed at this scope	""	""				unknown	none	scores_not_downloaded_at_this_scope	false	candidate	""
urn:mavedb:00000808-a-1	FEZF1	ENSG00000128610.14	mavedb_mapping	FEZF1 Zinc finger C2H2-type domain domainome 1.0	Stability measurements of the FEZF1 Zinc finger C2H2-type domain from domainome 1.0.	""	""	""	""	bioRxiv:2024.04.26.591310 (10.1101/2024.04.26.591310)	CC0	2024-05-17	441	none reported in score columns	complete	none	""	not computed at this scope	""	""				unknown	none	scores_not_downloaded_at_this_scope	false	candidate	""
urn:mavedb:00000809-a-1	FHL1	ENSG00000022267.21	mavedb_mapping	FHL1 Zinc finger, LIM-type domain domainome 1.0	Stability measurements of the FHL1 Zinc finger, LIM-type domain from domainome 1.0.	""	""	""	""	bioRxiv:2024.04.26.591310 (10.1101/2024.04.26.591310)	CC0	2024-05-17	1201	none reported in score columns	complete	none	""	not computed at this scope	""	""				unknown	none	scores_not_downloaded_at_this_scope	false	candidate	""
urn:mavedb:00000810-a-1	FHL1	ENSG00000022267.21	mavedb_mapping	FHL1 Zinc finger, LIM-type domain domainome 1.0	Stability measurements of the FHL1 Zinc finger, LIM-type domain from domainome 1.0.	""	""	""	""	bioRxiv:2024.04.26.591310 (10.1101/2024.04.26.591310)	CC0	2024-05-17	1121	none reported in score columns	complete	none	""	not computed at this scope	""	""				unknown	none	scores_not_downloaded_at_this_scope	false	candidate	""
urn:mavedb:00000811-a-1	FHL2	ENSG00000115641.21	mavedb_mapping	FHL2 Zinc finger, LIM-type domain domainome 1.0	Stability measurements of the FHL2 Zinc finger, LIM-type domain from domainome 1.0.	""	""	""	""	bioRxiv:2024.04.26.591310 (10.1101/2024.04.26.591310)	CC0	2024-05-17	1201	none reported in score columns	complete	none	""	not computed at this scope	""	""				unknown	none	scores_not_downloaded_at_this_scope	false	candidate	""
urn:mavedb:00000812-a-1	FLI1	ENSG00000151702.20	mavedb_mapping	FLI1 Pointed domain domainome 1.0	Stability measurements of the FLI1 Pointed domain from domainome 1.0.	""	""	""	""	bioRxiv:2024.04.26.591310 (10.1101/2024.04.26.591310)	CC0	2024-05-17	1641	none reported in score columns	complete	none	""	not computed at this scope	""	""				unknown	none	scores_not_downloaded_at_this_scope	false	candidate	""
urn:mavedb:00000813-a-1	FLNB	ENSG00000136068.18	uniprot	FLNB Filamin/ABP280 repeat-like domain domainome 1.0	Stability measurements of the FLNB Filamin/ABP280 repeat-like domain from domainome 1.0.	""	""	""	""	bioRxiv:2024.04.26.591310 (10.1101/2024.04.26.591310)	CC0	2024-05-17	1801	none reported in score columns	complete	none	""	not computed at this scope	""	""				unknown	none	scores_not_downloaded_at_this_scope	false	candidate	""
urn:mavedb:00000814-a-1	FLNB	ENSG00000136068.18	mavedb_mapping	FLNB Filamin/ABP280 repeat-like domain domainome 1.0	Stability measurements of the FLNB Filamin/ABP280 repeat-like domain from domainome 1.0.	""	""	""	""	bioRxiv:2024.04.26.591310 (10.1101/2024.04.26.591310)	CC0	2024-05-17	1561	none reported in score columns	complete	none	""	not computed at this scope	""	""				unknown	none	scores_not_downloaded_at_this_scope	false	candidate	""
urn:mavedb:00000815-a-1	FLNB	ENSG00000136068.18	mavedb_mapping	FLNB Filamin/ABP280 repeat-like domain domainome 1.0	Stability measurements of the FLNB Filamin/ABP280 repeat-like domain from domainome 1.0.	""	""	""	""	bioRxiv:2024.04.26.591310 (10.1101/2024.04.26.591310)	CC0	2024-05-17	1801	none reported in score columns	complete	none	""	not computed at this scope	""	""				unknown	none	scores_not_downloaded_at_this_scope	false	candidate	""
urn:mavedb:00000816-a-1	FMR1	ENSG00000102081.18	mavedb_mapping	FMR1 K Homology domain, type 1 domainome 1.0	Stability measurements of the FMR1 K Homology domain, type 1 from domainome 1.0.	""	""	""	""	bioRxiv:2024.04.26.591310 (10.1101/2024.04.26.591310)	CC0	2024-05-17	1321	none reported in score columns	complete	none	""	not computed at this scope	""	""				unknown	none	scores_not_downloaded_at_this_scope	false	candidate	""
urn:mavedb:00000817-a-1	FNBP4	ENSG00000109920.15	mavedb_mapping	FNBP4 WW domain domainome 1.0	Stability measurements of the FNBP4 WW domain from domainome 1.0.	""	""	""	""	bioRxiv:2024.04.26.591310 (10.1101/2024.04.26.591310)	CC0	2024-05-17	1241	none reported in score columns	complete	none	""	not computed at this scope	""	""				unknown	none	scores_not_downloaded_at_this_scope	false	candidate	""
urn:mavedb:00000818-a-1	FNBP4	ENSG00000109920.15	mavedb_mapping	FNBP4 WW domain domainome 1.0	Stability measurements of the FNBP4 WW domain from domainome 1.0.	""	""	""	""	bioRxiv:2024.04.26.591310 (10.1101/2024.04.26.591310)	CC0	2024-05-17	881	none reported in score columns	complete	none	""	not computed at this scope	""	""				unknown	none	scores_not_downloaded_at_this_scope	false	candidate	""
urn:mavedb:00000819-a-1	FRMPD4	ENSG00000169933.17	uniprot	FRMPD4 PDZ domain domainome 1.0	Stability measurements of the FRMPD4 PDZ domain from domainome 1.0.	""	""	""	""	bioRxiv:2024.04.26.591310 (10.1101/2024.04.26.591310)	CC0	2024-05-17	1601	none reported in score columns	complete	none	""	not computed at this scope	""	""				unknown	none	scores_not_downloaded_at_this_scope	false	candidate	""
urn:mavedb:00000820-a-1	FUBP1	ENSG00000162613.20	mavedb_mapping	FUBP1 K Homology domain, type 1 domainome 1.0	Stability measurements of the FUBP1 K Homology domain, type 1 from domainome 1.0.	""	""	""	""	bioRxiv:2024.04.26.591310 (10.1101/2024.04.26.591310)	CC0	2024-05-17	1481	none reported in score columns	complete	none	""	not computed at this scope	""	""				unknown	none	scores_not_downloaded_at_this_scope	false	candidate	""
urn:mavedb:00000821-a-1	FUBP1	ENSG00000162613.20	mavedb_mapping	FUBP1 K Homology domain, type 1 domainome 1.0	Stability measurements of the FUBP1 K Homology domain, type 1 from domainome 1.0.	""	""	""	""	bioRxiv:2024.04.26.591310 (10.1101/2024.04.26.591310)	CC0	2024-05-17	1441	none reported in score columns	complete	none	""	not computed at this scope	""	""				unknown	none	scores_not_downloaded_at_this_scope	false	candidate	""
urn:mavedb:00000822-a-1	FUBP3	ENSG00000107164.19	mavedb_mapping	FUBP3 K Homology domain, type 1 domainome 1.0	Stability measurements of the FUBP3 K Homology domain, type 1 from domainome 1.0.	""	""	""	""	bioRxiv:2024.04.26.591310 (10.1101/2024.04.26.591310)	CC0	2024-05-17	1521	none reported in score columns	complete	none	""	not computed at this scope	""	""				unknown	none	scores_not_downloaded_at_this_scope	false	candidate	""
urn:mavedb:00000823-a-1	FYN	ENSG00000010810.20	mavedb_mapping	FYN SH3 domain domainome 1.0	Stability measurements of the FYN SH3 domain from domainome 1.0.	""	""	""	""	bioRxiv:2024.04.26.591310 (10.1101/2024.04.26.591310)	CC0	2024-05-17	1221	none reported in score columns	complete	none	""	not computed at this scope	""	""				unknown	none	scores_not_downloaded_at_this_scope	false	candidate	""
urn:mavedb:00000824-a-1	GABPA	ENSG00000154727.13	mavedb_mapping	GABPA Pointed domain domainome 1.0	Stability measurements of the GABPA Pointed domain from domainome 1.0.	""	""	""	""	bioRxiv:2024.04.26.591310 (10.1101/2024.04.26.591310)	CC0	2024-05-17	1581	none reported in score columns	complete	none	""	not computed at this scope	""	""				unknown	none	scores_not_downloaded_at_this_scope	false	candidate	""
urn:mavedb:00000825-a-1	GAS2L1	ENSG00000185340.18	mavedb_mapping	GAS2L1 GAR domain domainome 1.0	Stability measurements of the GAS2L1 GAR domain from domainome 1.0.	""	""	""	""	bioRxiv:2024.04.26.591310 (10.1101/2024.04.26.591310)	CC0	2024-05-17	1361	none reported in score columns	complete	none	""	not computed at this scope	""	""				unknown	none	scores_not_downloaded_at_this_scope	false	candidate	""
urn:mavedb:00000826-a-1	GATAD2B	ENSG00000143614.13	mavedb_mapping	GATAD2B Zinc finger, GATA-type domain domainome 1.0	Stability measurements of the GATAD2B Zinc finger, GATA-type domain from domainome 1.0.	""	""	""	""	bioRxiv:2024.04.26.591310 (10.1101/2024.04.26.591310)	CC0	2024-05-17	821	none reported in score columns	complete	none	""	not computed at this scope	""	""				unknown	none	scores_not_downloaded_at_this_scope	false	candidate	""
urn:mavedb:00000827-a-1	GFI1B	ENSG00000165702.16	mavedb_mapping	GFI1B Zinc finger C2H2-type domain domainome 1.0	Stability measurements of the GFI1B Zinc finger C2H2-type domain from domainome 1.0.	""	""	""	""	bioRxiv:2024.04.26.591310 (10.1101/2024.04.26.591310)	CC0	2024-05-17	441	none reported in score columns	complete	none	""	not computed at this scope	""	""				unknown	none	scores_not_downloaded_at_this_scope	false	candidate	""
urn:mavedb:00000828-a-1	GFI1	ENSG00000162676.15	mavedb_mapping	GFI1 Zinc finger C2H2-type domain domainome 1.0	Stability measurements of the GFI1 Zinc finger C2H2-type domain from domainome 1.0.	""	""	""	""	bioRxiv:2024.04.26.591310 (10.1101/2024.04.26.591310)	CC0	2024-05-17	461	none reported in score columns	complete	none	""	not computed at this scope	""	""				unknown	none	scores_not_downloaded_at_this_scope	false	candidate	""
urn:mavedb:00000829-a-1	GFI1	ENSG00000162676.15	mavedb_mapping	GFI1 Zinc finger C2H2-type domain domainome 1.0	Stability measurements of the GFI1 Zinc finger C2H2-type domain from domainome 1.0.	""	""	""	""	bioRxiv:2024.04.26.591310 (10.1101/2024.04.26.591310)	CC0	2024-05-17	441	none reported in score columns	complete	none	""	not computed at this scope	""	""				unknown	none	scores_not_downloaded_at_this_scope	false	candidate	""
urn:mavedb:00000830-a-1	GLI1	ENSG00000111087.12	mavedb_mapping	GLI1 Zinc finger C2H2-type domain domainome 1.0	Stability measurements of the GLI1 Zinc finger C2H2-type domain from domainome 1.0.	""	""	""	""	bioRxiv:2024.04.26.591310 (10.1101/2024.04.26.591310)	CC0	2024-05-17	501	none reported in score columns	complete	none	""	not computed at this scope	""	""				unknown	none	scores_not_downloaded_at_this_scope	false	candidate	""
urn:mavedb:00000831-a-1	GLI2	ENSG00000074047.23	uniprot	GLI2 Zinc finger C2H2-type domain domainome 1.0	Stability measurements of the GLI2 Zinc finger C2H2-type domain from domainome 1.0.	""	""	""	""	bioRxiv:2024.04.26.591310 (10.1101/2024.04.26.591310)	CC0	2024-05-17	501	none reported in score columns	complete	none	""	not computed at this scope	""	""				unknown	none	scores_not_downloaded_at_this_scope	false	candidate	""
urn:mavedb:00000832-a-1	GLI3	ENSG00000106571.17	mavedb_mapping	GLI3 Zinc finger C2H2-type domain domainome 1.0	Stability measurements of the GLI3 Zinc finger C2H2-type domain from domainome 1.0.	""	""	""	""	bioRxiv:2024.04.26.591310 (10.1101/2024.04.26.591310)	CC0	2024-05-17	501	none reported in score columns	complete	none	""	not computed at this scope	""	""				unknown	none	scores_not_downloaded_at_this_scope	false	candidate	""
urn:mavedb:00000833-a-1	GLIS3	ENSG00000107249.25	mavedb_mapping	GLIS3 Zinc finger C2H2-type domain domainome 1.0	Stability measurements of the GLIS3 Zinc finger C2H2-type domain from domainome 1.0.	""	""	""	""	bioRxiv:2024.04.26.591310 (10.1101/2024.04.26.591310)	CC0	2024-05-17	481	none reported in score columns	complete	none	""	not computed at this scope	""	""				unknown	none	scores_not_downloaded_at_this_scope	false	candidate	""
urn:mavedb:00000834-a-1	GLIS3	ENSG00000107249.25	mavedb_mapping	GLIS3 Zinc finger C2H2-type domain domainome 1.0	Stability measurements of the GLIS3 Zinc finger C2H2-type domain from domainome 1.0.	""	""	""	""	bioRxiv:2024.04.26.591310 (10.1101/2024.04.26.591310)	CC0	2024-05-17	461	none reported in score columns	complete	none	""	not computed at this scope	""	""				unknown	none	scores_not_downloaded_at_this_scope	false	candidate	""
urn:mavedb:00000835-a-1	GRB2	ENSG00000177885.17	mavedb_mapping	GRB2 SH3 domain domainome 1.0	Stability measurements of the GRB2 SH3 domain from domainome 1.0.	""	""	""	""	bioRxiv:2024.04.26.591310 (10.1101/2024.04.26.591310)	CC0	2024-05-17	1121	none reported in score columns	complete	none	""	not computed at this scope	""	""				unknown	none	scores_not_downloaded_at_this_scope	false	candidate	""
urn:mavedb:00000836-a-1	GRIP1	ENSG00000155974.15	mavedb_mapping	GRIP1 PDZ domain domainome 1.0	Stability measurements of the GRIP1 PDZ domain from domainome 1.0.	""	""	""	""	bioRxiv:2024.04.26.591310 (10.1101/2024.04.26.591310)	CC0	2024-05-17	1821	none reported in score columns	complete	none	""	not computed at this scope	""	""				unknown	none	scores_not_downloaded_at_this_scope	false	candidate	""
urn:mavedb:00000837-a-1	GRLF1		uniprot	GRLF1 FF domain domainome 1.0	Stability measurements of the GRLF1 FF domain from domainome 1.0.	""	""	""	""	bioRxiv:2024.04.26.591310 (10.1101/2024.04.26.591310)	CC0	2024-05-17	1261	none reported in score columns	complete	none	""	not computed at this scope	""	""				n/a	n/a	""	false	excluded	gene_not_in_mane_select (GRLF1)
urn:mavedb:00000838-a-1	GSC	ENSG00000133937.6	mavedb_mapping	GSC Homeobox domain domainome 1.0	Stability measurements of the GSC Homeobox domain from domainome 1.0.	""	""	""	""	bioRxiv:2024.04.26.591310 (10.1101/2024.04.26.591310)	CC0	2024-05-17	1121	none reported in score columns	complete	none	""	not computed at this scope	""	""				unknown	none	scores_not_downloaded_at_this_scope	false	candidate	""
urn:mavedb:00000839-a-1	GSX2	ENSG00000180613.11	mavedb_mapping	GSX2 Homeobox domain domainome 1.0	Stability measurements of the GSX2 Homeobox domain from domainome 1.0.	""	""	""	""	bioRxiv:2024.04.26.591310 (10.1101/2024.04.26.591310)	CC0	2024-05-17	1121	none reported in score columns	complete	none	""	not computed at this scope	""	""				unknown	none	scores_not_downloaded_at_this_scope	false	candidate	""
urn:mavedb:00000840-a-1	GTF2F2	ENSG00000188342.15	mavedb_mapping	GTF2F2 TFIIF beta subunit, HTH domain domainome 1.0	Stability measurements of the GTF2F2 TFIIF beta subunit, HTH domain from domainome 1.0.	""	""	""	""	bioRxiv:2024.04.26.591310 (10.1101/2024.04.26.591310)	CC0	2024-05-17	1281	none reported in score columns	complete	none	""	not computed at this scope	""	""				unknown	none	scores_not_downloaded_at_this_scope	false	candidate	""
urn:mavedb:00000841-a-1	H1-6	ENSG00000187475.6	uniprot	H1-6 Linker histone H1/H5, domain H15 domainome 1.0	Stability measurements of the H1-6 Linker histone H1/H5, domain H15 from domainome 1.0.	""	""	""	""	bioRxiv:2024.04.26.591310 (10.1101/2024.04.26.591310)	CC0	2024-05-17	1381	none reported in score columns	incomplete	none	""	not computed at this scope	""	""				unknown	none	scores_not_downloaded_at_this_scope,genomic_mapping_incomplete	false	candidate	""
urn:mavedb:00000842-a-1	HARS1	ENSG00000170445.18	uniprot	HARS1 WHEP-TRS domain domainome 1.0	Stability measurements of the HARS1 WHEP-TRS domain from domainome 1.0.	""	""	""	""	bioRxiv:2024.04.26.591310 (10.1101/2024.04.26.591310)	CC0	2024-05-17	761	none reported in score columns	incomplete	none	""	not computed at this scope	""	""				unknown	none	scores_not_downloaded_at_this_scope,genomic_mapping_incomplete	false	candidate	""
urn:mavedb:00000843-a-1	HCK	ENSG00000101336.19	mavedb_mapping	HCK SH3 domain domainome 1.0	Stability measurements of the HCK SH3 domain from domainome 1.0.	""	""	""	""	bioRxiv:2024.04.26.591310 (10.1101/2024.04.26.591310)	CC0	2024-05-17	1161	none reported in score columns	complete	none	""	not computed at this scope	""	""				unknown	none	scores_not_downloaded_at_this_scope	false	candidate	""
urn:mavedb:00000844-a-1	HECTD1	ENSG00000092148.16	mavedb_mapping	HECTD1 FKBP3, basic tilted helix bundle domain domainome 1.0	Stability measurements of the HECTD1 FKBP3, basic tilted helix bundle domain from domainome 1.0.	""	""	""	""	bioRxiv:2024.04.26.591310 (10.1101/2024.04.26.591310)	CC0	2024-05-17	1361	none reported in score columns	complete	none	""	not computed at this scope	""	""				unknown	none	scores_not_downloaded_at_this_scope	false	candidate	""
urn:mavedb:00000845-a-1	HECW2	ENSG00000138411.15	mavedb_mapping	HECW2 WW domain domainome 1.0	Stability measurements of the HECW2 WW domain from domainome 1.0.	""	""	""	""	bioRxiv:2024.04.26.591310 (10.1101/2024.04.26.591310)	CC0	2024-05-17	901	none reported in score columns	complete	none	""	not computed at this scope	""	""				unknown	none	scores_not_downloaded_at_this_scope	false	candidate	""
urn:mavedb:00000846-a-1	HERC2	ENSG00000128731.19	uniprot	HERC2 CPH domain domainome 1.0	Stability measurements of the HERC2 CPH domain from domainome 1.0.	""	""	""	""	bioRxiv:2024.04.26.591310 (10.1101/2024.04.26.591310)	CC0	2024-05-17	1521	none reported in score columns	complete	none	""	not computed at this scope	""	""				unknown	none	scores_not_downloaded_at_this_scope	false	candidate	""
urn:mavedb:00000847-a-1	HESX1	ENSG00000163666.12	mavedb_mapping	HESX1 Homeobox domain domainome 1.0	Stability measurements of the HESX1 Homeobox domain from domainome 1.0.	""	""	""	""	bioRxiv:2024.04.26.591310 (10.1101/2024.04.26.591310)	CC0	2024-05-17	1121	none reported in score columns	complete	none	""	not computed at this scope	""	""				unknown	none	scores_not_downloaded_at_this_scope	false	candidate	""
urn:mavedb:00000848-a-1	HMG20A	ENSG00000140382.17	mavedb_mapping	HMG20A High mobility group box domain domainome 1.0	Stability measurements of the HMG20A High mobility group box domain from domainome 1.0.	""	""	""	""	bioRxiv:2024.04.26.591310 (10.1101/2024.04.26.591310)	CC0	2024-05-17	1341	none reported in score columns	complete	none	""	not computed at this scope	""	""				unknown	none	scores_not_downloaded_at_this_scope	false	candidate	""
urn:mavedb:00000849-a-1	HNRNPK	ENSG00000165119.25	mavedb_mapping	HNRNPK K Homology domain, type 1 domainome 1.0	Stability measurements of the HNRNPK K Homology domain, type 1 from domainome 1.0.	""	""	""	""	bioRxiv:2024.04.26.591310 (10.1101/2024.04.26.591310)	CC0	2024-05-17	1481	none reported in score columns	complete	none	""	not computed at this scope	""	""				unknown	none	scores_not_downloaded_at_this_scope	false	candidate	""
urn:mavedb:00000850-a-1	HNRNPUL1	ENSG00000105323.20	mavedb_mapping	HNRNPUL1 SAP domain domainome 1.0	Stability measurements of the HNRNPUL1 SAP domain from domainome 1.0.	""	""	""	""	bioRxiv:2024.04.26.591310 (10.1101/2024.04.26.591310)	CC0	2024-05-17	841	none reported in score columns	complete	none	""	not computed at this scope	""	""				unknown	none	scores_not_downloaded_at_this_scope	false	candidate	""
urn:mavedb:00000851-a-1	HNRNPUL2	ENSG00000214753.6	mavedb_mapping	HNRNPUL2 SAP domain domainome 1.0	Stability measurements of the HNRNPUL2 SAP domain from domainome 1.0.	""	""	""	""	bioRxiv:2024.04.26.591310 (10.1101/2024.04.26.591310)	CC0	2024-05-17	801	none reported in score columns	complete	none	""	not computed at this scope	""	""				unknown	none	scores_not_downloaded_at_this_scope	false	candidate	""
urn:mavedb:00000852-a-1	HNRNPU	ENSG00000153187.23	mavedb_mapping	HNRNPU SAP domain domainome 1.0	Stability measurements of the HNRNPU SAP domain from domainome 1.0.	""	""	""	""	bioRxiv:2024.04.26.591310 (10.1101/2024.04.26.591310)	CC0	2024-05-17	821	none reported in score columns	complete	none	""	not computed at this scope	""	""				unknown	none	scores_not_downloaded_at_this_scope	false	candidate	""
urn:mavedb:00000853-a-1	HOXB1	ENSG00000120094.9	mavedb_mapping	HOXB1 Homeobox domain domainome 1.0	Stability measurements of the HOXB1 Homeobox domain from domainome 1.0.	""	""	""	""	bioRxiv:2024.04.26.591310 (10.1101/2024.04.26.591310)	CC0	2024-05-17	1061	none reported in score columns	complete	none	""	not computed at this scope	""	""				unknown	none	scores_not_downloaded_at_this_scope	false	candidate	""
urn:mavedb:00000854-a-1	HUWE1	ENSG00000086758.19	uniprot	HUWE1 Ubiquitin-associated domain domainome 1.0	Stability measurements of the HUWE1 Ubiquitin-associated domain from domainome 1.0.	""	""	""	""	bioRxiv:2024.04.26.591310 (10.1101/2024.04.26.591310)	CC0	2024-05-17	821	none reported in score columns	complete	none	""	not computed at this scope	""	""				unknown	none	scores_not_downloaded_at_this_scope	false	candidate	""
urn:mavedb:00000855-a-1	INTS12	ENSG00000138785.18	mavedb_mapping	INTS12 Zinc finger, PHD-finger domain domainome 1.0	Stability measurements of the INTS12 Zinc finger, PHD-finger domain from domainome 1.0.	""	""	""	""	bioRxiv:2024.04.26.591310 (10.1101/2024.04.26.591310)	CC0	2024-05-17	1181	none reported in score columns	complete	none	""	not computed at this scope	""	""				unknown	none	scores_not_downloaded_at_this_scope	false	candidate	""
urn:mavedb:00000856-a-1	ITCH	ENSG00000078747.19	mavedb_mapping	ITCH WW domain domainome 1.0	Stability measurements of the ITCH WW domain from domainome 1.0.	""	""	""	""	bioRxiv:2024.04.26.591310 (10.1101/2024.04.26.591310)	CC0	2024-05-17	1001	none reported in score columns	complete	none	""	not computed at this scope	""	""				unknown	none	scores_not_downloaded_at_this_scope	false	candidate	""
urn:mavedb:00000857-a-1	ITCH	ENSG00000078747.19	mavedb_mapping	ITCH WW domain domainome 1.0	Stability measurements of the ITCH WW domain from domainome 1.0.	""	""	""	""	bioRxiv:2024.04.26.591310 (10.1101/2024.04.26.591310)	CC0	2024-05-17	1081	none reported in score columns	complete	none	""	not computed at this scope	""	""				unknown	none	scores_not_downloaded_at_this_scope	false	candidate	""
urn:mavedb:00000858-a-1	ITK	ENSG00000113263.16	mavedb_mapping	ITK SH3 domain domainome 1.0	Stability measurements of the ITK SH3 domain from domainome 1.0.	""	""	""	""	bioRxiv:2024.04.26.591310 (10.1101/2024.04.26.591310)	CC0	2024-05-17	1181	none reported in score columns	complete	none	""	not computed at this scope	""	""				unknown	none	scores_not_downloaded_at_this_scope	false	candidate	""
urn:mavedb:00000859-a-1	ITSN1	ENSG00000205726.17	mavedb_mapping	ITSN1 SH3 domain domainome 1.0	Stability measurements of the ITSN1 SH3 domain from domainome 1.0.	""	""	""	""	bioRxiv:2024.04.26.591310 (10.1101/2024.04.26.591310)	CC0	2024-05-17	1141	none reported in score columns	complete	none	""	not computed at this scope	""	""				unknown	none	scores_not_downloaded_at_this_scope	false	candidate	""
urn:mavedb:00000860-a-1	ITSN1	ENSG00000205726.17	mavedb_mapping	ITSN1 SH3 domain domainome 1.0	Stability measurements of the ITSN1 SH3 domain from domainome 1.0.	""	""	""	""	bioRxiv:2024.04.26.591310 (10.1101/2024.04.26.591310)	CC0	2024-05-17	1261	none reported in score columns	complete	none	""	not computed at this scope	""	""				unknown	none	scores_not_downloaded_at_this_scope	false	candidate	""
urn:mavedb:00000861-a-1	ITSN1	ENSG00000205726.17	mavedb_mapping	ITSN1 SH3 domain domainome 1.0	Stability measurements of the ITSN1 SH3 domain from domainome 1.0.	""	""	""	""	bioRxiv:2024.04.26.591310 (10.1101/2024.04.26.591310)	CC0	2024-05-17	1141	none reported in score columns	complete	none	""	not computed at this scope	""	""				unknown	none	scores_not_downloaded_at_this_scope	false	candidate	""
urn:mavedb:00000862-a-1	ITSN1	ENSG00000205726.17	mavedb_mapping	ITSN1 SH3 domain domainome 1.0	Stability measurements of the ITSN1 SH3 domain from domainome 1.0.	""	""	""	""	bioRxiv:2024.04.26.591310 (10.1101/2024.04.26.591310)	CC0	2024-05-17	1161	none reported in score columns	complete	none	""	not computed at this scope	""	""				unknown	none	scores_not_downloaded_at_this_scope	false	candidate	""
urn:mavedb:00000863-a-1	ITSN2	ENSG00000198399.18	mavedb_mapping	ITSN2 SH3 domain domainome 1.0	Stability measurements of the ITSN2 SH3 domain from domainome 1.0.	""	""	""	""	bioRxiv:2024.04.26.591310 (10.1101/2024.04.26.591310)	CC0	2024-05-17	1101	none reported in score columns	complete	none	""	not computed at this scope	""	""				unknown	none	scores_not_downloaded_at_this_scope	false	candidate	""
urn:mavedb:00000864-a-1	KANSL2	ENSG00000139620.15	mavedb_mapping	KANSL2 Potential DNA-binding domain domainome 1.0	Stability measurements of the KANSL2 Potential DNA-binding domain from domainome 1.0.	""	""	""	""	bioRxiv:2024.04.26.591310 (10.1101/2024.04.26.591310)	CC0	2024-05-17	1281	none reported in score columns	complete	none	""	not computed at this scope	""	""				unknown	none	scores_not_downloaded_at_this_scope	false	candidate	""
urn:mavedb:00000865-a-1	KCMF1	ENSG00000176407.20	mavedb_mapping	KCMF1 Drought induced 19 protein type, zinc-binding domain domainome 1.0	Stability measurements of the KCMF1 Drought induced 19 protein type, zinc-binding domain from domainome 1.0.	""	""	""	""	bioRxiv:2024.04.26.591310 (10.1101/2024.04.26.591310)	CC0	2024-05-17	1241	none reported in score columns	complete	none	""	not computed at this scope	""	""				unknown	none	scores_not_downloaded_at_this_scope	false	candidate	""
urn:mavedb:00000866-a-1	KDM1A	ENSG00000004487.20	mavedb_mapping	KDM1A SWIRM domain domainome 1.0	Stability measurements of the KDM1A SWIRM domain from domainome 1.0.	""	""	""	""	bioRxiv:2024.04.26.591310 (10.1101/2024.04.26.591310)	CC0	2024-05-17	1581	none reported in score columns	complete	none	""	not computed at this scope	""	""				unknown	none	scores_not_downloaded_at_this_scope	false	candidate	""
urn:mavedb:00000867-a-1	KDM1B	ENSG00000165097.18	mavedb_mapping	KDM1B Zinc finger, CW-type domain domainome 1.0	Stability measurements of the KDM1B Zinc finger, CW-type domain from domainome 1.0.	""	""	""	""	bioRxiv:2024.04.26.591310 (10.1101/2024.04.26.591310)	CC0	2024-05-17	1041	none reported in score columns	complete	none	""	not computed at this scope	""	""				unknown	none	scores_not_downloaded_at_this_scope	false	candidate	""
urn:mavedb:00000868-a-1	KDM2B	ENSG00000089094.22	mavedb_mapping	KDM2B Zinc finger, PHD-finger domain domainome 1.0	Stability measurements of the KDM2B Zinc finger, PHD-finger domain from domainome 1.0.	""	""	""	""	bioRxiv:2024.04.26.591310 (10.1101/2024.04.26.591310)	CC0	2024-05-17	1341	none reported in score columns	complete	none	""	not computed at this scope	""	""				unknown	none	scores_not_downloaded_at_this_scope	false	candidate	""
urn:mavedb:00000869-a-1	KDM5C	ENSG00000126012.16	uniprot	KDM5C Zinc finger, PHD-finger domain domainome 1.0	Stability measurements of the KDM5C Zinc finger, PHD-finger domain from domainome 1.0.	""	""	""	""	bioRxiv:2024.04.26.591310 (10.1101/2024.04.26.591310)	CC0	2024-05-17	1101	none reported in score columns	complete	none	""	not computed at this scope	""	""				unknown	none	scores_not_downloaded_at_this_scope	false	candidate	""
urn:mavedb:00000870-a-1	KHSRP	ENSG00000088247.20	mavedb_mapping	KHSRP K Homology domain, type 1 domainome 1.0	Stability measurements of the KHSRP K Homology domain, type 1 from domainome 1.0.	""	""	""	""	bioRxiv:2024.04.26.591310 (10.1101/2024.04.26.591310)	CC0	2024-05-17	1461	none reported in score columns	complete	none	""	not computed at this scope	""	""				unknown	none	scores_not_downloaded_at_this_scope	false	candidate	""
urn:mavedb:00000871-a-1	KIF16B	ENSG00000089177.22	mavedb_mapping	KIF16B Phox homology domain domainome 1.0	Stability measurements of the KIF16B Phox homology domain from domainome 1.0.	""	""	""	""	bioRxiv:2024.04.26.591310 (10.1101/2024.04.26.591310)	CC0	2024-05-17	1221	none reported in score columns	complete	none	""	not computed at this scope	""	""				unknown	none	scores_not_downloaded_at_this_scope	false	candidate	""
urn:mavedb:00000872-a-1	KLF11	ENSG00000172059.13	mavedb_mapping	KLF11 Zinc finger C2H2-type domain domainome 1.0	Stability measurements of the KLF11 Zinc finger C2H2-type domain from domainome 1.0.	""	""	""	""	bioRxiv:2024.04.26.591310 (10.1101/2024.04.26.591310)	CC0	2024-05-17	481	none reported in score columns	complete	none	""	not computed at this scope	""	""				unknown	none	scores_not_downloaded_at_this_scope	false	candidate	""
urn:mavedb:00000873-a-1	KMT2A	ENSG00000118058.26	uniprot	KMT2A Zinc finger, CXXC-type domain domainome 1.0	Stability measurements of the KMT2A Zinc finger, CXXC-type domain from domainome 1.0.	""	""	""	""	bioRxiv:2024.04.26.591310 (10.1101/2024.04.26.591310)	CC0	2024-05-17	941	none reported in score columns	complete	none	""	not computed at this scope	""	""				unknown	none	scores_not_downloaded_at_this_scope	false	candidate	""
urn:mavedb:00000874-a-1	LATS1	ENSG00000131023.15	uniprot	LATS1 Ubiquitin-associated domain domainome 1.0	Stability measurements of the LATS1 Ubiquitin-associated domain from domainome 1.0.	""	""	""	""	bioRxiv:2024.04.26.591310 (10.1101/2024.04.26.591310)	CC0	2024-05-17	881	none reported in score columns	incomplete	none	""	not computed at this scope	""	""				unknown	none	scores_not_downloaded_at_this_scope,genomic_mapping_incomplete	false	candidate	""
urn:mavedb:00000875-a-1	LCK	ENSG00000182866.20	mavedb_mapping	LCK SH3 domain domainome 1.0	Stability measurements of the LCK SH3 domain from domainome 1.0.	""	""	""	""	bioRxiv:2024.04.26.591310 (10.1101/2024.04.26.591310)	CC0	2024-05-17	1161	none reported in score columns	complete	none	""	not computed at this scope	""	""				unknown	none	scores_not_downloaded_at_this_scope	false	candidate	""
urn:mavedb:00000876-a-1	LCOR	ENSG00000196233.16	mavedb_mapping	LCOR DNA binding HTH domain, Psq-type domainome 1.0	Stability measurements of the LCOR DNA binding HTH domain, Psq-type from domainome 1.0.	""	""	""	""	bioRxiv:2024.04.26.591310 (10.1101/2024.04.26.591310)	CC0	2024-05-17	841	none reported in score columns	complete	none	""	not computed at this scope	""	""				unknown	none	scores_not_downloaded_at_this_scope	false	candidate	""
urn:mavedb:00000877-a-1	LCP1	ENSG00000136167.17	mavedb_mapping	LCP1 EF-hand domain domainome 1.0	Stability measurements of the LCP1 EF-hand domain from domainome 1.0.	""	""	""	""	bioRxiv:2024.04.26.591310 (10.1101/2024.04.26.591310)	CC0	2024-05-17	1681	none reported in score columns	complete	none	""	not computed at this scope	""	""				unknown	none	scores_not_downloaded_at_this_scope	false	candidate	""
urn:mavedb:00000878-a-1	LDB3	ENSG00000122367.23	mavedb_mapping	LDB3 PDZ domain domainome 1.0	Stability measurements of the LDB3 PDZ domain from domainome 1.0.	""	""	""	""	bioRxiv:2024.04.26.591310 (10.1101/2024.04.26.591310)	CC0	2024-05-17	1661	none reported in score columns	complete	none	""	not computed at this scope	""	""				unknown	none	scores_not_downloaded_at_this_scope	false	candidate	""
urn:mavedb:00000879-a-1	LIMS2	ENSG00000072163.22	mavedb_mapping	LIMS2 Zinc finger, LIM-type domain domainome 1.0	Stability measurements of the LIMS2 Zinc finger, LIM-type domain from domainome 1.0.	""	""	""	""	bioRxiv:2024.04.26.591310 (10.1101/2024.04.26.591310)	CC0	2024-05-17	1181	none reported in score columns	complete	none	""	not computed at this scope	""	""				unknown	none	scores_not_downloaded_at_this_scope	false	candidate	""
urn:mavedb:00000880-a-1	LSM14A	ENSG00000257103.11	mavedb_mapping	LSM14A Lsm14-like, N-terminal domain domainome 1.0	Stability measurements of the LSM14A Lsm14-like, N-terminal domain from domainome 1.0.	""	""	""	""	bioRxiv:2024.04.26.591310 (10.1101/2024.04.26.591310)	CC0	2024-05-17	1461	none reported in score columns	complete	none	""	not computed at this scope	""	""				unknown	none	scores_not_downloaded_at_this_scope	false	candidate	""
urn:mavedb:00000881-a-1	MAEL	ENSG00000143194.14	mavedb_mapping	MAEL High mobility group box domain domainome 1.0	Stability measurements of the MAEL High mobility group box domain from domainome 1.0.	""	""	""	""	bioRxiv:2024.04.26.591310 (10.1101/2024.04.26.591310)	CC0	2024-05-17	1381	none reported in score columns	complete	none	""	not computed at this scope	""	""				unknown	none	scores_not_downloaded_at_this_scope	false	candidate	""
urn:mavedb:00000882-a-1	MAGI1	ENSG00000151276.25	mavedb_mapping	MAGI1 WW domain domainome 1.0	Stability measurements of the MAGI1 WW domain from domainome 1.0.	""	""	""	""	bioRxiv:2024.04.26.591310 (10.1101/2024.04.26.591310)	CC0	2024-05-17	921	none reported in score columns	complete	none	""	not computed at this scope	""	""				unknown	none	scores_not_downloaded_at_this_scope	false	candidate	""
urn:mavedb:00000883-a-1	MAGI1	ENSG00000151276.25	mavedb_mapping	MAGI1 WW domain domainome 1.0	Stability measurements of the MAGI1 WW domain from domainome 1.0.	""	""	""	""	bioRxiv:2024.04.26.591310 (10.1101/2024.04.26.591310)	CC0	2024-05-17	1001	none reported in score columns	complete	none	""	not computed at this scope	""	""				unknown	none	scores_not_downloaded_at_this_scope	false	candidate	""
urn:mavedb:00000884-a-1	MAGI2	ENSG00000187391.24	mavedb_mapping	MAGI2 PDZ domain domainome 1.0	Stability measurements of the MAGI2 PDZ domain from domainome 1.0.	""	""	""	""	bioRxiv:2024.04.26.591310 (10.1101/2024.04.26.591310)	CC0	2024-05-17	1761	none reported in score columns	complete	none	""	not computed at this scope	""	""				unknown	none	scores_not_downloaded_at_this_scope	false	candidate	""
urn:mavedb:00000885-a-1	MAGI2	ENSG00000187391.24	mavedb_mapping	MAGI2 PDZ domain domainome 1.0	Stability measurements of the MAGI2 PDZ domain from domainome 1.0.	""	""	""	""	bioRxiv:2024.04.26.591310 (10.1101/2024.04.26.591310)	CC0	2024-05-17	1681	none reported in score columns	complete	none	""	not computed at this scope	""	""				unknown	none	scores_not_downloaded_at_this_scope	false	candidate	""
urn:mavedb:00000886-a-1	MAGI2	ENSG00000187391.24	mavedb_mapping	MAGI2 PDZ domain domainome 1.0	Stability measurements of the MAGI2 PDZ domain from domainome 1.0.	""	""	""	""	bioRxiv:2024.04.26.591310 (10.1101/2024.04.26.591310)	CC0	2024-05-17	1641	none reported in score columns	complete	none	""	not computed at this scope	""	""				unknown	none	scores_not_downloaded_at_this_scope	false	candidate	""
urn:mavedb:00000887-a-1	MAGI2	ENSG00000187391.24	mavedb_mapping	MAGI2 WW domain domainome 1.0	Stability measurements of the MAGI2 WW domain from domainome 1.0.	""	""	""	""	bioRxiv:2024.04.26.591310 (10.1101/2024.04.26.591310)	CC0	2024-05-17	901	none reported in score columns	complete	none	""	not computed at this scope	""	""				unknown	none	scores_not_downloaded_at_this_scope	false	candidate	""
urn:mavedb:00000888-a-1	MAGI3	ENSG00000081026.21	mavedb_mapping	MAGI3 WW domain domainome 1.0	Stability measurements of the MAGI3 WW domain from domainome 1.0.	""	""	""	""	bioRxiv:2024.04.26.591310 (10.1101/2024.04.26.591310)	CC0	2024-05-17	861	none reported in score columns	complete	none	""	not computed at this scope	""	""				unknown	none	scores_not_downloaded_at_this_scope	false	candidate	""
urn:mavedb:00000889-a-1	MAMSTR	ENSG00000176909.14	mavedb_mapping	MAMSTR SAP domain domainome 1.0	Stability measurements of the MAMSTR SAP domain from domainome 1.0.	""	""	""	""	bioRxiv:2024.04.26.591310 (10.1101/2024.04.26.591310)	CC0	2024-05-17	701	none reported in score columns	complete	none	""	not computed at this scope	""	""				unknown	none	scores_not_downloaded_at_this_scope	false	candidate	""
urn:mavedb:00000890-a-1	MAP2K5	ENSG00000137764.22	mavedb_mapping	MAP2K5 PB1 domain domainome 1.0	Stability measurements of the MAP2K5 PB1 domain from domainome 1.0.	""	""	""	""	bioRxiv:2024.04.26.591310 (10.1101/2024.04.26.591310)	CC0	2024-05-17	1901	none reported in score columns	complete	none	""	not computed at this scope	""	""				unknown	none	scores_not_downloaded_at_this_scope	false	candidate	""
urn:mavedb:00000891-a-1	MAP3K20	ENSG00000091436.19	mavedb_mapping	MAP3K20 Sterile alpha motif domain domainome 1.0	Stability measurements of the MAP3K20 Sterile alpha motif domain from domainome 1.0.	""	""	""	""	bioRxiv:2024.04.26.591310 (10.1101/2024.04.26.591310)	CC0	2024-05-17	1681	none reported in score columns	complete	none	""	not computed at this scope	""	""				unknown	none	scores_not_downloaded_at_this_scope	false	candidate	""
urn:mavedb:00000892-a-1	MCM10	ENSG00000065328.19	mavedb_mapping	MCM10 Zinc finger, Mcm10/DnaG-type domain domainome 1.0	Stability measurements of the MCM10 Zinc finger, Mcm10/DnaG-type domain from domainome 1.0.	""	""	""	""	bioRxiv:2024.04.26.591310 (10.1101/2024.04.26.591310)	CC0	2024-05-17	901	none reported in score columns	complete	none	""	not computed at this scope	""	""				unknown	none	scores_not_downloaded_at_this_scope	false	candidate	""
urn:mavedb:00000893-a-1	MDM2	ENSG00000135679.29	mavedb_mapping	MDM2 Zinc finger, RanBP2-type domain domainome 1.0	Stability measurements of the MDM2 Zinc finger, RanBP2-type domain from domainome 1.0.	""	""	""	""	bioRxiv:2024.04.26.591310 (10.1101/2024.04.26.591310)	CC0	2024-05-17	581	none reported in score columns	complete	none	""	not computed at this scope	""	""				unknown	none	scores_not_downloaded_at_this_scope	false	candidate	""
urn:mavedb:00000894-a-1	MDM4	ENSG00000198625.17	mavedb_mapping	MDM4 Zinc finger, RanBP2-type domain domainome 1.0	Stability measurements of the MDM4 Zinc finger, RanBP2-type domain from domainome 1.0.	""	""	""	""	bioRxiv:2024.04.26.591310 (10.1101/2024.04.26.591310)	CC0	2024-05-17	621	none reported in score columns	complete	none	""	not computed at this scope	""	""				unknown	none	scores_not_downloaded_at_this_scope	false	candidate	""
urn:mavedb:00000895-a-1	MECP2	ENSG00000169057.27	mavedb_mapping	MECP2 Methyl-CpG DNA binding domain domainome 1.0	Stability measurements of the MECP2 Methyl-CpG DNA binding domain from domainome 1.0.	""	""	""	""	bioRxiv:2024.04.26.591310 (10.1101/2024.04.26.591310)	CC0	2024-05-17	1441	none reported in score columns	complete	none	""	not computed at this scope	""	""				unknown	none	scores_not_downloaded_at_this_scope	false	candidate	""
urn:mavedb:00000896-a-1	MEX3C	ENSG00000176624.13	mavedb_mapping	MEX3C K Homology domain, type 1 domainome 1.0	Stability measurements of the MEX3C K Homology domain, type 1 from domainome 1.0.	""	""	""	""	bioRxiv:2024.04.26.591310 (10.1101/2024.04.26.591310)	CC0	2024-05-17	1341	none reported in score columns	complete	none	""	not computed at this scope	""	""				unknown	none	scores_not_downloaded_at_this_scope	false	candidate	""
urn:mavedb:00000897-a-1	MEX3D	ENSG00000181588.18	mavedb_mapping	MEX3D K Homology domain, type 1 domainome 1.0	Stability measurements of the MEX3D K Homology domain, type 1 from domainome 1.0.	""	""	""	""	bioRxiv:2024.04.26.591310 (10.1101/2024.04.26.591310)	CC0	2024-05-17	1361	none reported in score columns	complete	none	""	not computed at this scope	""	""				unknown	none	scores_not_downloaded_at_this_scope	false	candidate	""
urn:mavedb:00000898-a-1	MIB1	ENSG00000101752.15	mavedb_mapping	MIB1 Mind bomb, SH3 repeat domain domainome 1.0	Stability measurements of the MIB1 Mind bomb, SH3 repeat domain from domainome 1.0.	""	""	""	""	bioRxiv:2024.04.26.591310 (10.1101/2024.04.26.591310)	CC0	2024-05-17	1301	none reported in score columns	complete	none	""	not computed at this scope	""	""				unknown	none	scores_not_downloaded_at_this_scope	false	candidate	""
urn:mavedb:00000899-a-1	MID1	ENSG00000101871.19	mavedb_mapping	MID1 B-box-type zinc finger domain domainome 1.0	Stability measurements of the MID1 B-box-type zinc finger domain from domainome 1.0.	""	""	""	""	bioRxiv:2024.04.26.591310 (10.1101/2024.04.26.591310)	CC0	2024-05-17	861	none reported in score columns	complete	none	""	not computed at this scope	""	""				unknown	none	scores_not_downloaded_at_this_scope	false	candidate	""
urn:mavedb:00000900-a-1	MID2	ENSG00000080561.16	mavedb_mapping	MID2 B-box-type zinc finger domain domainome 1.0	Stability measurements of the MID2 B-box-type zinc finger domain from domainome 1.0.	""	""	""	""	bioRxiv:2024.04.26.591310 (10.1101/2024.04.26.591310)	CC0	2024-05-17	901	none reported in score columns	complete	none	""	not computed at this scope	""	""				unknown	none	scores_not_downloaded_at_this_scope	false	candidate	""
urn:mavedb:00000901-a-1	MIS18BP1	ENSG00000129534.16	mavedb_mapping	MIS18BP1 SANT/Myb domain domainome 1.0	Stability measurements of the MIS18BP1 SANT/Myb domain from domainome 1.0.	""	""	""	""	bioRxiv:2024.04.26.591310 (10.1101/2024.04.26.591310)	CC0	2024-05-17	981	none reported in score columns	complete	none	""	not computed at this scope	""	""				unknown	none	scores_not_downloaded_at_this_scope	false	candidate	""
urn:mavedb:00000902-a-1	MKRN1	ENSG00000133606.13	mavedb_mapping	MKRN1 Zinc finger, CCCH-type domain domainome 1.0	Stability measurements of the MKRN1 Zinc finger, CCCH-type domain from domainome 1.0.	""	""	""	""	bioRxiv:2024.04.26.591310 (10.1101/2024.04.26.591310)	CC0	2024-05-17	441	none reported in score columns	complete	none	""	not computed at this scope	""	""				unknown	none	scores_not_downloaded_at_this_scope	false	candidate	""
urn:mavedb:00000903-a-1	MKRN2	ENSG00000075975.19	mavedb_mapping	MKRN2 Zinc finger, CCCH-type domain domainome 1.0	Stability measurements of the MKRN2 Zinc finger, CCCH-type domain from domainome 1.0.	""	""	""	""	bioRxiv:2024.04.26.591310 (10.1101/2024.04.26.591310)	CC0	2024-05-17	381	none reported in score columns	complete	none	""	not computed at this scope	""	""				unknown	none	scores_not_downloaded_at_this_scope	false	candidate	""
urn:mavedb:00000904-a-1	MPDZ	ENSG00000107186.19	mavedb_mapping	MPDZ PDZ domain domainome 1.0	Stability measurements of the MPDZ PDZ domain from domainome 1.0.	""	""	""	""	bioRxiv:2024.04.26.591310 (10.1101/2024.04.26.591310)	CC0	2024-05-17	1701	none reported in score columns	complete	none	""	not computed at this scope	""	""				unknown	none	scores_not_downloaded_at_this_scope	false	candidate	""
urn:mavedb:00000905-a-1	MPDZ	ENSG00000107186.19	uniprot	MPDZ PDZ domain domainome 1.0	Stability measurements of the MPDZ PDZ domain from domainome 1.0.	""	""	""	""	bioRxiv:2024.04.26.591310 (10.1101/2024.04.26.591310)	CC0	2024-05-17	1841	none reported in score columns	complete	none	""	not computed at this scope	""	""				unknown	none	scores_not_downloaded_at_this_scope	false	candidate	""
urn:mavedb:00000906-a-1	MPDZ	ENSG00000107186.19	uniprot	MPDZ PDZ domain domainome 1.0	Stability measurements of the MPDZ PDZ domain from domainome 1.0.	""	""	""	""	bioRxiv:2024.04.26.591310 (10.1101/2024.04.26.591310)	CC0	2024-05-17	1921	none reported in score columns	complete	none	""	not computed at this scope	""	""				unknown	none	scores_not_downloaded_at_this_scope	false	candidate	""
urn:mavedb:00000907-a-1	MPDZ	ENSG00000107186.19	uniprot	MPDZ PDZ domain domainome 1.0	Stability measurements of the MPDZ PDZ domain from domainome 1.0.	""	""	""	""	bioRxiv:2024.04.26.591310 (10.1101/2024.04.26.591310)	CC0	2024-05-17	1761	none reported in score columns	complete	none	""	not computed at this scope	""	""				unknown	none	scores_not_downloaded_at_this_scope	false	candidate	""
urn:mavedb:00000908-a-1	MPP3	ENSG00000161647.21	mavedb_mapping	MPP3 PDZ domain domainome 1.0	Stability measurements of the MPP3 PDZ domain from domainome 1.0.	""	""	""	""	bioRxiv:2024.04.26.591310 (10.1101/2024.04.26.591310)	CC0	2024-05-17	1781	none reported in score columns	complete	none	""	not computed at this scope	""	""				unknown	none	scores_not_downloaded_at_this_scope	false	candidate	""
urn:mavedb:00000909-a-1	MRTFA	ENSG00000196588.22	mavedb_mapping	MRTFA SAP domain domainome 1.0	Stability measurements of the MRTFA SAP domain from domainome 1.0.	""	""	""	""	bioRxiv:2024.04.26.591310 (10.1101/2024.04.26.591310)	CC0	2024-05-17	861	none reported in score columns	complete	none	""	not computed at this scope	""	""				unknown	none	scores_not_downloaded_at_this_scope	false	candidate	""
urn:mavedb:00000910-a-1	MSX1	ENSG00000163132.8	mavedb_mapping	MSX1 Homeobox domain domainome 1.0	Stability measurements of the MSX1 Homeobox domain from domainome 1.0.	""	""	""	""	bioRxiv:2024.04.26.591310 (10.1101/2024.04.26.591310)	CC0	2024-05-17	1121	none reported in score columns	complete	none	""	not computed at this scope	""	""				unknown	none	scores_not_downloaded_at_this_scope	false	candidate	""
urn:mavedb:00000911-a-1	MSX2	ENSG00000120149.10	mavedb_mapping	MSX2 Homeobox domain domainome 1.0	Stability measurements of the MSX2 Homeobox domain from domainome 1.0.	""	""	""	""	bioRxiv:2024.04.26.591310 (10.1101/2024.04.26.591310)	CC0	2024-05-17	1121	none reported in score columns	complete	none	""	not computed at this scope	""	""				unknown	none	scores_not_downloaded_at_this_scope	false	candidate	""
urn:mavedb:00000912-a-1	MTA3	ENSG00000057935.16	mavedb_mapping	MTA3 SANT/Myb domain domainome 1.0	Stability measurements of the MTA3 SANT/Myb domain from domainome 1.0.	""	""	""	""	bioRxiv:2024.04.26.591310 (10.1101/2024.04.26.591310)	CC0	2024-05-17	1061	none reported in score columns	complete	none	""	not computed at this scope	""	""				unknown	none	scores_not_downloaded_at_this_scope	false	candidate	""
urn:mavedb:00000913-a-1	MXD1	ENSG00000059728.13	mavedb_mapping	MXD1 Myc-type, basic helix-loop-helix (bHLH) domain domainome 1.0	Stability measurements of the MXD1 Myc-type, basic helix-loop-helix (bHLH) domain from domainome 1.0.	""	""	""	""	bioRxiv:2024.04.26.591310 (10.1101/2024.04.26.591310)	CC0	2024-05-17	1041	none reported in score columns	complete	none	""	not computed at this scope	""	""				unknown	none	scores_not_downloaded_at_this_scope	false	candidate	""
urn:mavedb:00000914-a-1	MXI1	ENSG00000119950.22	mavedb_mapping	MXI1 Myc-type, basic helix-loop-helix (bHLH) domain domainome 1.0	Stability measurements of the MXI1 Myc-type, basic helix-loop-helix (bHLH) domain from domainome 1.0.	""	""	""	""	bioRxiv:2024.04.26.591310 (10.1101/2024.04.26.591310)	CC0	2024-05-17	1021	none reported in score columns	complete	none	""	not computed at this scope	""	""				unknown	none	scores_not_downloaded_at_this_scope	false	candidate	""
urn:mavedb:00000915-a-1	MYB	ENSG00000118513.23	mavedb_mapping	MYB SANT/Myb domain domainome 1.0	Stability measurements of the MYB SANT/Myb domain from domainome 1.0.	""	""	""	""	bioRxiv:2024.04.26.591310 (10.1101/2024.04.26.591310)	CC0	2024-05-17	941	none reported in score columns	complete	none	""	not computed at this scope	""	""				unknown	none	scores_not_downloaded_at_this_scope	false	candidate	""
urn:mavedb:00000916-a-1	MYB	ENSG00000118513.23	mavedb_mapping	MYB SANT/Myb domain domainome 1.0	Stability measurements of the MYB SANT/Myb domain from domainome 1.0.	""	""	""	""	bioRxiv:2024.04.26.591310 (10.1101/2024.04.26.591310)	CC0	2024-05-17	1241	none reported in score columns	complete	none	""	not computed at this scope	""	""				unknown	none	scores_not_downloaded_at_this_scope	false	candidate	""
urn:mavedb:00000917-a-1	MYO1E	ENSG00000157483.11	mavedb_mapping	MYO1E SH3 domain domainome 1.0	Stability measurements of the MYO1E SH3 domain from domainome 1.0.	""	""	""	""	bioRxiv:2024.04.26.591310 (10.1101/2024.04.26.591310)	CC0	2024-05-17	1161	none reported in score columns	complete	none	""	not computed at this scope	""	""				unknown	none	scores_not_downloaded_at_this_scope	false	candidate	""
urn:mavedb:00000918-a-1	MYOCD	ENSG00000141052.20	mavedb_mapping	MYOCD SAP domain domainome 1.0	Stability measurements of the MYOCD SAP domain from domainome 1.0.	""	""	""	""	bioRxiv:2024.04.26.591310 (10.1101/2024.04.26.591310)	CC0	2024-05-17	881	none reported in score columns	complete	none	""	not computed at this scope	""	""				unknown	none	scores_not_downloaded_at_this_scope	false	candidate	""
urn:mavedb:00000919-a-1	MYSM1	ENSG00000162601.14	mavedb_mapping	MYSM1 SANT/Myb domain domainome 1.0	Stability measurements of the MYSM1 SANT/Myb domain from domainome 1.0.	""	""	""	""	bioRxiv:2024.04.26.591310 (10.1101/2024.04.26.591310)	CC0	2024-05-17	861	none reported in score columns	complete	none	""	not computed at this scope	""	""				unknown	none	scores_not_downloaded_at_this_scope	false	candidate	""
urn:mavedb:00000922-a-1	NANOS2	ENSG00000188425.4	mavedb_mapping	NANOS2 Zinc finger, nanos-type domain domainome 1.0	Stability measurements of the NANOS2 Zinc finger, nanos-type domain from domainome 1.0.	""	""	""	""	bioRxiv:2024.04.26.591310 (10.1101/2024.04.26.591310)	CC0	2024-05-17	1061	none reported in score columns	complete	none	""	not computed at this scope	""	""				unknown	none	scores_not_downloaded_at_this_scope	false	candidate	""
urn:mavedb:00000923-a-1			unresolved (target name 'NA Transcription factor IIS, N-terminal domain')	NA Transcription factor IIS, N-terminal domain domainome 1.0	Stability measurements of the NA Transcription factor IIS, N-terminal domain from domainome 1.0.	""	""	""	""	bioRxiv:2024.04.26.591310 (10.1101/2024.04.26.591310)	CC0	2024-05-17	1561	none reported in score columns		none	""	not computed at this scope	""	""				n/a	n/a	""	false	excluded	gene_unresolved
urn:mavedb:00000924-a-1			unresolved (target name 'NA Ubiquitin-like domain')	NA Ubiquitin-like domain domainome 1.0	Stability measurements of the NA Ubiquitin-like domain from domainome 1.0.	""	""	""	""	bioRxiv:2024.04.26.591310 (10.1101/2024.04.26.591310)	CC0	2024-05-17	1401	none reported in score columns		none	""	not computed at this scope	""	""				n/a	n/a	""	false	excluded	gene_unresolved
urn:mavedb:00000925-a-1	NCF1	ENSG00000158517.18	mavedb_mapping	NCF1 SH3 domain domainome 1.0	Stability measurements of the NCF1 SH3 domain from domainome 1.0.	""	""	""	""	bioRxiv:2024.04.26.591310 (10.1101/2024.04.26.591310)	CC0	2024-05-17	1321	none reported in score columns	complete	none	""	not computed at this scope	""	""				unknown	none	scores_not_downloaded_at_this_scope	false	candidate	""
urn:mavedb:00000926-a-1	NCF2	ENSG00000116701.18	mavedb_mapping	NCF2 PB1 domain domainome 1.0	Stability measurements of the NCF2 PB1 domain from domainome 1.0.	""	""	""	""	bioRxiv:2024.04.26.591310 (10.1101/2024.04.26.591310)	CC0	2024-05-17	1501	none reported in score columns	complete	none	""	not computed at this scope	""	""				unknown	none	scores_not_downloaded_at_this_scope	false	candidate	""
urn:mavedb:00000927-a-1	NCF2	ENSG00000116701.18	mavedb_mapping	NCF2 SH3 domain domainome 1.0	Stability measurements of the NCF2 SH3 domain from domainome 1.0.	""	""	""	""	bioRxiv:2024.04.26.591310 (10.1101/2024.04.26.591310)	CC0	2024-05-17	1181	none reported in score columns	complete	none	""	not computed at this scope	""	""				unknown	none	scores_not_downloaded_at_this_scope	false	candidate	""
urn:mavedb:00000928-a-1	NCF2	ENSG00000116701.18	mavedb_mapping	NCF2 SH3 domain domainome 1.0	Stability measurements of the NCF2 SH3 domain from domainome 1.0.	""	""	""	""	bioRxiv:2024.04.26.591310 (10.1101/2024.04.26.591310)	CC0	2024-05-17	1201	none reported in score columns	complete	none	""	not computed at this scope	""	""				unknown	none	scores_not_downloaded_at_this_scope	false	candidate	""
urn:mavedb:00000929-a-1	NCOR2	ENSG00000196498.17	uniprot	NCOR2 SANT/Myb domain domainome 1.0	Stability measurements of the NCOR2 SANT/Myb domain from domainome 1.0.	""	""	""	""	bioRxiv:2024.04.26.591310 (10.1101/2024.04.26.591310)	CC0	2024-05-17	1161	none reported in score columns	complete	none	""	not computed at this scope	""	""				unknown	none	scores_not_downloaded_at_this_scope	false	candidate	""
urn:mavedb:00000930-a-1	NEB	ENSG00000183091.22	mavedb_mapping	NEB SH3 domain domainome 1.0	Stability measurements of the NEB SH3 domain from domainome 1.0.	""	""	""	""	bioRxiv:2024.04.26.591310 (10.1101/2024.04.26.591310)	CC0	2024-05-17	1221	none reported in score columns	complete	none	""	not computed at this scope	""	""				unknown	none	scores_not_downloaded_at_this_scope	false	candidate	""
urn:mavedb:00000931-a-1	NEDD4L	ENSG00000049759.22	mavedb_mapping	NEDD4L WW domain domainome 1.0	Stability measurements of the NEDD4L WW domain from domainome 1.0.	""	""	""	""	bioRxiv:2024.04.26.591310 (10.1101/2024.04.26.591310)	CC0	2024-05-17	1021	none reported in score columns	complete	none	""	not computed at this scope	""	""				unknown	none	scores_not_downloaded_at_this_scope	false	candidate	""
urn:mavedb:00000932-a-1	NEDD4L	ENSG00000049759.22	mavedb_mapping	NEDD4L WW domain domainome 1.0	Stability measurements of the NEDD4L WW domain from domainome 1.0.	""	""	""	""	bioRxiv:2024.04.26.591310 (10.1101/2024.04.26.591310)	CC0	2024-05-17	981	none reported in score columns	complete	none	""	not computed at this scope	""	""				unknown	none	scores_not_downloaded_at_this_scope	false	candidate	""
urn:mavedb:00000933-a-1	NEDD4L	ENSG00000049759.22	mavedb_mapping	NEDD4L WW domain domainome 1.0	Stability measurements of the NEDD4L WW domain from domainome 1.0.	""	""	""	""	bioRxiv:2024.04.26.591310 (10.1101/2024.04.26.591310)	CC0	2024-05-17	881	none reported in score columns	complete	none	""	not computed at this scope	""	""				unknown	none	scores_not_downloaded_at_this_scope	false	candidate	""
urn:mavedb:00000934-a-1	NEDD4	ENSG00000069869.19	mavedb_mapping	NEDD4 WW domain domainome 1.0	Stability measurements of the NEDD4 WW domain from domainome 1.0.	""	""	""	""	bioRxiv:2024.04.26.591310 (10.1101/2024.04.26.591310)	CC0	2024-05-17	921	none reported in score columns	complete	none	""	not computed at this scope	""	""				unknown	none	scores_not_downloaded_at_this_scope	false	candidate	""
urn:mavedb:00000935-a-1	NEIL3	ENSG00000109674.6	mavedb_mapping	NEIL3 Zinc finger, RanBP2-type domain domainome 1.0	Stability measurements of the NEIL3 Zinc finger, RanBP2-type domain from domainome 1.0.	""	""	""	""	bioRxiv:2024.04.26.591310 (10.1101/2024.04.26.591310)	CC0	2024-05-17	601	none reported in score columns	complete	none	""	not computed at this scope	""	""				unknown	none	scores_not_downloaded_at_this_scope	false	candidate	""
urn:mavedb:00000936-a-1	NPHP1	ENSG00000144061.16	mavedb_mapping	NPHP1 SH3 domain domainome 1.0	Stability measurements of the NPHP1 SH3 domain from domainome 1.0.	""	""	""	""	bioRxiv:2024.04.26.591310 (10.1101/2024.04.26.591310)	CC0	2024-05-17	1201	none reported in score columns	complete	none	""	not computed at this scope	""	""				unknown	none	scores_not_downloaded_at_this_scope	false	candidate	""
urn:mavedb:00000937-a-1	NR1D2	ENSG00000174738.16	mavedb_mapping	NR1D2 Zinc finger, nuclear hormone receptor-type domain domainome 1.0	Stability measurements of the NR1D2 Zinc finger, nuclear hormone receptor-type domain from domainome 1.0.	""	""	""	""	bioRxiv:2024.04.26.591310 (10.1101/2024.04.26.591310)	CC0	2024-05-17	1381	none reported in score columns	complete	none	""	not computed at this scope	""	""				unknown	none	scores_not_downloaded_at_this_scope	false	candidate	""
urn:mavedb:00000938-a-1	NR2F1	ENSG00000175745.15	mavedb_mapping	NR2F1 Zinc finger, nuclear hormone receptor-type domain domainome 1.0	Stability measurements of the NR2F1 Zinc finger, nuclear hormone receptor-type domain from domainome 1.0.	""	""	""	""	bioRxiv:2024.04.26.591310 (10.1101/2024.04.26.591310)	CC0	2024-05-17	1541	none reported in score columns	complete	none	""	not computed at this scope	""	""				unknown	none	scores_not_downloaded_at_this_scope	false	candidate	""
urn:mavedb:00000939-a-1	NR3C1	ENSG00000113580.17	mavedb_mapping	NR3C1 Zinc finger, nuclear hormone receptor-type domain domainome 1.0	Stability measurements of the NR3C1 Zinc finger, nuclear hormone receptor-type domain from domainome 1.0.	""	""	""	""	bioRxiv:2024.04.26.591310 (10.1101/2024.04.26.591310)	CC0	2024-05-17	1521	none reported in score columns	complete	none	""	not computed at this scope	""	""				unknown	none	scores_not_downloaded_at_this_scope	false	candidate	""
urn:mavedb:00000940-a-1	NR3C2	ENSG00000151623.17	mavedb_mapping	NR3C2 Zinc finger, nuclear hormone receptor-type domain domainome 1.0	Stability measurements of the NR3C2 Zinc finger, nuclear hormone receptor-type domain from domainome 1.0.	""	""	""	""	bioRxiv:2024.04.26.591310 (10.1101/2024.04.26.591310)	CC0	2024-05-17	1521	none reported in score columns	complete	none	""	not computed at this scope	""	""				unknown	none	scores_not_downloaded_at_this_scope	false	candidate	""
urn:mavedb:00000941-a-1	NR4A2	ENSG00000153234.18	mavedb_mapping	NR4A2 Zinc finger, nuclear hormone receptor-type domain domainome 1.0	Stability measurements of the NR4A2 Zinc finger, nuclear hormone receptor-type domain from domainome 1.0.	""	""	""	""	bioRxiv:2024.04.26.591310 (10.1101/2024.04.26.591310)	CC0	2024-05-17	1541	none reported in score columns	complete	none	""	not computed at this scope	""	""				unknown	none	scores_not_downloaded_at_this_scope	false	candidate	""
urn:mavedb:00000942-a-1	OTX2	ENSG00000165588.21	mavedb_mapping	OTX2 Homeobox domain domainome 1.0	Stability measurements of the OTX2 Homeobox domain from domainome 1.0.	""	""	""	""	bioRxiv:2024.04.26.591310 (10.1101/2024.04.26.591310)	CC0	2024-05-17	1121	none reported in score columns	complete	none	""	not computed at this scope	""	""				unknown	none	scores_not_downloaded_at_this_scope	false	candidate	""
urn:mavedb:00000943-a-1	OVOL2	ENSG00000125850.12	mavedb_mapping	OVOL2 Zinc finger C2H2-type domain domainome 1.0	Stability measurements of the OVOL2 Zinc finger C2H2-type domain from domainome 1.0.	""	""	""	""	bioRxiv:2024.04.26.591310 (10.1101/2024.04.26.591310)	CC0	2024-05-17	461	none reported in score columns	complete	none	""	not computed at this scope	""	""				unknown	none	scores_not_downloaded_at_this_scope	false	candidate	""
urn:mavedb:00000944-a-1	PACSIN1	ENSG00000124507.13	mavedb_mapping	PACSIN1 SH3 domain domainome 1.0	Stability measurements of the PACSIN1 SH3 domain from domainome 1.0.	""	""	""	""	bioRxiv:2024.04.26.591310 (10.1101/2024.04.26.591310)	CC0	2024-05-17	1161	none reported in score columns	complete	none	""	not computed at this scope	""	""				unknown	none	scores_not_downloaded_at_this_scope	false	candidate	""
urn:mavedb:00000945-a-1	PACSIN2	ENSG00000100266.21	mavedb_mapping	PACSIN2 SH3 domain domainome 1.0	Stability measurements of the PACSIN2 SH3 domain from domainome 1.0.	""	""	""	""	bioRxiv:2024.04.26.591310 (10.1101/2024.04.26.591310)	CC0	2024-05-17	1181	none reported in score columns	complete	none	""	not computed at this scope	""	""				unknown	none	scores_not_downloaded_at_this_scope	false	candidate	""
urn:mavedb:00000946-a-1	PACSIN3	ENSG00000165912.18	mavedb_mapping	PACSIN3 SH3 domain domainome 1.0	Stability measurements of the PACSIN3 SH3 domain from domainome 1.0.	""	""	""	""	bioRxiv:2024.04.26.591310 (10.1101/2024.04.26.591310)	CC0	2024-05-17	1181	none reported in score columns	complete	none	""	not computed at this scope	""	""				unknown	none	scores_not_downloaded_at_this_scope	false	candidate	""
urn:mavedb:00000947-a-1	PARD3B	ENSG00000116117.21	mavedb_mapping	PARD3B PDZ domain domainome 1.0	Stability measurements of the PARD3B PDZ domain from domainome 1.0.	""	""	""	""	bioRxiv:2024.04.26.591310 (10.1101/2024.04.26.591310)	CC0	2024-05-17	1781	none reported in score columns	complete	none	""	not computed at this scope	""	""				unknown	none	scores_not_downloaded_at_this_scope	false	candidate	""
urn:mavedb:00000948-a-1	PARD3	ENSG00000148498.19	mavedb_mapping	PARD3 PDZ domain domainome 1.0	Stability measurements of the PARD3 PDZ domain from domainome 1.0.	""	""	""	""	bioRxiv:2024.04.26.591310 (10.1101/2024.04.26.591310)	CC0	2024-05-17	1861	none reported in score columns	complete	none	""	not computed at this scope	""	""				unknown	none	scores_not_downloaded_at_this_scope	false	candidate	""
urn:mavedb:00000949-a-1	PAX6	ENSG00000007372.26	mavedb_mapping	PAX6 Homeobox domain domainome 1.0	Stability measurements of the PAX6 Homeobox domain from domainome 1.0.	""	""	""	""	bioRxiv:2024.04.26.591310 (10.1101/2024.04.26.591310)	CC0	2024-05-17	1101	none reported in score columns	complete	none	""	not computed at this scope	""	""				unknown	none	scores_not_downloaded_at_this_scope	false	candidate	""
urn:mavedb:00000950-a-1	PAX7	ENSG00000009709.15	mavedb_mapping	PAX7 Homeobox domain domainome 1.0	Stability measurements of the PAX7 Homeobox domain from domainome 1.0.	""	""	""	""	bioRxiv:2024.04.26.591310 (10.1101/2024.04.26.591310)	CC0	2024-05-17	1121	none reported in score columns	complete	none	""	not computed at this scope	""	""				unknown	none	scores_not_downloaded_at_this_scope	false	candidate	""
urn:mavedb:00000951-a-1	PBRM1	ENSG00000163939.21	mavedb_mapping	PBRM1 High mobility group box domain domainome 1.0	Stability measurements of the PBRM1 High mobility group box domain from domainome 1.0.	""	""	""	""	bioRxiv:2024.04.26.591310 (10.1101/2024.04.26.591310)	CC0	2024-05-17	1241	none reported in score columns	complete	none	""	not computed at this scope	""	""				unknown	none	scores_not_downloaded_at_this_scope	false	candidate	""
urn:mavedb:00000952-a-1	PCBP1	ENSG00000169564.7	mavedb_mapping	PCBP1 K Homology domain, type 1 domainome 1.0	Stability measurements of the PCBP1 K Homology domain, type 1 from domainome 1.0.	""	""	""	""	bioRxiv:2024.04.26.591310 (10.1101/2024.04.26.591310)	CC0	2024-05-17	1461	none reported in score columns	complete	none	""	not computed at this scope	""	""				unknown	none	scores_not_downloaded_at_this_scope	false	candidate	""
urn:mavedb:00000953-a-1	PCLO	ENSG00000186472.22	uniprot	PCLO Zinc finger, piccolo-type domain domainome 1.0	Stability measurements of the PCLO Zinc finger, piccolo-type domain from domainome 1.0.	""	""	""	""	bioRxiv:2024.04.26.591310 (10.1101/2024.04.26.591310)	CC0	2024-05-17	1141	none reported in score columns	complete	none	""	not computed at this scope	""	""				unknown	none	scores_not_downloaded_at_this_scope	false	candidate	""
urn:mavedb:00000955-a-1	PDHX	ENSG00000110435.15	mavedb_mapping	PDHX Peripheral subunit-binding domain domainome 1.0	Stability measurements of the PDHX Peripheral subunit-binding domain from domainome 1.0.	""	""	""	""	bioRxiv:2024.04.26.591310 (10.1101/2024.04.26.591310)	CC0	2024-05-17	941	none reported in score columns	complete	none	""	not computed at this scope	""	""				unknown	none	scores_not_downloaded_at_this_scope	false	candidate	""
urn:mavedb:00000956-a-1	PDLIM2	ENSG00000120913.26	mavedb_mapping	PDLIM2 Zinc finger, LIM-type domain domainome 1.0	Stability measurements of the PDLIM2 Zinc finger, LIM-type domain from domainome 1.0.	""	""	""	""	bioRxiv:2024.04.26.591310 (10.1101/2024.04.26.591310)	CC0	2024-05-17	1121	none reported in score columns	complete	none	""	not computed at this scope	""	""				unknown	none	scores_not_downloaded_at_this_scope	false	candidate	""
urn:mavedb:00000957-a-1	PDZRN3	ENSG00000121440.16	mavedb_mapping	PDZRN3 PDZ domain domainome 1.0	Stability measurements of the PDZRN3 PDZ domain from domainome 1.0.	""	""	""	""	bioRxiv:2024.04.26.591310 (10.1101/2024.04.26.591310)	CC0	2024-05-17	1801	none reported in score columns	complete	none	""	not computed at this scope	""	""				unknown	none	scores_not_downloaded_at_this_scope	false	candidate	""
urn:mavedb:00000958-a-1	PDZRN3	ENSG00000121440.16	mavedb_mapping	PDZRN3 PDZ domain domainome 1.0	Stability measurements of the PDZRN3 PDZ domain from domainome 1.0.	""	""	""	""	bioRxiv:2024.04.26.591310 (10.1101/2024.04.26.591310)	CC0	2024-05-17	1901	none reported in score columns	complete	none	""	not computed at this scope	""	""				unknown	none	scores_not_downloaded_at_this_scope	false	candidate	""
urn:mavedb:00000959-a-1	PHOX2A	ENSG00000165462.6	mavedb_mapping	PHOX2A Homeobox domain domainome 1.0	Stability measurements of the PHOX2A Homeobox domain from domainome 1.0.	""	""	""	""	bioRxiv:2024.04.26.591310 (10.1101/2024.04.26.591310)	CC0	2024-05-17	1121	none reported in score columns	complete	none	""	not computed at this scope	""	""				unknown	none	scores_not_downloaded_at_this_scope	false	candidate	""
urn:mavedb:00000960-a-1	PIN1	ENSG00000127445.16	mavedb_mapping	PIN1 WW domain domainome 1.0	Stability measurements of the PIN1 WW domain from domainome 1.0.	""	""	""	""	bioRxiv:2024.04.26.591310 (10.1101/2024.04.26.591310)	CC0	2024-05-17	801	none reported in score columns	complete	none	""	not computed at this scope	""	""				unknown	none	scores_not_downloaded_at_this_scope	false	candidate	""
urn:mavedb:00000961-a-1	PKN1	ENSG00000123143.15	mavedb_mapping	PKN1 HR1 rho-binding domain domainome 1.0	Stability measurements of the PKN1 HR1 rho-binding domain from domainome 1.0.	""	""	""	""	bioRxiv:2024.04.26.591310 (10.1101/2024.04.26.591310)	CC0	2024-05-17	1221	none reported in score columns	complete	none	""	not computed at this scope	""	""				unknown	none	scores_not_downloaded_at_this_scope	false	candidate	""
urn:mavedb:00000962-a-1	PLCG2	ENSG00000197943.15	mavedb_mapping	PLCG2 SH3 domain domainome 1.0	Stability measurements of the PLCG2 SH3 domain from domainome 1.0.	""	""	""	""	bioRxiv:2024.04.26.591310 (10.1101/2024.04.26.591310)	CC0	2024-05-17	1121	none reported in score columns	complete	none	""	not computed at this scope	""	""				unknown	none	scores_not_downloaded_at_this_scope	false	candidate	""
urn:mavedb:00000963-a-1	PMS1	ENSG00000064933.21	mavedb_mapping	PMS1 High mobility group box domain domainome 1.0	Stability measurements of the PMS1 High mobility group box domain from domainome 1.0.	""	""	""	""	bioRxiv:2024.04.26.591310 (10.1101/2024.04.26.591310)	CC0	2024-05-17	1321	none reported in score columns	complete	none	""	not computed at this scope	""	""				unknown	none	scores_not_downloaded_at_this_scope	false	candidate	""
urn:mavedb:00000966-a-1	POU1F1	ENSG00000064835.12	mavedb_mapping	POU1F1 POU-specific domain domainome 1.0	Stability measurements of the POU1F1 POU-specific domain from domainome 1.0.	""	""	""	""	bioRxiv:2024.04.26.591310 (10.1101/2024.04.26.591310)	CC0	2024-05-17	1381	none reported in score columns	complete	none	""	not computed at this scope	""	""				unknown	none	scores_not_downloaded_at_this_scope	false	candidate	""
urn:mavedb:00000967-a-1	POU2F1	ENSG00000143190.25	mavedb_mapping	POU2F1 POU-specific domain domainome 1.0	Stability measurements of the POU2F1 POU-specific domain from domainome 1.0.	""	""	""	""	bioRxiv:2024.04.26.591310 (10.1101/2024.04.26.591310)	CC0	2024-05-17	1401	none reported in score columns	complete	none	""	not computed at this scope	""	""				unknown	none	scores_not_downloaded_at_this_scope	false	candidate	""
urn:mavedb:00000968-a-1	POU2F2	ENSG00000028277.24	mavedb_mapping	POU2F2 POU-specific domain domainome 1.0	Stability measurements of the POU2F2 POU-specific domain from domainome 1.0.	""	""	""	""	bioRxiv:2024.04.26.591310 (10.1101/2024.04.26.591310)	CC0	2024-05-17	1401	none reported in score columns	complete	none	""	not computed at this scope	""	""				unknown	none	scores_not_downloaded_at_this_scope	false	candidate	""
urn:mavedb:00000969-a-1	POU2F3	ENSG00000137709.11	mavedb_mapping	POU2F3 POU-specific domain domainome 1.0	Stability measurements of the POU2F3 POU-specific domain from domainome 1.0.	""	""	""	""	bioRxiv:2024.04.26.591310 (10.1101/2024.04.26.591310)	CC0	2024-05-17	1501	none reported in score columns	complete	none	""	not computed at this scope	""	""				unknown	none	scores_not_downloaded_at_this_scope	false	candidate	""
urn:mavedb:00000970-a-1	POU3F1	ENSG00000185668.8	mavedb_mapping	POU3F1 POU-specific domain domainome 1.0	Stability measurements of the POU3F1 POU-specific domain from domainome 1.0.	""	""	""	""	bioRxiv:2024.04.26.591310 (10.1101/2024.04.26.591310)	CC0	2024-05-17	1561	none reported in score columns	complete	none	""	not computed at this scope	""	""				unknown	none	scores_not_downloaded_at_this_scope	false	candidate	""
urn:mavedb:00000971-a-1	POU3F2	ENSG00000184486.10	mavedb_mapping	POU3F2 Homeobox domain domainome 1.0	Stability measurements of the POU3F2 Homeobox domain from domainome 1.0.	""	""	""	""	bioRxiv:2024.04.26.591310 (10.1101/2024.04.26.591310)	CC0	2024-05-17	1121	none reported in score columns	complete	none	""	not computed at this scope	""	""				unknown	none	scores_not_downloaded_at_this_scope	false	candidate	""
urn:mavedb:00000972-a-1	POU3F2	ENSG00000184486.10	mavedb_mapping	POU3F2 POU-specific domain domainome 1.0	Stability measurements of the POU3F2 POU-specific domain from domainome 1.0.	""	""	""	""	bioRxiv:2024.04.26.591310 (10.1101/2024.04.26.591310)	CC0	2024-05-17	1541	none reported in score columns	complete	none	""	not computed at this scope	""	""				unknown	none	scores_not_downloaded_at_this_scope	false	candidate	""
urn:mavedb:00000973-a-1	POU3F3	ENSG00000198914.5	mavedb_mapping	POU3F3 Homeobox domain domainome 1.0	Stability measurements of the POU3F3 Homeobox domain from domainome 1.0.	""	""	""	""	bioRxiv:2024.04.26.591310 (10.1101/2024.04.26.591310)	CC0	2024-05-17	1121	none reported in score columns	complete	none	""	not computed at this scope	""	""				unknown	none	scores_not_downloaded_at_this_scope	false	candidate	""
urn:mavedb:00000974-a-1	POU3F3	ENSG00000198914.5	mavedb_mapping	POU3F3 POU-specific domain domainome 1.0	Stability measurements of the POU3F3 POU-specific domain from domainome 1.0.	""	""	""	""	bioRxiv:2024.04.26.591310 (10.1101/2024.04.26.591310)	CC0	2024-05-17	1381	none reported in score columns	complete	none	""	not computed at this scope	""	""				unknown	none	scores_not_downloaded_at_this_scope	false	candidate	""
urn:mavedb:00000975-a-1	POU3F4	ENSG00000196767.9	mavedb_mapping	POU3F4 Homeobox domain domainome 1.0	Stability measurements of the POU3F4 Homeobox domain from domainome 1.0.	""	""	""	""	bioRxiv:2024.04.26.591310 (10.1101/2024.04.26.591310)	CC0	2024-05-17	1121	none reported in score columns	complete	none	""	not computed at this scope	""	""				unknown	none	scores_not_downloaded_at_this_scope	false	candidate	""
urn:mavedb:00000976-a-1	POU4F1	ENSG00000152192.8	mavedb_mapping	POU4F1 POU-specific domain domainome 1.0	Stability measurements of the POU4F1 POU-specific domain from domainome 1.0.	""	""	""	""	bioRxiv:2024.04.26.591310 (10.1101/2024.04.26.591310)	CC0	2024-05-17	1641	none reported in score columns	complete	none	""	not computed at this scope	""	""				unknown	none	scores_not_downloaded_at_this_scope	false	candidate	""
urn:mavedb:00000977-a-1	POU4F2	ENSG00000151615.3	mavedb_mapping	POU4F2 POU-specific domain domainome 1.0	Stability measurements of the POU4F2 POU-specific domain from domainome 1.0.	""	""	""	""	bioRxiv:2024.04.26.591310 (10.1101/2024.04.26.591310)	CC0	2024-05-17	1441	none reported in score columns	complete	none	""	not computed at this scope	""	""				unknown	none	scores_not_downloaded_at_this_scope	false	candidate	""
urn:mavedb:00000978-a-1	POU4F3	ENSG00000091010.7	mavedb_mapping	POU4F3 POU-specific domain domainome 1.0	Stability measurements of the POU4F3 POU-specific domain from domainome 1.0.	""	""	""	""	bioRxiv:2024.04.26.591310 (10.1101/2024.04.26.591310)	CC0	2024-05-17	1441	none reported in score columns	complete	none	""	not computed at this scope	""	""				unknown	none	scores_not_downloaded_at_this_scope	false	candidate	""
urn:mavedb:00000979-a-1	POU5F1	ENSG00000204531.22	uniprot	POU5F1 POU-specific domain domainome 1.0	Stability measurements of the POU5F1 POU-specific domain from domainome 1.0.	""	""	""	""	bioRxiv:2024.04.26.591310 (10.1101/2024.04.26.591310)	CC0	2024-05-17	1581	none reported in score columns	incomplete	none	""	not computed at this scope	""	""				unknown	none	scores_not_downloaded_at_this_scope,genomic_mapping_incomplete	false	candidate	""
urn:mavedb:00000980-a-1	POU6F1	ENSG00000184271.19	mavedb_mapping	POU6F1 POU-specific domain domainome 1.0	Stability measurements of the POU6F1 POU-specific domain from domainome 1.0.	""	""	""	""	bioRxiv:2024.04.26.591310 (10.1101/2024.04.26.591310)	CC0	2024-05-17	1801	none reported in score columns	complete	none	""	not computed at this scope	""	""				unknown	none	scores_not_downloaded_at_this_scope	false	candidate	""
urn:mavedb:00000981-a-1	POU6F2	ENSG00000106536.21	mavedb_mapping	POU6F2 Homeobox domain domainome 1.0	Stability measurements of the POU6F2 Homeobox domain from domainome 1.0.	""	""	""	""	bioRxiv:2024.04.26.591310 (10.1101/2024.04.26.591310)	CC0	2024-05-17	1101	none reported in score columns	complete	none	""	not computed at this scope	""	""				unknown	none	scores_not_downloaded_at_this_scope	false	candidate	""
urn:mavedb:00000982-a-1	PPARD	ENSG00000112033.16	mavedb_mapping	PPARD Zinc finger, nuclear hormone receptor-type domain domainome 1.0	Stability measurements of the PPARD Zinc finger, nuclear hormone receptor-type domain from domainome 1.0.	""	""	""	""	bioRxiv:2024.04.26.591310 (10.1101/2024.04.26.591310)	CC0	2024-05-17	1501	none reported in score columns	complete	none	""	not computed at this scope	""	""				unknown	none	scores_not_downloaded_at_this_scope	false	candidate	""
urn:mavedb:00000983-a-1	PPP1R9A	ENSG00000158528.14	mavedb_mapping	PPP1R9A Sterile alpha motif domain domainome 1.0	Stability measurements of the PPP1R9A Sterile alpha motif domain from domainome 1.0.	""	""	""	""	bioRxiv:2024.04.26.591310 (10.1101/2024.04.26.591310)	CC0	2024-05-17	1261	none reported in score columns	complete	none	""	not computed at this scope	""	""				unknown	none	scores_not_downloaded_at_this_scope	false	candidate	""
urn:mavedb:00000984-a-1	PRDM15	ENSG00000141956.15	mavedb_mapping	PRDM15 Zinc finger C2H2-type domain domainome 1.0	Stability measurements of the PRDM15 Zinc finger C2H2-type domain from domainome 1.0.	""	""	""	""	bioRxiv:2024.04.26.591310 (10.1101/2024.04.26.591310)	CC0	2024-05-17	441	none reported in score columns	complete	none	""	not computed at this scope	""	""				unknown	none	scores_not_downloaded_at_this_scope	false	candidate	""
urn:mavedb:00000985-a-1	PRDM16	ENSG00000142611.18	mavedb_mapping	PRDM16 Zinc finger C2H2-type domain domainome 1.0	Stability measurements of the PRDM16 Zinc finger C2H2-type domain from domainome 1.0.	""	""	""	""	bioRxiv:2024.04.26.591310 (10.1101/2024.04.26.591310)	CC0	2024-05-17	441	none reported in score columns	complete	none	""	not computed at this scope	""	""				unknown	none	scores_not_downloaded_at_this_scope	false	candidate	""
urn:mavedb:00000986-a-1	PRDM5	ENSG00000138738.13	mavedb_mapping	PRDM5 Zinc finger C2H2-type domain domainome 1.0	Stability measurements of the PRDM5 Zinc finger C2H2-type domain from domainome 1.0.	""	""	""	""	bioRxiv:2024.04.26.591310 (10.1101/2024.04.26.591310)	CC0	2024-05-17	461	none reported in score columns	complete	none	""	not computed at this scope	""	""				unknown	none	scores_not_downloaded_at_this_scope	false	candidate	""
urn:mavedb:00000987-a-1	PRDM8	ENSG00000152784.18	mavedb_mapping	PRDM8 Zinc finger C2H2-type domain domainome 1.0	Stability measurements of the PRDM8 Zinc finger C2H2-type domain from domainome 1.0.	""	""	""	""	bioRxiv:2024.04.26.591310 (10.1101/2024.04.26.591310)	CC0	2024-05-17	421	none reported in score columns	complete	none	""	not computed at this scope	""	""				unknown	none	scores_not_downloaded_at_this_scope	false	candidate	""
urn:mavedb:00000988-a-1	PRKCD	ENSG00000163932.18	mavedb_mapping	PRKCD Protein kinase C-like, phorbol ester/diacylglycerol-binding domain domainome 1.0	Stability measurements of the PRKCD Protein kinase C-like, phorbol ester/diacylglycerol-binding domain from domainome 1.0.	""	""	""	""	bioRxiv:2024.04.26.591310 (10.1101/2024.04.26.591310)	CC0	2024-05-17	1101	none reported in score columns	complete	none	""	not computed at this scope	""	""				unknown	none	scores_not_downloaded_at_this_scope	false	candidate	""
urn:mavedb:00000989-a-1	PROP1	ENSG00000175325.2	mavedb_mapping	PROP1 Homeobox domain domainome 1.0	Stability measurements of the PROP1 Homeobox domain from domainome 1.0.	""	""	""	""	bioRxiv:2024.04.26.591310 (10.1101/2024.04.26.591310)	CC0	2024-05-17	1121	none reported in score columns	complete	none	""	not computed at this scope	""	""				unknown	none	scores_not_downloaded_at_this_scope	false	candidate	""
urn:mavedb:00000990-a-1	PRPF3	ENSG00000117360.15	uniprot	PRPF3 PWI domain domainome 1.0	Stability measurements of the PRPF3 PWI domain from domainome 1.0.	""	""	""	""	bioRxiv:2024.04.26.591310 (10.1101/2024.04.26.591310)	CC0	2024-05-17	1361	none reported in score columns	incomplete	none	""	not computed at this scope	""	""				unknown	none	scores_not_downloaded_at_this_scope,genomic_mapping_incomplete	false	candidate	""
urn:mavedb:00000991-a-1	PRPF40A	ENSG00000196504.23	mavedb_mapping	PRPF40A FF domain domainome 1.0	Stability measurements of the PRPF40A FF domain from domainome 1.0.	""	""	""	""	bioRxiv:2024.04.26.591310 (10.1101/2024.04.26.591310)	CC0	2024-05-17	1081	none reported in score columns	complete	none	""	not computed at this scope	""	""				unknown	none	scores_not_downloaded_at_this_scope	false	candidate	""
urn:mavedb:00000992-a-1	PRPF40A	ENSG00000196504.23	mavedb_mapping	PRPF40A FF domain domainome 1.0	Stability measurements of the PRPF40A FF domain from domainome 1.0.	""	""	""	""	bioRxiv:2024.04.26.591310 (10.1101/2024.04.26.591310)	CC0	2024-05-17	1001	none reported in score columns	complete	none	""	not computed at this scope	""	""				unknown	none	scores_not_downloaded_at_this_scope	false	candidate	""
urn:mavedb:00000993-a-1	PRPF40A	ENSG00000196504.23	mavedb_mapping	PRPF40A FF domain domainome 1.0	Stability measurements of the PRPF40A FF domain from domainome 1.0.	""	""	""	""	bioRxiv:2024.04.26.591310 (10.1101/2024.04.26.591310)	CC0	2024-05-17	1201	none reported in score columns	complete	none	""	not computed at this scope	""	""				unknown	none	scores_not_downloaded_at_this_scope	false	candidate	""
urn:mavedb:00000994-a-1	PRPF40A	ENSG00000196504.23	mavedb_mapping	PRPF40A FF domain domainome 1.0	Stability measurements of the PRPF40A FF domain from domainome 1.0.	""	""	""	""	bioRxiv:2024.04.26.591310 (10.1101/2024.04.26.591310)	CC0	2024-05-17	1101	none reported in score columns	complete	none	""	not computed at this scope	""	""				unknown	none	scores_not_downloaded_at_this_scope	false	candidate	""
urn:mavedb:00000995-a-1	PRPF40A	ENSG00000196504.23	mavedb_mapping	PRPF40A WW domain domainome 1.0	Stability measurements of the PRPF40A WW domain from domainome 1.0.	""	""	""	""	bioRxiv:2024.04.26.591310 (10.1101/2024.04.26.591310)	CC0	2024-05-17	1021	none reported in score columns	complete	none	""	not computed at this scope	""	""				unknown	none	scores_not_downloaded_at_this_scope	false	candidate	""
urn:mavedb:00000996-a-1	PRPF40B	ENSG00000110844.16	mavedb_mapping	PRPF40B FF domain domainome 1.0	Stability measurements of the PRPF40B FF domain from domainome 1.0.	""	""	""	""	bioRxiv:2024.04.26.591310 (10.1101/2024.04.26.591310)	CC0	2024-05-17	1181	none reported in score columns	complete	none	""	not computed at this scope	""	""				unknown	none	scores_not_downloaded_at_this_scope	false	candidate	""
urn:mavedb:00000997-a-1	PRRX1	ENSG00000116132.13	mavedb_mapping	PRRX1 Homeobox domain domainome 1.0	Stability measurements of the PRRX1 Homeobox domain from domainome 1.0.	""	""	""	""	bioRxiv:2024.04.26.591310 (10.1101/2024.04.26.591310)	CC0	2024-05-17	1121	none reported in score columns	complete	none	""	not computed at this scope	""	""				unknown	none	scores_not_downloaded_at_this_scope	false	candidate	""
urn:mavedb:00000998-a-1	PSTPIP1	ENSG00000140368.15	mavedb_mapping	PSTPIP1 SH3 domain domainome 1.0	Stability measurements of the PSTPIP1 SH3 domain from domainome 1.0.	""	""	""	""	bioRxiv:2024.04.26.591310 (10.1101/2024.04.26.591310)	CC0	2024-05-17	1121	none reported in score columns	complete	none	""	not computed at this scope	""	""				unknown	none	scores_not_downloaded_at_this_scope	false	candidate	""
urn:mavedb:00000999-a-1	PYCARD	ENSG00000103490.15	mavedb_mapping	PYCARD CARD domain domainome 1.0	Stability measurements of the PYCARD CARD domain from domainome 1.0.	""	""	""	""	bioRxiv:2024.04.26.591310 (10.1101/2024.04.26.591310)	CC0	2024-05-17	1621	none reported in score columns	complete	none	""	not computed at this scope	""	""				unknown	none	scores_not_downloaded_at_this_scope	false	candidate	""
urn:mavedb:00001000-a-1	RAD23B	ENSG00000119318.15	mavedb_mapping	RAD23B Ubiquitin-associated domain domainome 1.0	Stability measurements of the RAD23B Ubiquitin-associated domain from domainome 1.0.	""	""	""	""	bioRxiv:2024.04.26.591310 (10.1101/2024.04.26.591310)	CC0	2024-05-17	901	none reported in score columns	complete	none	""	not computed at this scope	""	""				unknown	none	scores_not_downloaded_at_this_scope	false	candidate	""
urn:mavedb:00001001-a-1	RAD23B	ENSG00000119318.15	mavedb_mapping	RAD23B Ubiquitin-associated domain domainome 1.0	Stability measurements of the RAD23B Ubiquitin-associated domain from domainome 1.0.	""	""	""	""	bioRxiv:2024.04.26.591310 (10.1101/2024.04.26.591310)	CC0	2024-05-17	901	none reported in score columns	complete	none	""	not computed at this scope	""	""				unknown	none	scores_not_downloaded_at_this_scope	false	candidate	""
urn:mavedb:00001002-a-1	RAF1	ENSG00000132155.16	mavedb_mapping	RAF1 Raf-like Ras-binding domain domainome 1.0	Stability measurements of the RAF1 Raf-like Ras-binding domain from domainome 1.0.	""	""	""	""	bioRxiv:2024.04.26.591310 (10.1101/2024.04.26.591310)	CC0	2024-05-17	1421	none reported in score columns	complete	none	""	not computed at this scope	""	""				unknown	none	scores_not_downloaded_at_this_scope	false	candidate	""
urn:mavedb:00001003-a-1	RAG2	ENSG00000175097.9	mavedb_mapping	RAG2 Recombination activating protein 2, PHD domain domainome 1.0	Stability measurements of the RAG2 Recombination activating protein 2, PHD domain from domainome 1.0.	""	""	""	""	bioRxiv:2024.04.26.591310 (10.1101/2024.04.26.591310)	CC0	2024-05-17	1541	none reported in score columns	complete	none	""	not computed at this scope	""	""				unknown	none	scores_not_downloaded_at_this_scope	false	candidate	""
urn:mavedb:00001004-a-1	RANBP2	ENSG00000153201.19	uniprot	RANBP2 Zinc finger, RanBP2-type domain domainome 1.0	Stability measurements of the RANBP2 Zinc finger, RanBP2-type domain from domainome 1.0.	""	""	""	""	bioRxiv:2024.04.26.591310 (10.1101/2024.04.26.591310)	CC0	2024-05-17	601	none reported in score columns	complete	none	""	not computed at this scope	""	""				unknown	none	scores_not_downloaded_at_this_scope	false	candidate	""
urn:mavedb:00001005-a-1	RANBP2	ENSG00000153201.19	uniprot	RANBP2 Zinc finger, RanBP2-type domain domainome 1.0	Stability measurements of the RANBP2 Zinc finger, RanBP2-type domain from domainome 1.0.	""	""	""	""	bioRxiv:2024.04.26.591310 (10.1101/2024.04.26.591310)	CC0	2024-05-17	621	none reported in score columns	complete	none	""	not computed at this scope	""	""				unknown	none	scores_not_downloaded_at_this_scope	false	candidate	""
urn:mavedb:00001006-a-1	RARB	ENSG00000077092.22	uniprot	RARB Zinc finger, nuclear hormone receptor-type domain domainome 1.0	Stability measurements of the RARB Zinc finger, nuclear hormone receptor-type domain from domainome 1.0.	""	""	""	""	bioRxiv:2024.04.26.591310 (10.1101/2024.04.26.591310)	CC0	2024-05-17	1541	none reported in score columns	failed	none	""	not computed at this scope	""	""				unknown	none	scores_not_downloaded_at_this_scope,genomic_mapping_failed	false	candidate	""
urn:mavedb:00001007-a-1	RASA1	ENSG00000145715.17	mavedb_mapping	RASA1 SH3 domain domainome 1.0	Stability measurements of the RASA1 SH3 domain from domainome 1.0.	""	""	""	""	bioRxiv:2024.04.26.591310 (10.1101/2024.04.26.591310)	CC0	2024-05-17	1221	none reported in score columns	complete	none	""	not computed at this scope	""	""				unknown	none	scores_not_downloaded_at_this_scope	false	candidate	""
urn:mavedb:00001008-a-1	RASA4	ENSG00000105808.21	mavedb_mapping	RASA4 Zinc finger, Btk motif domain domainome 1.0	Stability measurements of the RASA4 Zinc finger, Btk motif domain from domainome 1.0.	""	""	""	""	bioRxiv:2024.04.26.591310 (10.1101/2024.04.26.591310)	CC0	2024-05-17	561	none reported in score columns	complete	none	""	not computed at this scope	""	""				unknown	none	scores_not_downloaded_at_this_scope	false	candidate	""
urn:mavedb:00001009-a-1	RASGRP1	ENSG00000172575.15	mavedb_mapping	RASGRP1 Protein kinase C-like, phorbol ester/diacylglycerol-binding domain domainome 1.0	Stability measurements of the RASGRP1 Protein kinase C-like, phorbol ester/diacylglycerol-binding domain from domainome 1.0.	""	""	""	""	bioRxiv:2024.04.26.591310 (10.1101/2024.04.26.591310)	CC0	2024-05-17	1101	none reported in score columns	complete	none	""	not computed at this scope	""	""				unknown	none	scores_not_downloaded_at_this_scope	false	candidate	""
urn:mavedb:00001010-a-1	RBCK1	ENSG00000125826.24	mavedb_mapping	RBCK1 IBR domain domainome 1.0	Stability measurements of the RBCK1 IBR domain from domainome 1.0.	""	""	""	""	bioRxiv:2024.04.26.591310 (10.1101/2024.04.26.591310)	CC0	2024-05-17	861	none reported in score columns	complete	none	""	not computed at this scope	""	""				unknown	none	scores_not_downloaded_at_this_scope	false	candidate	""
urn:mavedb:00001011-a-1	RBM10	ENSG00000182872.18	mavedb_mapping	RBM10 Zinc finger, RanBP2-type domain domainome 1.0	Stability measurements of the RBM10 Zinc finger, RanBP2-type domain from domainome 1.0.	""	""	""	""	bioRxiv:2024.04.26.591310 (10.1101/2024.04.26.591310)	CC0	2024-05-17	561	none reported in score columns	complete	none	""	not computed at this scope	""	""				unknown	none	scores_not_downloaded_at_this_scope	false	candidate	""
urn:mavedb:00001012-a-1	RBM10	ENSG00000182872.18	mavedb_mapping	RBM10 Zinc finger, RanBP2-type domain domainome 1.0	Stability measurements of the RBM10 Zinc finger, RanBP2-type domain from domainome 1.0.	""	""	""	""	bioRxiv:2024.04.26.591310 (10.1101/2024.04.26.591310)	CC0	2024-05-17	521	none reported in score columns	complete	none	""	not computed at this scope	""	""				unknown	none	scores_not_downloaded_at_this_scope	false	candidate	""
urn:mavedb:00001013-a-1	RCOR1	ENSG00000089902.12	mavedb_mapping	RCOR1 SANT/Myb domain domainome 1.0	Stability measurements of the RCOR1 SANT/Myb domain from domainome 1.0.	""	""	""	""	bioRxiv:2024.04.26.591310 (10.1101/2024.04.26.591310)	CC0	2024-05-17	1281	none reported in score columns	complete	none	""	not computed at this scope	""	""				unknown	none	scores_not_downloaded_at_this_scope	false	candidate	""
urn:mavedb:00001014-a-1	RCOR3	ENSG00000117625.16	mavedb_mapping	RCOR3 SANT/Myb domain domainome 1.0	Stability measurements of the RCOR3 SANT/Myb domain from domainome 1.0.	""	""	""	""	bioRxiv:2024.04.26.591310 (10.1101/2024.04.26.591310)	CC0	2024-05-17	961	none reported in score columns	complete	none	""	not computed at this scope	""	""				unknown	none	scores_not_downloaded_at_this_scope	false	candidate	""
urn:mavedb:00001015-a-1	RERE	ENSG00000142599.22	uniprot	RERE Zinc finger, GATA-type domain domainome 1.0	Stability measurements of the RERE Zinc finger, GATA-type domain from domainome 1.0.	""	""	""	""	bioRxiv:2024.04.26.591310 (10.1101/2024.04.26.591310)	CC0	2024-05-17	841	none reported in score columns	complete	none	""	not computed at this scope	""	""				unknown	none	scores_not_downloaded_at_this_scope	false	candidate	""
urn:mavedb:00001016-a-1	RFC1	ENSG00000035928.19	mavedb_mapping	RFC1 BRCT domain domainome 1.0	Stability measurements of the RFC1 BRCT domain from domainome 1.0.	""	""	""	""	bioRxiv:2024.04.26.591310 (10.1101/2024.04.26.591310)	CC0	2024-05-17	1501	none reported in score columns	complete	none	""	not computed at this scope	""	""				unknown	none	scores_not_downloaded_at_this_scope	false	candidate	""
urn:mavedb:00001017-a-1	RIPK2	ENSG00000104312.10	mavedb_mapping	RIPK2 CARD domain domainome 1.0	Stability measurements of the RIPK2 CARD domain from domainome 1.0.	""	""	""	""	bioRxiv:2024.04.26.591310 (10.1101/2024.04.26.591310)	CC0	2024-05-17	1621	none reported in score columns	complete	none	""	not computed at this scope	""	""				unknown	none	scores_not_downloaded_at_this_scope	false	candidate	""
urn:mavedb:00001018-a-1	RNF113A	ENSG00000125352.6	mavedb_mapping	RNF113A Zinc finger, CCCH-type domain domainome 1.0	Stability measurements of the RNF113A Zinc finger, CCCH-type domain from domainome 1.0.	""	""	""	""	bioRxiv:2024.04.26.591310 (10.1101/2024.04.26.591310)	CC0	2024-05-17	501	none reported in score columns	complete	none	""	not computed at this scope	""	""				unknown	none	scores_not_downloaded_at_this_scope	false	candidate	""
urn:mavedb:00001019-a-1	RNF126	ENSG00000070423.20	mavedb_mapping	RNF126 E3 ubiquitin-protein ligase RNF126-like, zinc-ribbon domain domainome 1.0	Stability measurements of the RNF126 E3 ubiquitin-protein ligase RNF126-like, zinc-ribbon domain from domainome 1.0.	""	""	""	""	bioRxiv:2024.04.26.591310 (10.1101/2024.04.26.591310)	CC0	2024-05-17	601	none reported in score columns	complete	none	""	not computed at this scope	""	""				unknown	none	scores_not_downloaded_at_this_scope	false	candidate	""
urn:mavedb:00001020-a-1	RNF32	ENSG00000105982.19	mavedb_mapping	RNF32 IQ motif, EF-hand binding site domain domainome 1.0	Stability measurements of the RNF32 IQ motif, EF-hand binding site domain from domainome 1.0.	""	""	""	""	bioRxiv:2024.04.26.591310 (10.1101/2024.04.26.591310)	CC0	2024-05-17	381	none reported in score columns	complete	none	""	not computed at this scope	""	""				unknown	none	scores_not_downloaded_at_this_scope	false	candidate	""
urn:mavedb:00001021-a-1	RNF7	ENSG00000114125.15	mavedb_mapping	RNF7 Zinc finger, RING-H2-type domain domainome 1.0	Stability measurements of the RNF7 Zinc finger, RING-H2-type domain from domainome 1.0.	""	""	""	""	bioRxiv:2024.04.26.591310 (10.1101/2024.04.26.591310)	CC0	2024-05-17	1121	none reported in score columns	complete	none	""	not computed at this scope	""	""				unknown	none	scores_not_downloaded_at_this_scope	false	candidate	""
urn:mavedb:00001022-a-1	RPL35	ENSG00000136942.17	mavedb_mapping	RPL35 Ribosomal protein L29/L35 domainome 1.0	Stability measurements of the RPL35 Ribosomal protein L29/L35 from domainome 1.0.	""	""	""	""	bioRxiv:2024.04.26.591310 (10.1101/2024.04.26.591310)	CC0	2024-05-17	1101	none reported in score columns	complete	none	""	not computed at this scope	""	""				unknown	none	scores_not_downloaded_at_this_scope	false	candidate	""
urn:mavedb:00001024-a-1	RSL24D1	ENSG00000137876.13	mavedb_mapping	RSL24D1 Ribosomal protein L24e-related domainome 1.0	Stability measurements of the RSL24D1 Ribosomal protein L24e-related from domainome 1.0.	""	""	""	""	bioRxiv:2024.04.26.591310 (10.1101/2024.04.26.591310)	CC0	2024-05-17	1281	none reported in score columns	complete	none	""	not computed at this scope	""	""				unknown	none	scores_not_downloaded_at_this_scope	false	candidate	""
urn:mavedb:00001026-a-1	RUFY1	ENSG00000176783.17	mavedb_mapping	RUFY1 FYVE zinc finger domain domainome 1.0	Stability measurements of the RUFY1 FYVE zinc finger domain from domainome 1.0.	""	""	""	""	bioRxiv:2024.04.26.591310 (10.1101/2024.04.26.591310)	CC0	2024-05-17	1201	none reported in score columns	complete	none	""	not computed at this scope	""	""				unknown	none	scores_not_downloaded_at_this_scope	false	candidate	""
urn:mavedb:00001027-a-1	RXRA	ENSG00000186350.13	mavedb_mapping	RXRA Zinc finger, nuclear hormone receptor-type domain domainome 1.0	Stability measurements of the RXRA Zinc finger, nuclear hormone receptor-type domain from domainome 1.0.	""	""	""	""	bioRxiv:2024.04.26.591310 (10.1101/2024.04.26.591310)	CC0	2024-05-17	1541	none reported in score columns	complete	none	""	not computed at this scope	""	""				unknown	none	scores_not_downloaded_at_this_scope	false	candidate	""
urn:mavedb:00001029-a-1	SAFB2	ENSG00000130254.15	mavedb_mapping	SAFB2 SAP domain domainome 1.0	Stability measurements of the SAFB2 SAP domain from domainome 1.0.	""	""	""	""	bioRxiv:2024.04.26.591310 (10.1101/2024.04.26.591310)	CC0	2024-05-17	881	none reported in score columns	complete	none	""	not computed at this scope	""	""				unknown	none	scores_not_downloaded_at_this_scope	false	candidate	""
urn:mavedb:00001030-a-1	SAFB	ENSG00000160633.15	mavedb_mapping	SAFB SAP domain domainome 1.0	Stability measurements of the SAFB SAP domain from domainome 1.0.	""	""	""	""	bioRxiv:2024.04.26.591310 (10.1101/2024.04.26.591310)	CC0	2024-05-17	1101	none reported in score columns	complete	none	""	not computed at this scope	""	""				unknown	none	scores_not_downloaded_at_this_scope	false	candidate	""
urn:mavedb:00001031-a-1	SALL1	ENSG00000103449.15	mavedb_mapping	SALL1 Zinc finger C2H2-type domain domainome 1.0	Stability measurements of the SALL1 Zinc finger C2H2-type domain from domainome 1.0.	""	""	""	""	bioRxiv:2024.04.26.591310 (10.1101/2024.04.26.591310)	CC0	2024-05-17	441	none reported in score columns	complete	none	""	not computed at this scope	""	""				unknown	none	scores_not_downloaded_at_this_scope	false	candidate	""
urn:mavedb:00001032-a-1	SALL4	ENSG00000101115.14	mavedb_mapping	SALL4 Zinc finger C2H2-type domain domainome 1.0	Stability measurements of the SALL4 Zinc finger C2H2-type domain from domainome 1.0.	""	""	""	""	bioRxiv:2024.04.26.591310 (10.1101/2024.04.26.591310)	CC0	2024-05-17	441	none reported in score columns	complete	none	""	not computed at this scope	""	""				unknown	none	scores_not_downloaded_at_this_scope	false	candidate	""
urn:mavedb:00001033-a-1	SALL4	ENSG00000101115.14	mavedb_mapping	SALL4 Zinc finger C2H2-type domain domainome 1.0	Stability measurements of the SALL4 Zinc finger C2H2-type domain from domainome 1.0.	""	""	""	""	bioRxiv:2024.04.26.591310 (10.1101/2024.04.26.591310)	CC0	2024-05-17	441	none reported in score columns	complete	none	""	not computed at this scope	""	""				unknown	none	scores_not_downloaded_at_this_scope	false	candidate	""
urn:mavedb:00001034-a-1	SALL4	ENSG00000101115.14	mavedb_mapping	SALL4 Zinc finger C2H2-type domain domainome 1.0	Stability measurements of the SALL4 Zinc finger C2H2-type domain from domainome 1.0.	""	""	""	""	bioRxiv:2024.04.26.591310 (10.1101/2024.04.26.591310)	CC0	2024-05-17	441	none reported in score columns	complete	none	""	not computed at this scope	""	""				unknown	none	scores_not_downloaded_at_this_scope	false	candidate	""
urn:mavedb:00001035-a-1	SAMD9	ENSG00000205413.9	uniprot	SAMD9 Sterile alpha motif domain domainome 1.0	Stability measurements of the SAMD9 Sterile alpha motif domain from domainome 1.0.	""	""	""	""	bioRxiv:2024.04.26.591310 (10.1101/2024.04.26.591310)	CC0	2024-05-17	1461	none reported in score columns	complete	none	""	not computed at this scope	""	""				unknown	none	scores_not_downloaded_at_this_scope	false	candidate	""
urn:mavedb:00001036-a-1	SARNP	ENSG00000205323.11	mavedb_mapping	SARNP SAP domain domainome 1.0	Stability measurements of the SARNP SAP domain from domainome 1.0.	""	""	""	""	bioRxiv:2024.04.26.591310 (10.1101/2024.04.26.591310)	CC0	2024-05-17	901	none reported in score columns	complete	none	""	not computed at this scope	""	""				unknown	none	scores_not_downloaded_at_this_scope	false	candidate	""
urn:mavedb:00001037-a-1	SASH1	ENSG00000111961.21	mavedb_mapping	SASH1 Sterile alpha motif domain domainome 1.0	Stability measurements of the SASH1 Sterile alpha motif domain from domainome 1.0.	""	""	""	""	bioRxiv:2024.04.26.591310 (10.1101/2024.04.26.591310)	CC0	2024-05-17	1421	none reported in score columns	complete	none	""	not computed at this scope	""	""				unknown	none	scores_not_downloaded_at_this_scope	false	candidate	""
urn:mavedb:00001038-a-1	SATB1	ENSG00000182568.20	mavedb_mapping	SATB1 CUT domain domainome 1.0	Stability measurements of the SATB1 CUT domain from domainome 1.0.	""	""	""	""	bioRxiv:2024.04.26.591310 (10.1101/2024.04.26.591310)	CC0	2024-05-17	1481	none reported in score columns	complete	none	""	not computed at this scope	""	""				unknown	none	scores_not_downloaded_at_this_scope	false	candidate	""
urn:mavedb:00001039-a-1	SATB1	ENSG00000182568.20	mavedb_mapping	SATB1 CUT domain domainome 1.0	Stability measurements of the SATB1 CUT domain from domainome 1.0.	""	""	""	""	bioRxiv:2024.04.26.591310 (10.1101/2024.04.26.591310)	CC0	2024-05-17	1501	none reported in score columns	complete	none	""	not computed at this scope	""	""				unknown	none	scores_not_downloaded_at_this_scope	false	candidate	""
urn:mavedb:00001040-a-1	SATB1	ENSG00000182568.20	mavedb_mapping	SATB1 SATB, CUT1-like DNA-binding domain domainome 1.0	Stability measurements of the SATB1 SATB, CUT1-like DNA-binding domain from domainome 1.0.	""	""	""	""	bioRxiv:2024.04.26.591310 (10.1101/2024.04.26.591310)	CC0	2024-05-17	1401	none reported in score columns	complete	none	""	not computed at this scope	""	""				unknown	none	scores_not_downloaded_at_this_scope	false	candidate	""
urn:mavedb:00001041-a-1	SATB2	ENSG00000119042.20	mavedb_mapping	SATB2 CUT domain domainome 1.0	Stability measurements of the SATB2 CUT domain from domainome 1.0.	""	""	""	""	bioRxiv:2024.04.26.591310 (10.1101/2024.04.26.591310)	CC0	2024-05-17	1541	none reported in score columns	complete	none	""	not computed at this scope	""	""				unknown	none	scores_not_downloaded_at_this_scope	false	candidate	""
urn:mavedb:00001042-a-1	SATB2	ENSG00000119042.20	mavedb_mapping	SATB2 CUT domain domainome 1.0	Stability measurements of the SATB2 CUT domain from domainome 1.0.	""	""	""	""	bioRxiv:2024.04.26.591310 (10.1101/2024.04.26.591310)	CC0	2024-05-17	1501	none reported in score columns	complete	none	""	not computed at this scope	""	""				unknown	none	scores_not_downloaded_at_this_scope	false	candidate	""
urn:mavedb:00001043-a-1	SCRIB	ENSG00000180900.22	mavedb_mapping	SCRIB PDZ domain domainome 1.0	Stability measurements of the SCRIB PDZ domain from domainome 1.0.	""	""	""	""	bioRxiv:2024.04.26.591310 (10.1101/2024.04.26.591310)	CC0	2024-05-17	1941	none reported in score columns	complete	none	""	not computed at this scope	""	""				unknown	none	scores_not_downloaded_at_this_scope	false	candidate	""
urn:mavedb:00001044-a-1	SETD2	ENSG00000181555.24	mavedb_mapping	SETD2 WW domain domainome 1.0	Stability measurements of the SETD2 WW domain from domainome 1.0.	""	""	""	""	bioRxiv:2024.04.26.591310 (10.1101/2024.04.26.591310)	CC0	2024-05-17	981	none reported in score columns	complete	none	""	not computed at this scope	""	""				unknown	none	scores_not_downloaded_at_this_scope	false	candidate	""
urn:mavedb:00001045-a-1	SH3D19	ENSG00000109686.23	mavedb_mapping	SH3D19 SH3 domain domainome 1.0	Stability measurements of the SH3D19 SH3 domain from domainome 1.0.	""	""	""	""	bioRxiv:2024.04.26.591310 (10.1101/2024.04.26.591310)	CC0	2024-05-17	1121	none reported in score columns	complete	none	""	not computed at this scope	""	""				unknown	none	scores_not_downloaded_at_this_scope	false	candidate	""
urn:mavedb:00001046-a-1	SH3PXD2B	ENSG00000174705.15	mavedb_mapping	SH3PXD2B SH3 domain domainome 1.0	Stability measurements of the SH3PXD2B SH3 domain from domainome 1.0.	""	""	""	""	bioRxiv:2024.04.26.591310 (10.1101/2024.04.26.591310)	CC0	2024-05-17	1181	none reported in score columns	complete	none	""	not computed at this scope	""	""				unknown	none	scores_not_downloaded_at_this_scope	false	candidate	""
urn:mavedb:00001047-a-1	SH3PXD2B	ENSG00000174705.15	mavedb_mapping	SH3PXD2B SH3 domain domainome 1.0	Stability measurements of the SH3PXD2B SH3 domain from domainome 1.0.	""	""	""	""	bioRxiv:2024.04.26.591310 (10.1101/2024.04.26.591310)	CC0	2024-05-17	1101	none reported in score columns	complete	none	""	not computed at this scope	""	""				unknown	none	scores_not_downloaded_at_this_scope	false	candidate	""
urn:mavedb:00001048-a-1	SHOX	ENSG00000185960.15	mavedb_mapping	SHOX Homeobox domain domainome 1.0	Stability measurements of the SHOX Homeobox domain from domainome 1.0.	""	""	""	""	bioRxiv:2024.04.26.591310 (10.1101/2024.04.26.591310)	CC0	2024-05-17	1121	none reported in score columns	complete	none	""	not computed at this scope	""	""				unknown	none	scores_not_downloaded_at_this_scope	false	candidate	""
urn:mavedb:00001049-a-1	SHROOM4	ENSG00000158352.20	uniprot	SHROOM4 PDZ domain domainome 1.0	Stability measurements of the SHROOM4 PDZ domain from domainome 1.0.	""	""	""	""	bioRxiv:2024.04.26.591310 (10.1101/2024.04.26.591310)	CC0	2024-05-17	1721	none reported in score columns	complete	none	""	not computed at this scope	""	""				unknown	none	scores_not_downloaded_at_this_scope	false	candidate	""
urn:mavedb:00001050-a-1	SIX1	ENSG00000126778.14	mavedb_mapping	SIX1 Homeobox domain domainome 1.0	Stability measurements of the SIX1 Homeobox domain from domainome 1.0.	""	""	""	""	bioRxiv:2024.04.26.591310 (10.1101/2024.04.26.591310)	CC0	2024-05-17	1001	none reported in score columns	complete	none	""	not computed at this scope	""	""				unknown	none	scores_not_downloaded_at_this_scope	false	candidate	""
urn:mavedb:00001051-a-1	SIX2	ENSG00000170577.10	mavedb_mapping	SIX2 Homeobox domain domainome 1.0	Stability measurements of the SIX2 Homeobox domain from domainome 1.0.	""	""	""	""	bioRxiv:2024.04.26.591310 (10.1101/2024.04.26.591310)	CC0	2024-05-17	1001	none reported in score columns	complete	none	""	not computed at this scope	""	""				unknown	none	scores_not_downloaded_at_this_scope	false	candidate	""
urn:mavedb:00001052-a-1	SIX3	ENSG00000138083.6	mavedb_mapping	SIX3 Homeobox domain domainome 1.0	Stability measurements of the SIX3 Homeobox domain from domainome 1.0.	""	""	""	""	bioRxiv:2024.04.26.591310 (10.1101/2024.04.26.591310)	CC0	2024-05-17	1021	none reported in score columns	complete	none	""	not computed at this scope	""	""				unknown	none	scores_not_downloaded_at_this_scope	false	candidate	""
urn:mavedb:00001053-a-1	SIX6	ENSG00000184302.7	mavedb_mapping	SIX6 Homeobox domain domainome 1.0	Stability measurements of the SIX6 Homeobox domain from domainome 1.0.	""	""	""	""	bioRxiv:2024.04.26.591310 (10.1101/2024.04.26.591310)	CC0	2024-05-17	1021	none reported in score columns	complete	none	""	not computed at this scope	""	""				unknown	none	scores_not_downloaded_at_this_scope	false	candidate	""
urn:mavedb:00001054-a-1	SLTM	ENSG00000137776.19	uniprot	SLTM SAP domain domainome 1.0	Stability measurements of the SLTM SAP domain from domainome 1.0.	""	""	""	""	bioRxiv:2024.04.26.591310 (10.1101/2024.04.26.591310)	CC0	2024-05-17	1001	none reported in score columns	complete	none	""	not computed at this scope	""	""				unknown	none	scores_not_downloaded_at_this_scope	false	candidate	""
urn:mavedb:00001055-a-1	SMARCA4	ENSG00000127616.24	uniprot	SMARCA4 BRK domain domainome 1.0	Stability measurements of the SMARCA4 BRK domain from domainome 1.0.	""	""	""	""	bioRxiv:2024.04.26.591310 (10.1101/2024.04.26.591310)	CC0	2024-05-17	861	none reported in score columns	complete	none	""	not computed at this scope	""	""				unknown	none	scores_not_downloaded_at_this_scope	false	candidate	""
urn:mavedb:00001056-a-1	SMARCB1	ENSG00000099956.22	mavedb_mapping	SMARCB1 SNF5/SMARCB1/INI1 domain domainome 1.0	Stability measurements of the SMARCB1 SNF5/SMARCB1/INI1 domain from domainome 1.0.	""	""	""	""	bioRxiv:2024.04.26.591310 (10.1101/2024.04.26.591310)	CC0	2024-05-17	1361	none reported in score columns	complete	none	""	not computed at this scope	""	""				unknown	none	scores_not_downloaded_at_this_scope	false	candidate	""
urn:mavedb:00001057-a-1	SMARCC1	ENSG00000173473.13	mavedb_mapping	SMARCC1 SANT/Myb domain domainome 1.0	Stability measurements of the SMARCC1 SANT/Myb domain from domainome 1.0.	""	""	""	""	bioRxiv:2024.04.26.591310 (10.1101/2024.04.26.591310)	CC0	2024-05-17	881	none reported in score columns	complete	none	""	not computed at this scope	""	""				unknown	none	scores_not_downloaded_at_this_scope	false	candidate	""
urn:mavedb:00001058-a-1	SMARCC2	ENSG00000139613.14	mavedb_mapping	SMARCC2 SANT/Myb domain domainome 1.0	Stability measurements of the SMARCC2 SANT/Myb domain from domainome 1.0.	""	""	""	""	bioRxiv:2024.04.26.591310 (10.1101/2024.04.26.591310)	CC0	2024-05-17	861	none reported in score columns	complete	none	""	not computed at this scope	""	""				unknown	none	scores_not_downloaded_at_this_scope	false	candidate	""
urn:mavedb:00001059-a-1	SMARCE1	ENSG00000073584.22	mavedb_mapping	SMARCE1 High mobility group box domain domainome 1.0	Stability measurements of the SMARCE1 High mobility group box domain from domainome 1.0.	""	""	""	""	bioRxiv:2024.04.26.591310 (10.1101/2024.04.26.591310)	CC0	2024-05-17	1341	none reported in score columns	complete	none	""	not computed at this scope	""	""				unknown	none	scores_not_downloaded_at_this_scope	false	candidate	""
urn:mavedb:00001060-a-1	SMURF2	ENSG00000108854.18	mavedb_mapping	SMURF2 WW domain domainome 1.0	Stability measurements of the SMURF2 WW domain from domainome 1.0.	""	""	""	""	bioRxiv:2024.04.26.591310 (10.1101/2024.04.26.591310)	CC0	2024-05-17	981	none reported in score columns	complete	none	""	not computed at this scope	""	""				unknown	none	scores_not_downloaded_at_this_scope	false	candidate	""
urn:mavedb:00001062-a-1	SNTA1	ENSG00000101400.8	mavedb_mapping	SNTA1 PDZ domain domainome 1.0	Stability measurements of the SNTA1 PDZ domain from domainome 1.0.	""	""	""	""	bioRxiv:2024.04.26.591310 (10.1101/2024.04.26.591310)	CC0	2024-05-17	1861	none reported in score columns	complete	none	""	not computed at this scope	""	""				unknown	none	scores_not_downloaded_at_this_scope	false	candidate	""
urn:mavedb:00001063-a-1	SOX11	ENSG00000176887.7	mavedb_mapping	SOX11 High mobility group box domain domainome 1.0	Stability measurements of the SOX11 High mobility group box domain from domainome 1.0.	""	""	""	""	bioRxiv:2024.04.26.591310 (10.1101/2024.04.26.591310)	CC0	2024-05-17	1361	none reported in score columns	complete	none	""	not computed at this scope	""	""				unknown	none	scores_not_downloaded_at_this_scope	false	candidate	""
urn:mavedb:00001064-a-1	SOX17	ENSG00000164736.7	mavedb_mapping	SOX17 High mobility group box domain domainome 1.0	Stability measurements of the SOX17 High mobility group box domain from domainome 1.0.	""	""	""	""	bioRxiv:2024.04.26.591310 (10.1101/2024.04.26.591310)	CC0	2024-05-17	1361	none reported in score columns	complete	none	""	not computed at this scope	""	""				unknown	none	scores_not_downloaded_at_this_scope	false	candidate	""
urn:mavedb:00001065-a-1	SOX18	ENSG00000203883.8	mavedb_mapping	SOX18 High mobility group box domain domainome 1.0	Stability measurements of the SOX18 High mobility group box domain from domainome 1.0.	""	""	""	""	bioRxiv:2024.04.26.591310 (10.1101/2024.04.26.591310)	CC0	2024-05-17	1341	none reported in score columns	complete	none	""	not computed at this scope	""	""				unknown	none	scores_not_downloaded_at_this_scope	false	candidate	""
urn:mavedb:00001066-a-1	SOX2	ENSG00000181449.4	mavedb_mapping	SOX2 High mobility group box domain domainome 1.0	Stability measurements of the SOX2 High mobility group box domain from domainome 1.0.	""	""	""	""	bioRxiv:2024.04.26.591310 (10.1101/2024.04.26.591310)	CC0	2024-05-17	1361	none reported in score columns	complete	none	""	not computed at this scope	""	""				unknown	none	scores_not_downloaded_at_this_scope	false	candidate	""
urn:mavedb:00001067-a-1	SOX30	ENSG00000039600.13	mavedb_mapping	SOX30 High mobility group box domain domainome 1.0	Stability measurements of the SOX30 High mobility group box domain from domainome 1.0.	""	""	""	""	bioRxiv:2024.04.26.591310 (10.1101/2024.04.26.591310)	CC0	2024-05-17	1341	none reported in score columns	complete	none	""	not computed at this scope	""	""				unknown	none	scores_not_downloaded_at_this_scope	false	candidate	""
urn:mavedb:00001068-a-1	SOX3	ENSG00000134595.9	mavedb_mapping	SOX3 High mobility group box domain domainome 1.0	Stability measurements of the SOX3 High mobility group box domain from domainome 1.0.	""	""	""	""	bioRxiv:2024.04.26.591310 (10.1101/2024.04.26.591310)	CC0	2024-05-17	1361	none reported in score columns	complete	none	""	not computed at this scope	""	""				unknown	none	scores_not_downloaded_at_this_scope	false	candidate	""
urn:mavedb:00001069-a-1	SOX4	ENSG00000124766.7	mavedb_mapping	SOX4 High mobility group box domain domainome 1.0	Stability measurements of the SOX4 High mobility group box domain from domainome 1.0.	""	""	""	""	bioRxiv:2024.04.26.591310 (10.1101/2024.04.26.591310)	CC0	2024-05-17	1361	none reported in score columns	complete	none	""	not computed at this scope	""	""				unknown	none	scores_not_downloaded_at_this_scope	false	candidate	""
urn:mavedb:00001070-a-1	SOX5	ENSG00000134532.21	mavedb_mapping	SOX5 High mobility group box domain domainome 1.0	Stability measurements of the SOX5 High mobility group box domain from domainome 1.0.	""	""	""	""	bioRxiv:2024.04.26.591310 (10.1101/2024.04.26.591310)	CC0	2024-05-17	1361	none reported in score columns	complete	none	""	not computed at this scope	""	""				unknown	none	scores_not_downloaded_at_this_scope	false	candidate	""
urn:mavedb:00001071-a-1	SOX6	ENSG00000110693.21	mavedb_mapping	SOX6 High mobility group box domain domainome 1.0	Stability measurements of the SOX6 High mobility group box domain from domainome 1.0.	""	""	""	""	bioRxiv:2024.04.26.591310 (10.1101/2024.04.26.591310)	CC0	2024-05-17	1361	none reported in score columns	complete	none	""	not computed at this scope	""	""				unknown	none	scores_not_downloaded_at_this_scope	false	candidate	""
urn:mavedb:00001072-a-1	SOX8	ENSG00000005513.12	mavedb_mapping	SOX8 High mobility group box domain domainome 1.0	Stability measurements of the SOX8 High mobility group box domain from domainome 1.0.	""	""	""	""	bioRxiv:2024.04.26.591310 (10.1101/2024.04.26.591310)	CC0	2024-05-17	1361	none reported in score columns	complete	none	""	not computed at this scope	""	""				unknown	none	scores_not_downloaded_at_this_scope	false	candidate	""
urn:mavedb:00001073-a-1	SP7	ENSG00000170374.6	mavedb_mapping	SP7 Zinc finger C2H2-type domain domainome 1.0	Stability measurements of the SP7 Zinc finger C2H2-type domain from domainome 1.0.	""	""	""	""	bioRxiv:2024.04.26.591310 (10.1101/2024.04.26.591310)	CC0	2024-05-17	481	none reported in score columns	complete	none	""	not computed at this scope	""	""				unknown	none	scores_not_downloaded_at_this_scope	false	candidate	""
urn:mavedb:00001074-a-1	SPTA1	ENSG00000163554.15	uniprot	SPTA1 SH3 domain domainome 1.0	Stability measurements of the SPTA1 SH3 domain from domainome 1.0.	""	""	""	""	bioRxiv:2024.04.26.591310 (10.1101/2024.04.26.591310)	CC0	2024-05-17	1161	none reported in score columns	complete	none	""	not computed at this scope	""	""				unknown	none	scores_not_downloaded_at_this_scope	false	candidate	""
urn:mavedb:00001075-a-1	SPTAN1	ENSG00000197694.21	mavedb_mapping	SPTAN1 EF-hand domain domainome 1.0	Stability measurements of the SPTAN1 EF-hand domain from domainome 1.0.	""	""	""	""	bioRxiv:2024.04.26.591310 (10.1101/2024.04.26.591310)	CC0	2024-05-17	1461	none reported in score columns	complete	none	""	not computed at this scope	""	""				unknown	none	scores_not_downloaded_at_this_scope	false	candidate	""
urn:mavedb:00001077-a-1	SQSTM1	ENSG00000161011.22	mavedb_mapping	SQSTM1 Sequestosome-1, UBA domain domainome 1.0	Stability measurements of the SQSTM1 Sequestosome-1, UBA domain from domainome 1.0.	""	""	""	""	bioRxiv:2024.04.26.591310 (10.1101/2024.04.26.591310)	CC0	2024-05-17	1041	none reported in score columns	complete	none	""	not computed at this scope	""	""				unknown	none	scores_not_downloaded_at_this_scope	false	candidate	""
urn:mavedb:00001078-a-1	SQSTM1	ENSG00000161011.22	mavedb_mapping	SQSTM1 Zinc finger, ZZ-type domain domainome 1.0	Stability measurements of the SQSTM1 Zinc finger, ZZ-type domain from domainome 1.0.	""	""	""	""	bioRxiv:2024.04.26.591310 (10.1101/2024.04.26.591310)	CC0	2024-05-17	1041	none reported in score columns	complete	none	""	not computed at this scope	""	""				unknown	none	scores_not_downloaded_at_this_scope	false	candidate	""
urn:mavedb:00001079-a-1	SRC	ENSG00000197122.15	mavedb_mapping	SRC SH3 domain domainome 1.0	Stability measurements of the SRC SH3 domain from domainome 1.0.	""	""	""	""	bioRxiv:2024.04.26.591310 (10.1101/2024.04.26.591310)	CC0	2024-05-17	1141	none reported in score columns	complete	none	""	not computed at this scope	""	""				unknown	none	scores_not_downloaded_at_this_scope	false	candidate	""
urn:mavedb:00001080-a-1	SRGAP1	ENSG00000196935.12	mavedb_mapping	SRGAP1 SH3 domain domainome 1.0	Stability measurements of the SRGAP1 SH3 domain from domainome 1.0.	""	""	""	""	bioRxiv:2024.04.26.591310 (10.1101/2024.04.26.591310)	CC0	2024-05-17	1161	none reported in score columns	complete	none	""	not computed at this scope	""	""				unknown	none	scores_not_downloaded_at_this_scope	false	candidate	""
urn:mavedb:00001081-a-1	SRGAP3	ENSG00000196220.18	mavedb_mapping	SRGAP3 SH3 domain domainome 1.0	Stability measurements of the SRGAP3 SH3 domain from domainome 1.0.	""	""	""	""	bioRxiv:2024.04.26.591310 (10.1101/2024.04.26.591310)	CC0	2024-05-17	1161	none reported in score columns	complete	none	""	not computed at this scope	""	""				unknown	none	scores_not_downloaded_at_this_scope	false	candidate	""
urn:mavedb:00001082-a-1	SRY		mavedb_mapping	SRY High mobility group box domain domainome 1.0	Stability measurements of the SRY High mobility group box domain from domainome 1.0.	""	""	""	""	bioRxiv:2024.04.26.591310 (10.1101/2024.04.26.591310)	CC0	2024-05-17	1361	none reported in score columns	complete	none	""	not computed at this scope	""	""				n/a	n/a	""	false	excluded	gene_not_in_mane_select (SRY)
urn:mavedb:00001083-a-1	STAU1	ENSG00000124214.23	mavedb_mapping	STAU1 Double-stranded RNA-binding domain domainome 1.0	Stability measurements of the STAU1 Double-stranded RNA-binding domain from domainome 1.0.	""	""	""	""	bioRxiv:2024.04.26.591310 (10.1101/2024.04.26.591310)	CC0	2024-05-17	1341	none reported in score columns	complete	none	""	not computed at this scope	""	""				unknown	none	scores_not_downloaded_at_this_scope	false	candidate	""
urn:mavedb:00001084-a-1	STOX1	ENSG00000165730.18	mavedb_mapping	STOX1 Storkhead-box protein, winged-helix domain domainome 1.0	Stability measurements of the STOX1 Storkhead-box protein, winged-helix domain from domainome 1.0.	""	""	""	""	bioRxiv:2024.04.26.591310 (10.1101/2024.04.26.591310)	CC0	2024-05-17	1561	none reported in score columns	complete	none	""	not computed at this scope	""	""				unknown	none	scores_not_downloaded_at_this_scope	false	candidate	""
urn:mavedb:00001085-a-1	STOX2	ENSG00000173320.14	mavedb_mapping	STOX2 Storkhead-box protein, winged-helix domain domainome 1.0	Stability measurements of the STOX2 Storkhead-box protein, winged-helix domain from domainome 1.0.	""	""	""	""	bioRxiv:2024.04.26.591310 (10.1101/2024.04.26.591310)	CC0	2024-05-17	1561	none reported in score columns	complete	none	""	not computed at this scope	""	""				unknown	none	scores_not_downloaded_at_this_scope	false	candidate	""
urn:mavedb:00001086-a-1	STXBP4	ENSG00000166263.15	mavedb_mapping	STXBP4 WW domain domainome 1.0	Stability measurements of the STXBP4 WW domain from domainome 1.0.	""	""	""	""	bioRxiv:2024.04.26.591310 (10.1101/2024.04.26.591310)	CC0	2024-05-17	921	none reported in score columns	complete	none	""	not computed at this scope	""	""				unknown	none	scores_not_downloaded_at_this_scope	false	candidate	""
urn:mavedb:00001087-a-1	SUOX	ENSG00000139531.15	mavedb_mapping	SUOX Cytochrome b5-like heme/steroid binding domain domainome 1.0	Stability measurements of the SUOX Cytochrome b5-like heme/steroid binding domain from domainome 1.0.	""	""	""	""	bioRxiv:2024.04.26.591310 (10.1101/2024.04.26.591310)	CC0	2024-05-17	1481	none reported in score columns	complete	none	""	not computed at this scope	""	""				unknown	none	scores_not_downloaded_at_this_scope	false	candidate	""
urn:mavedb:00001088-a-1	TAB3	ENSG00000157625.18	mavedb_mapping	TAB3 Ubiquitin system component CUE domain domainome 1.0	Stability measurements of the TAB3 Ubiquitin system component CUE domain from domainome 1.0.	""	""	""	""	bioRxiv:2024.04.26.591310 (10.1101/2024.04.26.591310)	CC0	2024-05-17	781	none reported in score columns	complete	none	""	not computed at this scope	""	""				unknown	none	scores_not_downloaded_at_this_scope	false	candidate	""
urn:mavedb:00001089-a-1	TADA2A	ENSG00000276234.7	mavedb_mapping	TADA2A SWIRM domain domainome 1.0	Stability measurements of the TADA2A SWIRM domain from domainome 1.0.	""	""	""	""	bioRxiv:2024.04.26.591310 (10.1101/2024.04.26.591310)	CC0	2024-05-17	1321	none reported in score columns	complete	none	""	not computed at this scope	""	""				unknown	none	scores_not_downloaded_at_this_scope	false	candidate	""
urn:mavedb:00001090-a-1	TARDBP	ENSG00000120948.21	mavedb_mapping	TARDBP TAR DNA-binding protein 43, N-terminal domain domainome 1.0	Stability measurements of the TARDBP TAR DNA-binding protein 43, N-terminal domain from domainome 1.0.	""	""	""	""	bioRxiv:2024.04.26.591310 (10.1101/2024.04.26.591310)	CC0	2024-05-17	1441	none reported in score columns	complete	none	""	not computed at this scope	""	""				unknown	none	scores_not_downloaded_at_this_scope	false	candidate	""
urn:mavedb:00001091-a-1	TAX1BP1	ENSG00000106052.16	mavedb_mapping	TAX1BP1 CALCOCO1/2, zinc finger UBZ1-type domain domainome 1.0	Stability measurements of the TAX1BP1 CALCOCO1/2, zinc finger UBZ1-type domain from domainome 1.0.	""	""	""	""	bioRxiv:2024.04.26.591310 (10.1101/2024.04.26.591310)	CC0	2024-05-17	521	none reported in score columns	complete	none	""	not computed at this scope	""	""				unknown	none	scores_not_downloaded_at_this_scope	false	candidate	""
urn:mavedb:00001092-a-1	TCEANC	ENSG00000176896.11	mavedb_mapping	TCEANC Transcription factor IIS, N-terminal domain domainome 1.0	Stability measurements of the TCEANC Transcription factor IIS, N-terminal domain from domainome 1.0.	""	""	""	""	bioRxiv:2024.04.26.591310 (10.1101/2024.04.26.591310)	CC0	2024-05-17	961	none reported in score columns	complete	none	""	not computed at this scope	""	""				unknown	none	scores_not_downloaded_at_this_scope	false	candidate	""
urn:mavedb:00001093-a-1	TCERG1	ENSG00000113649.16	mavedb_mapping	TCERG1 FF domain domainome 1.0	Stability measurements of the TCERG1 FF domain from domainome 1.0.	""	""	""	""	bioRxiv:2024.04.26.591310 (10.1101/2024.04.26.591310)	CC0	2024-05-17	1381	none reported in score columns	complete	none	""	not computed at this scope	""	""				unknown	none	scores_not_downloaded_at_this_scope	false	candidate	""
urn:mavedb:00001094-a-1	TCERG1	ENSG00000113649.16	mavedb_mapping	TCERG1 FF domain domainome 1.0	Stability measurements of the TCERG1 FF domain from domainome 1.0.	""	""	""	""	bioRxiv:2024.04.26.591310 (10.1101/2024.04.26.591310)	CC0	2024-05-17	1241	none reported in score columns	complete	none	""	not computed at this scope	""	""				unknown	none	scores_not_downloaded_at_this_scope	false	candidate	""
urn:mavedb:00001095-a-1	TCERG1	ENSG00000113649.16	mavedb_mapping	TCERG1 FF domain domainome 1.0	Stability measurements of the TCERG1 FF domain from domainome 1.0.	""	""	""	""	bioRxiv:2024.04.26.591310 (10.1101/2024.04.26.591310)	CC0	2024-05-17	1001	none reported in score columns	complete	none	""	not computed at this scope	""	""				unknown	none	scores_not_downloaded_at_this_scope	false	candidate	""
urn:mavedb:00001096-a-1	TCERG1	ENSG00000113649.16	mavedb_mapping	TCERG1 FF domain domainome 1.0	Stability measurements of the TCERG1 FF domain from domainome 1.0.	""	""	""	""	bioRxiv:2024.04.26.591310 (10.1101/2024.04.26.591310)	CC0	2024-05-17	1121	none reported in score columns	complete	none	""	not computed at this scope	""	""				unknown	none	scores_not_downloaded_at_this_scope	false	candidate	""
urn:mavedb:00001097-a-1	TCERG1	ENSG00000113649.16	mavedb_mapping	TCERG1 FF domain domainome 1.0	Stability measurements of the TCERG1 FF domain from domainome 1.0.	""	""	""	""	bioRxiv:2024.04.26.591310 (10.1101/2024.04.26.591310)	CC0	2024-05-17	1181	none reported in score columns	complete	none	""	not computed at this scope	""	""				unknown	none	scores_not_downloaded_at_this_scope	false	candidate	""
urn:mavedb:00001098-a-1	TCERG1L	ENSG00000176769.11	mavedb_mapping	TCERG1L FF domain domainome 1.0	Stability measurements of the TCERG1L FF domain from domainome 1.0.	""	""	""	""	bioRxiv:2024.04.26.591310 (10.1101/2024.04.26.591310)	CC0	2024-05-17	1141	none reported in score columns	complete	none	""	not computed at this scope	""	""				unknown	none	scores_not_downloaded_at_this_scope	false	candidate	""
urn:mavedb:00001099-a-1	TDRD3	ENSG00000083544.18	mavedb_mapping	TDRD3 Tudor domain domainome 1.0	Stability measurements of the TDRD3 Tudor domain from domainome 1.0.	""	""	""	""	bioRxiv:2024.04.26.591310 (10.1101/2024.04.26.591310)	CC0	2024-05-17	1161	none reported in score columns	complete	none	""	not computed at this scope	""	""				unknown	none	scores_not_downloaded_at_this_scope	false	candidate	""
urn:mavedb:00001100-a-1	TERF2	ENSG00000132604.13	mavedb_mapping	TERF2 SANT/Myb domain domainome 1.0	Stability measurements of the TERF2 SANT/Myb domain from domainome 1.0.	""	""	""	""	bioRxiv:2024.04.26.591310 (10.1101/2024.04.26.591310)	CC0	2024-05-17	1081	none reported in score columns	complete	none	""	not computed at this scope	""	""				unknown	none	scores_not_downloaded_at_this_scope	false	candidate	""
urn:mavedb:00001101-a-1	TESMIN	ENSG00000132749.13	mavedb_mapping	TESMIN CRC domain domainome 1.0	Stability measurements of the TESMIN CRC domain from domainome 1.0.	""	""	""	""	bioRxiv:2024.04.26.591310 (10.1101/2024.04.26.591310)	CC0	2024-05-17	721	none reported in score columns	complete	none	""	not computed at this scope	""	""				unknown	none	scores_not_downloaded_at_this_scope	false	candidate	""
urn:mavedb:00001102-a-1	TFG	ENSG00000114354.17	mavedb_mapping	TFG PB1 domain domainome 1.0	Stability measurements of the TFG PB1 domain from domainome 1.0.	""	""	""	""	bioRxiv:2024.04.26.591310 (10.1101/2024.04.26.591310)	CC0	2024-05-17	1741	none reported in score columns	complete	none	""	not computed at this scope	""	""				unknown	none	scores_not_downloaded_at_this_scope	false	candidate	""
urn:mavedb:00001104-a-1	TIAM1	ENSG00000156299.17	mavedb_mapping	TIAM1 PDZ domain domainome 1.0	Stability measurements of the TIAM1 PDZ domain from domainome 1.0.	""	""	""	""	bioRxiv:2024.04.26.591310 (10.1101/2024.04.26.591310)	CC0	2024-05-17	1681	none reported in score columns	complete	none	""	not computed at this scope	""	""				unknown	none	scores_not_downloaded_at_this_scope	false	candidate	""
urn:mavedb:00001105-a-1	TJP2	ENSG00000119139.23	mavedb_mapping	TJP2 PDZ domain domainome 1.0	Stability measurements of the TJP2 PDZ domain from domainome 1.0.	""	""	""	""	bioRxiv:2024.04.26.591310 (10.1101/2024.04.26.591310)	CC0	2024-05-17	1901	none reported in score columns	complete	none	""	not computed at this scope	""	""				unknown	none	scores_not_downloaded_at_this_scope	false	candidate	""
urn:mavedb:00001106-a-1	TJP2	ENSG00000119139.23	uniprot	TJP2 PDZ domain domainome 1.0	Stability measurements of the TJP2 PDZ domain from domainome 1.0.	""	""	""	""	bioRxiv:2024.04.26.591310 (10.1101/2024.04.26.591310)	CC0	2024-05-17	1921	none reported in score columns	complete	none	""	not computed at this scope	""	""				unknown	none	scores_not_downloaded_at_this_scope	false	candidate	""
urn:mavedb:00001107-a-1	TNNC2	ENSG00000101470.11	mavedb_mapping	TNNC2 EF-hand domain domainome 1.0	Stability measurements of the TNNC2 EF-hand domain from domainome 1.0.	""	""	""	""	bioRxiv:2024.04.26.591310 (10.1101/2024.04.26.591310)	CC0	2024-05-17	1661	none reported in score columns	complete	none	""	not computed at this scope	""	""				unknown	none	scores_not_downloaded_at_this_scope	false	candidate	""
urn:mavedb:00001108-a-1	TOE1	ENSG00000132773.14	mavedb_mapping	TOE1 Zinc finger, CCCH-type domain domainome 1.0	Stability measurements of the TOE1 Zinc finger, CCCH-type domain from domainome 1.0.	""	""	""	""	bioRxiv:2024.04.26.591310 (10.1101/2024.04.26.591310)	CC0	2024-05-17	461	none reported in score columns	complete	none	""	not computed at this scope	""	""				unknown	none	scores_not_downloaded_at_this_scope	false	candidate	""
urn:mavedb:00001109-a-1	TOP3A	ENSG00000177302.18	mavedb_mapping	TOP3A Zinc finger, GRF-type domain domainome 1.0	Stability measurements of the TOP3A Zinc finger, GRF-type domain from domainome 1.0.	""	""	""	""	bioRxiv:2024.04.26.591310 (10.1101/2024.04.26.591310)	CC0	2024-05-17	801	none reported in score columns	complete	none	""	not computed at this scope	""	""				unknown	none	scores_not_downloaded_at_this_scope	false	candidate	""
urn:mavedb:00001110-a-1	TOP3A	ENSG00000177302.18	mavedb_mapping	TOP3A Zinc finger, GRF-type domain domainome 1.0	Stability measurements of the TOP3A Zinc finger, GRF-type domain from domainome 1.0.	""	""	""	""	bioRxiv:2024.04.26.591310 (10.1101/2024.04.26.591310)	CC0	2024-05-17	861	none reported in score columns	complete	none	""	not computed at this scope	""	""				unknown	none	scores_not_downloaded_at_this_scope	false	candidate	""
urn:mavedb:00001111-a-1	TOX3	ENSG00000103460.19	mavedb_mapping	TOX3 High mobility group box domain domainome 1.0	Stability measurements of the TOX3 High mobility group box domain from domainome 1.0.	""	""	""	""	bioRxiv:2024.04.26.591310 (10.1101/2024.04.26.591310)	CC0	2024-05-17	1361	none reported in score columns	complete	none	""	not computed at this scope	""	""				unknown	none	scores_not_downloaded_at_this_scope	false	candidate	""
urn:mavedb:00001112-a-1	TP63	ENSG00000073282.15	mavedb_mapping	TP63 Sterile alpha motif domain domainome 1.0	Stability measurements of the TP63 Sterile alpha motif domain from domainome 1.0.	""	""	""	""	bioRxiv:2024.04.26.591310 (10.1101/2024.04.26.591310)	CC0	2024-05-17	1321	none reported in score columns	complete	none	""	not computed at this scope	""	""				unknown	none	scores_not_downloaded_at_this_scope	false	candidate	""
urn:mavedb:00001113-a-1	TP73	ENSG00000078900.18	mavedb_mapping	TP73 Sterile alpha motif domain domainome 1.0	Stability measurements of the TP73 Sterile alpha motif domain from domainome 1.0.	""	""	""	""	bioRxiv:2024.04.26.591310 (10.1101/2024.04.26.591310)	CC0	2024-05-17	1261	none reported in score columns	complete	none	""	not computed at this scope	""	""				unknown	none	scores_not_downloaded_at_this_scope	false	candidate	""
urn:mavedb:00001114-a-1	TRIM26	ENSG00000234127.11	mavedb_mapping	TRIM26 B-box-type zinc finger domain domainome 1.0	Stability measurements of the TRIM26 B-box-type zinc finger domain from domainome 1.0.	""	""	""	""	bioRxiv:2024.04.26.591310 (10.1101/2024.04.26.591310)	CC0	2024-05-17	881	none reported in score columns	complete	none	""	not computed at this scope	""	""				unknown	none	scores_not_downloaded_at_this_scope	false	candidate	""
urn:mavedb:00001115-a-1	TRIM28	ENSG00000130726.14	mavedb_mapping	TRIM28 Zinc finger, PHD-finger domain domainome 1.0	Stability measurements of the TRIM28 Zinc finger, PHD-finger domain from domainome 1.0.	""	""	""	""	bioRxiv:2024.04.26.591310 (10.1101/2024.04.26.591310)	CC0	2024-05-17	1041	none reported in score columns	complete	none	""	not computed at this scope	""	""				unknown	none	scores_not_downloaded_at_this_scope	false	candidate	""
urn:mavedb:00001116-a-1	TRIM36	ENSG00000152503.12	mavedb_mapping	TRIM36 B-box-type zinc finger domain domainome 1.0	Stability measurements of the TRIM36 B-box-type zinc finger domain from domainome 1.0.	""	""	""	""	bioRxiv:2024.04.26.591310 (10.1101/2024.04.26.591310)	CC0	2024-05-17	901	none reported in score columns	complete	none	""	not computed at this scope	""	""				unknown	none	scores_not_downloaded_at_this_scope	false	candidate	""
urn:mavedb:00001117-a-1	TRIM3	ENSG00000110171.22	mavedb_mapping	TRIM3 B-box-type zinc finger domain domainome 1.0	Stability measurements of the TRIM3 B-box-type zinc finger domain from domainome 1.0.	""	""	""	""	bioRxiv:2024.04.26.591310 (10.1101/2024.04.26.591310)	CC0	2024-05-17	881	none reported in score columns	complete	none	""	not computed at this scope	""	""				unknown	none	scores_not_downloaded_at_this_scope	false	candidate	""
urn:mavedb:00001118-a-1	TRIM44	ENSG00000166326.9	mavedb_mapping	TRIM44 B-box-type zinc finger domain domainome 1.0	Stability measurements of the TRIM44 B-box-type zinc finger domain from domainome 1.0.	""	""	""	""	bioRxiv:2024.04.26.591310 (10.1101/2024.04.26.591310)	CC0	2024-05-17	901	none reported in score columns	complete	none	""	not computed at this scope	""	""				unknown	none	scores_not_downloaded_at_this_scope	false	candidate	""
urn:mavedb:00001119-a-1	TRIM49C	ENSG00000204449.3	mavedb_mapping	TRIM49C B-box-type zinc finger domain domainome 1.0	Stability measurements of the TRIM49C B-box-type zinc finger domain from domainome 1.0.	""	""	""	""	bioRxiv:2024.04.26.591310 (10.1101/2024.04.26.591310)	CC0	2024-05-17	941	none reported in score columns	complete	none	""	not computed at this scope	""	""				unknown	none	scores_not_downloaded_at_this_scope	false	candidate	""
urn:mavedb:00001120-a-1	TRIM6	ENSG00000121236.23	mavedb_mapping	TRIM6 B-box-type zinc finger domain domainome 1.0	Stability measurements of the TRIM6 B-box-type zinc finger domain from domainome 1.0.	""	""	""	""	bioRxiv:2024.04.26.591310 (10.1101/2024.04.26.591310)	CC0	2024-05-17	841	none reported in score columns	complete	none	""	not computed at this scope	""	""				unknown	none	scores_not_downloaded_at_this_scope	false	candidate	""
urn:mavedb:00001121-a-1	TRIM71	ENSG00000206557.8	mavedb_mapping	TRIM71 B-box-type zinc finger domain domainome 1.0	Stability measurements of the TRIM71 B-box-type zinc finger domain from domainome 1.0.	""	""	""	""	bioRxiv:2024.04.26.591310 (10.1101/2024.04.26.591310)	CC0	2024-05-17	861	none reported in score columns	complete	none	""	not computed at this scope	""	""				unknown	none	scores_not_downloaded_at_this_scope	false	candidate	""
urn:mavedb:00001122-a-1	TRMT13	ENSG00000122435.13	mavedb_mapping	TRMT13 Zinc finger, CCCH-type, TRM13 domain domainome 1.0	Stability measurements of the TRMT13 Zinc finger, CCCH-type, TRM13 domain from domainome 1.0.	""	""	""	""	bioRxiv:2024.04.26.591310 (10.1101/2024.04.26.591310)	CC0	2024-05-17	561	none reported in score columns	complete	none	""	not computed at this scope	""	""				unknown	none	scores_not_downloaded_at_this_scope	false	candidate	""
urn:mavedb:00001123-a-1	TTC3	ENSG00000182670.15	mavedb_mapping	TTC3 Zinc finger, RING-type domain domainome 1.0	Stability measurements of the TTC3 Zinc finger, RING-type domain from domainome 1.0.	""	""	""	""	bioRxiv:2024.04.26.591310 (10.1101/2024.04.26.591310)	CC0	2024-05-17	821	none reported in score columns	complete	none	""	not computed at this scope	""	""				unknown	none	scores_not_downloaded_at_this_scope	false	candidate	""
urn:mavedb:00001124-a-1	UBE2K	ENSG00000078140.16	mavedb_mapping	UBE2K Ubiquitin-associated domain domainome 1.0	Stability measurements of the UBE2K Ubiquitin-associated domain from domainome 1.0.	""	""	""	""	bioRxiv:2024.04.26.591310 (10.1101/2024.04.26.591310)	CC0	2024-05-17	861	none reported in score columns	complete	none	""	not computed at this scope	""	""				unknown	none	scores_not_downloaded_at_this_scope	false	candidate	""
urn:mavedb:00001125-a-1	UBE3A	ENSG00000114062.24	mavedb_mapping	UBE3A Ubiquitin-protein ligase E3A, N-terminal zinc-binding domain domainome 1.0	Stability measurements of the UBE3A Ubiquitin-protein ligase E3A, N-terminal zinc-binding domain from domainome 1.0.	""	""	""	""	bioRxiv:2024.04.26.591310 (10.1101/2024.04.26.591310)	CC0	2024-05-17	1141	none reported in score columns	complete	none	""	not computed at this scope	""	""				unknown	none	scores_not_downloaded_at_this_scope	false	candidate	""
urn:mavedb:00001126-a-1	UBE4B	ENSG00000130939.22	mavedb_mapping	UBE4B U box domain domainome 1.0	Stability measurements of the UBE4B U box domain from domainome 1.0.	""	""	""	""	bioRxiv:2024.04.26.591310 (10.1101/2024.04.26.591310)	CC0	2024-05-17	1421	none reported in score columns	complete	none	""	not computed at this scope	""	""				unknown	none	scores_not_downloaded_at_this_scope	false	candidate	""
urn:mavedb:00001127-a-1	UBQLN3	ENSG00000175520.9	mavedb_mapping	UBQLN3 Ubiquitin-associated domain domainome 1.0	Stability measurements of the UBQLN3 Ubiquitin-associated domain from domainome 1.0.	""	""	""	""	bioRxiv:2024.04.26.591310 (10.1101/2024.04.26.591310)	CC0	2024-05-17	861	none reported in score columns	complete	none	""	not computed at this scope	""	""				unknown	none	scores_not_downloaded_at_this_scope	false	candidate	""
urn:mavedb:00001128-a-1	UBTF	ENSG00000108312.18	mavedb_mapping	UBTF High mobility group box domain domainome 1.0	Stability measurements of the UBTF High mobility group box domain from domainome 1.0.	""	""	""	""	bioRxiv:2024.04.26.591310 (10.1101/2024.04.26.591310)	CC0	2024-05-17	1241	none reported in score columns	complete	none	""	not computed at this scope	""	""				unknown	none	scores_not_downloaded_at_this_scope	false	candidate	""
urn:mavedb:00001129-a-1	UBXN2B	ENSG00000215114.12	mavedb_mapping	UBXN2B UBX domain domainome 1.0	Stability measurements of the UBXN2B UBX domain from domainome 1.0.	""	""	""	""	bioRxiv:2024.04.26.591310 (10.1101/2024.04.26.591310)	CC0	2024-05-17	1481	none reported in score columns	complete	none	""	not computed at this scope	""	""				unknown	none	scores_not_downloaded_at_this_scope	false	candidate	""
urn:mavedb:00001130-a-1	UFM1	ENSG00000120686.14	mavedb_mapping	UFM1 Ubiquitin-fold modifier 1 domainome 1.0	Stability measurements of the UFM1 Ubiquitin-fold modifier 1 from domainome 1.0.	""	""	""	""	bioRxiv:2024.04.26.591310 (10.1101/2024.04.26.591310)	CC0	2024-05-17	1481	none reported in score columns	complete	none	""	not computed at this scope	""	""				unknown	none	scores_not_downloaded_at_this_scope	false	candidate	""
urn:mavedb:00001131-a-1	USH1C	ENSG00000006611.19	mavedb_mapping	USH1C PDZ domain domainome 1.0	Stability measurements of the USH1C PDZ domain from domainome 1.0.	""	""	""	""	bioRxiv:2024.04.26.591310 (10.1101/2024.04.26.591310)	CC0	2024-05-17	1781	none reported in score columns	complete	none	""	not computed at this scope	""	""				unknown	none	scores_not_downloaded_at_this_scope	false	candidate	""
urn:mavedb:00001132-a-1	VAV1	ENSG00000141968.10	mavedb_mapping	VAV1 SH3 domain domainome 1.0	Stability measurements of the VAV1 SH3 domain from domainome 1.0.	""	""	""	""	bioRxiv:2024.04.26.591310 (10.1101/2024.04.26.591310)	CC0	2024-05-17	1341	none reported in score columns	complete	none	""	not computed at this scope	""	""				unknown	none	scores_not_downloaded_at_this_scope	false	candidate	""
urn:mavedb:00001133-a-1	VAV1	ENSG00000141968.10	mavedb_mapping	VAV1 SH3 domain domainome 1.0	Stability measurements of the VAV1 SH3 domain from domainome 1.0.	""	""	""	""	bioRxiv:2024.04.26.591310 (10.1101/2024.04.26.591310)	CC0	2024-05-17	1221	none reported in score columns	complete	none	""	not computed at this scope	""	""				unknown	none	scores_not_downloaded_at_this_scope	false	candidate	""
urn:mavedb:00001134-a-1	VAX1	ENSG00000148704.14	mavedb_mapping	VAX1 Homeobox domain domainome 1.0	Stability measurements of the VAX1 Homeobox domain from domainome 1.0.	""	""	""	""	bioRxiv:2024.04.26.591310 (10.1101/2024.04.26.591310)	CC0	2024-05-17	1121	none reported in score columns	complete	none	""	not computed at this scope	""	""				unknown	none	scores_not_downloaded_at_this_scope	false	candidate	""
urn:mavedb:00001135-a-1	VCP	ENSG00000165280.20	uniprot	VCP CDC48, N-terminal subdomain domainome 1.0	Stability measurements of the VCP CDC48, N-terminal subdomain from domainome 1.0.	""	""	""	""	bioRxiv:2024.04.26.591310 (10.1101/2024.04.26.591310)	CC0	2024-05-17	1621	none reported in score columns	incomplete	none	""	not computed at this scope	""	""				unknown	none	scores_not_downloaded_at_this_scope,genomic_mapping_incomplete	false	candidate	""
urn:mavedb:00001137-a-1	VIL1	ENSG00000127831.13	mavedb_mapping	VIL1 Villin headpiece domain domainome 1.0	Stability measurements of the VIL1 Villin headpiece domain from domainome 1.0.	""	""	""	""	bioRxiv:2024.04.26.591310 (10.1101/2024.04.26.591310)	CC0	2024-05-17	701	none reported in score columns	complete	none	""	not computed at this scope	""	""				unknown	none	scores_not_downloaded_at_this_scope	false	candidate	""
urn:mavedb:00001139-a-1	WBP4	ENSG00000120688.11	mavedb_mapping	WBP4 U1-C, C2H2-type zinc finger domain domainome 1.0	Stability measurements of the WBP4 U1-C, C2H2-type zinc finger domain from domainome 1.0.	""	""	""	""	bioRxiv:2024.04.26.591310 (10.1101/2024.04.26.591310)	CC0	2024-05-17	721	none reported in score columns	complete	none	""	not computed at this scope	""	""				unknown	none	scores_not_downloaded_at_this_scope	false	candidate	""
urn:mavedb:00001140-a-1	WNK1	ENSG00000060237.21	uniprot	WNK1 Serine/threonine-protein kinase OSR1/WNK, CCT domain domainome 1.0	Stability measurements of the WNK1 Serine/threonine-protein kinase OSR1/WNK, CCT domain from domainome 1.0.	""	""	""	""	bioRxiv:2024.04.26.591310 (10.1101/2024.04.26.591310)	CC0	2024-05-17	1761	none reported in score columns	complete	none	""	not computed at this scope	""	""				unknown	none	scores_not_downloaded_at_this_scope	false	candidate	""
urn:mavedb:00001141-a-1	WSB2	ENSG00000176871.11	mavedb_mapping	WSB2 SOCS box domain domainome 1.0	Stability measurements of the WSB2 SOCS box domain from domainome 1.0.	""	""	""	""	bioRxiv:2024.04.26.591310 (10.1101/2024.04.26.591310)	CC0	2024-05-17	661	none reported in score columns	complete	none	""	not computed at this scope	""	""				unknown	none	scores_not_downloaded_at_this_scope	false	candidate	""
urn:mavedb:00001142-a-1	WWP1	ENSG00000123124.16	mavedb_mapping	WWP1 WW domain domainome 1.0	Stability measurements of the WWP1 WW domain from domainome 1.0.	""	""	""	""	bioRxiv:2024.04.26.591310 (10.1101/2024.04.26.591310)	CC0	2024-05-17	961	none reported in score columns	complete	none	""	not computed at this scope	""	""				unknown	none	scores_not_downloaded_at_this_scope	false	candidate	""
urn:mavedb:00001143-a-1	WWP2	ENSG00000198373.15	mavedb_mapping	WWP2 WW domain domainome 1.0	Stability measurements of the WWP2 WW domain from domainome 1.0.	""	""	""	""	bioRxiv:2024.04.26.591310 (10.1101/2024.04.26.591310)	CC0	2024-05-17	1081	none reported in score columns	complete	none	""	not computed at this scope	""	""				unknown	none	scores_not_downloaded_at_this_scope	false	candidate	""
urn:mavedb:00001144-a-1	WWTR1	ENSG00000018408.17	mavedb_mapping	WWTR1 WW domain domainome 1.0	Stability measurements of the WWTR1 WW domain from domainome 1.0.	""	""	""	""	bioRxiv:2024.04.26.591310 (10.1101/2024.04.26.591310)	CC0	2024-05-17	941	none reported in score columns	complete	none	""	not computed at this scope	""	""				unknown	none	scores_not_downloaded_at_this_scope	false	candidate	""
urn:mavedb:00001145-a-1	XRCC6	ENSG00000196419.15	mavedb_mapping	XRCC6 SAP domain domainome 1.0	Stability measurements of the XRCC6 SAP domain from domainome 1.0.	""	""	""	""	bioRxiv:2024.04.26.591310 (10.1101/2024.04.26.591310)	CC0	2024-05-17	1041	none reported in score columns	complete	none	""	not computed at this scope	""	""				unknown	none	scores_not_downloaded_at_this_scope	false	candidate	""
urn:mavedb:00001146-a-1	YAP1	ENSG00000137693.16	mavedb_mapping	YAP1 WW domain domainome 1.0	Stability measurements of the YAP1 WW domain from domainome 1.0.	""	""	""	""	bioRxiv:2024.04.26.591310 (10.1101/2024.04.26.591310)	CC0	2024-05-17	941	none reported in score columns	complete	none	""	not computed at this scope	""	""				unknown	none	scores_not_downloaded_at_this_scope	false	candidate	""
urn:mavedb:00001147-a-1	YAP1	ENSG00000137693.16	mavedb_mapping	YAP1 WW domain domainome 1.0	Stability measurements of the YAP1 WW domain from domainome 1.0.	""	""	""	""	bioRxiv:2024.04.26.591310 (10.1101/2024.04.26.591310)	CC0	2024-05-17	921	none reported in score columns	complete	none	""	not computed at this scope	""	""				unknown	none	scores_not_downloaded_at_this_scope	false	candidate	""
urn:mavedb:00001148-a-1	YAP1	ENSG00000137693.16	mavedb_mapping	YAP1 WW domain domainome 1.0	Stability measurements of the YAP1 WW domain from domainome 1.0.	""	""	""	""	bioRxiv:2024.04.26.591310 (10.1101/2024.04.26.591310)	CC0	2024-05-17	1001	none reported in score columns	complete	none	""	not computed at this scope	""	""				unknown	none	scores_not_downloaded_at_this_scope	false	candidate	""
urn:mavedb:00001149-a-1	YBX1	ENSG00000065978.21	mavedb_mapping	YBX1 Cold-shock protein, DNA-binding domain domainome 1.0	Stability measurements of the YBX1 Cold-shock protein, DNA-binding domain from domainome 1.0.	""	""	""	""	bioRxiv:2024.04.26.591310 (10.1101/2024.04.26.591310)	CC0	2024-05-17	1821	none reported in score columns	complete	none	""	not computed at this scope	""	""				unknown	none	scores_not_downloaded_at_this_scope	false	candidate	""
urn:mavedb:00001150-a-1	YBX2	ENSG00000006047.15	mavedb_mapping	YBX2 Cold-shock protein, DNA-binding domain domainome 1.0	Stability measurements of the YBX2 Cold-shock protein, DNA-binding domain from domainome 1.0.	""	""	""	""	bioRxiv:2024.04.26.591310 (10.1101/2024.04.26.591310)	CC0	2024-05-17	1841	none reported in score columns	complete	none	""	not computed at this scope	""	""				unknown	none	scores_not_downloaded_at_this_scope	false	candidate	""
urn:mavedb:00001151-a-1	YBX3	ENSG00000060138.15	mavedb_mapping	YBX3 Cold-shock protein, DNA-binding domain domainome 1.0	Stability measurements of the YBX3 Cold-shock protein, DNA-binding domain from domainome 1.0.	""	""	""	""	bioRxiv:2024.04.26.591310 (10.1101/2024.04.26.591310)	CC0	2024-05-17	1721	none reported in score columns	complete	none	""	not computed at this scope	""	""				unknown	none	scores_not_downloaded_at_this_scope	false	candidate	""
urn:mavedb:00001152-a-1	YY1	ENSG00000100811.16	mavedb_mapping	YY1 Zinc finger C2H2-type domain domainome 1.0	Stability measurements of the YY1 Zinc finger C2H2-type domain from domainome 1.0.	""	""	""	""	bioRxiv:2024.04.26.591310 (10.1101/2024.04.26.591310)	CC0	2024-05-17	481	none reported in score columns	complete	none	""	not computed at this scope	""	""				unknown	none	scores_not_downloaded_at_this_scope	false	candidate	""
urn:mavedb:00001153-a-1	ZBTB20	ENSG00000181722.20	mavedb_mapping	ZBTB20 Zinc finger C2H2-type domain domainome 1.0	Stability measurements of the ZBTB20 Zinc finger C2H2-type domain from domainome 1.0.	""	""	""	""	bioRxiv:2024.04.26.591310 (10.1101/2024.04.26.591310)	CC0	2024-05-17	441	none reported in score columns	complete	none	""	not computed at this scope	""	""				unknown	none	scores_not_downloaded_at_this_scope	false	candidate	""
urn:mavedb:00001154-a-1	ZBTB20	ENSG00000181722.20	mavedb_mapping	ZBTB20 Zinc finger C2H2-type domain domainome 1.0	Stability measurements of the ZBTB20 Zinc finger C2H2-type domain from domainome 1.0.	""	""	""	""	bioRxiv:2024.04.26.591310 (10.1101/2024.04.26.591310)	CC0	2024-05-17	441	none reported in score columns	complete	none	""	not computed at this scope	""	""				unknown	none	scores_not_downloaded_at_this_scope	false	candidate	""
urn:mavedb:00001155-a-1	ZBTB20	ENSG00000181722.20	mavedb_mapping	ZBTB20 Zinc finger C2H2-type domain domainome 1.0	Stability measurements of the ZBTB20 Zinc finger C2H2-type domain from domainome 1.0.	""	""	""	""	bioRxiv:2024.04.26.591310 (10.1101/2024.04.26.591310)	CC0	2024-05-17	441	none reported in score columns	complete	none	""	not computed at this scope	""	""				unknown	none	scores_not_downloaded_at_this_scope	false	candidate	""
urn:mavedb:00001156-a-1	ZBTB24	ENSG00000112365.8	mavedb_mapping	ZBTB24 Zinc finger C2H2-type domain domainome 1.0	Stability measurements of the ZBTB24 Zinc finger C2H2-type domain from domainome 1.0.	""	""	""	""	bioRxiv:2024.04.26.591310 (10.1101/2024.04.26.591310)	CC0	2024-05-17	441	none reported in score columns	complete	none	""	not computed at this scope	""	""				unknown	none	scores_not_downloaded_at_this_scope	false	candidate	""
urn:mavedb:00001157-a-1	ZBTB24	ENSG00000112365.8	mavedb_mapping	ZBTB24 Zinc finger C2H2-type domain domainome 1.0	Stability measurements of the ZBTB24 Zinc finger C2H2-type domain from domainome 1.0.	""	""	""	""	bioRxiv:2024.04.26.591310 (10.1101/2024.04.26.591310)	CC0	2024-05-17	441	none reported in score columns	complete	none	""	not computed at this scope	""	""				unknown	none	scores_not_downloaded_at_this_scope	false	candidate	""
urn:mavedb:00001158-a-1	ZC3H10	ENSG00000135482.9	mavedb_mapping	ZC3H10 Zinc finger, CCCH-type domain domainome 1.0	Stability measurements of the ZC3H10 Zinc finger, CCCH-type domain from domainome 1.0.	""	""	""	""	bioRxiv:2024.04.26.591310 (10.1101/2024.04.26.591310)	CC0	2024-05-17	441	none reported in score columns	complete	none	""	not computed at this scope	""	""				unknown	none	scores_not_downloaded_at_this_scope	false	candidate	""
urn:mavedb:00001159-a-1	ZC3H15	ENSG00000065548.21	mavedb_mapping	ZC3H15 E3 ligase, CCCH-type zinc finger domain domainome 1.0	Stability measurements of the ZC3H15 E3 ligase, CCCH-type zinc finger domain from domainome 1.0.	""	""	""	""	bioRxiv:2024.04.26.591310 (10.1101/2024.04.26.591310)	CC0	2024-05-17	421	none reported in score columns	complete	none	""	not computed at this scope	""	""				unknown	none	scores_not_downloaded_at_this_scope	false	candidate	""
urn:mavedb:00001160-a-1	ZC3H7A	ENSG00000122299.13	mavedb_mapping	ZC3H7A Zinc finger, CCCH-type domain domainome 1.0	Stability measurements of the ZC3H7A Zinc finger, CCCH-type domain from domainome 1.0.	""	""	""	""	bioRxiv:2024.04.26.591310 (10.1101/2024.04.26.591310)	CC0	2024-05-17	421	none reported in score columns	complete	none	""	not computed at this scope	""	""				unknown	none	scores_not_downloaded_at_this_scope	false	candidate	""
urn:mavedb:00001161-a-1	ZEB1	ENSG00000148516.25	mavedb_mapping	ZEB1 Zinc finger C2H2-type domain domainome 1.0	Stability measurements of the ZEB1 Zinc finger C2H2-type domain from domainome 1.0.	""	""	""	""	bioRxiv:2024.04.26.591310 (10.1101/2024.04.26.591310)	CC0	2024-05-17	441	none reported in score columns	complete	none	""	not computed at this scope	""	""				unknown	none	scores_not_downloaded_at_this_scope	false	candidate	""
urn:mavedb:00001162-a-1	ZFC3H1	ENSG00000133858.18	mavedb_mapping	ZFC3H1 Putative zinc-finger domain domainome 1.0	Stability measurements of the ZFC3H1 Putative zinc-finger domain from domainome 1.0.	""	""	""	""	bioRxiv:2024.04.26.591310 (10.1101/2024.04.26.591310)	CC0	2024-05-17	381	none reported in score columns	complete	none	""	not computed at this scope	""	""				unknown	none	scores_not_downloaded_at_this_scope	false	candidate	""
urn:mavedb:00001163-a-1	ZFHX2	ENSG00000136367.16	mavedb_mapping	ZFHX2 Homeobox domain domainome 1.0	Stability measurements of the ZFHX2 Homeobox domain from domainome 1.0.	""	""	""	""	bioRxiv:2024.04.26.591310 (10.1101/2024.04.26.591310)	CC0	2024-05-17	1121	none reported in score columns	complete	none	""	not computed at this scope	""	""				unknown	none	scores_not_downloaded_at_this_scope	false	candidate	""
urn:mavedb:00001164-a-1	ZFHX3	ENSG00000140836.18	uniprot	ZFHX3 Homeobox domain domainome 1.0	Stability measurements of the ZFHX3 Homeobox domain from domainome 1.0.	""	""	""	""	bioRxiv:2024.04.26.591310 (10.1101/2024.04.26.591310)	CC0	2024-05-17	1121	none reported in score columns	complete	none	""	not computed at this scope	""	""				unknown	none	scores_not_downloaded_at_this_scope	false	candidate	""
urn:mavedb:00001165-a-1	ZFHX3	ENSG00000140836.18	uniprot	ZFHX3 Homeobox domain domainome 1.0	Stability measurements of the ZFHX3 Homeobox domain from domainome 1.0.	""	""	""	""	bioRxiv:2024.04.26.591310 (10.1101/2024.04.26.591310)	CC0	2024-05-17	1121	none reported in score columns	complete	none	""	not computed at this scope	""	""				unknown	none	scores_not_downloaded_at_this_scope	false	candidate	""
urn:mavedb:00001166-a-1	ZFHX3	ENSG00000140836.18	uniprot	ZFHX3 Homeobox domain domainome 1.0	Stability measurements of the ZFHX3 Homeobox domain from domainome 1.0.	""	""	""	""	bioRxiv:2024.04.26.591310 (10.1101/2024.04.26.591310)	CC0	2024-05-17	1121	none reported in score columns	complete	none	""	not computed at this scope	""	""				unknown	none	scores_not_downloaded_at_this_scope	false	candidate	""
urn:mavedb:00001167-a-1	ZFHX4	ENSG00000091656.19	uniprot	ZFHX4 Homeobox domain domainome 1.0	Stability measurements of the ZFHX4 Homeobox domain from domainome 1.0.	""	""	""	""	bioRxiv:2024.04.26.591310 (10.1101/2024.04.26.591310)	CC0	2024-05-17	1121	none reported in score columns	complete	none	""	not computed at this scope	""	""				unknown	none	scores_not_downloaded_at_this_scope	false	candidate	""
urn:mavedb:00001168-a-1	ZFHX4	ENSG00000091656.19	uniprot	ZFHX4 Homeobox domain domainome 1.0	Stability measurements of the ZFHX4 Homeobox domain from domainome 1.0.	""	""	""	""	bioRxiv:2024.04.26.591310 (10.1101/2024.04.26.591310)	CC0	2024-05-17	1121	none reported in score columns	complete	none	""	not computed at this scope	""	""				unknown	none	scores_not_downloaded_at_this_scope	false	candidate	""
urn:mavedb:00001169-a-1	ZFHX4	ENSG00000091656.19	uniprot	ZFHX4 Homeobox domain domainome 1.0	Stability measurements of the ZFHX4 Homeobox domain from domainome 1.0.	""	""	""	""	bioRxiv:2024.04.26.591310 (10.1101/2024.04.26.591310)	CC0	2024-05-17	1121	none reported in score columns	complete	none	""	not computed at this scope	""	""				unknown	none	scores_not_downloaded_at_this_scope	false	candidate	""
urn:mavedb:00001170-a-1	ZFP30	ENSG00000120784.19	uniprot	ZFP30 Zinc finger C2H2-type domain domainome 1.0	Stability measurements of the ZFP30 Zinc finger C2H2-type domain from domainome 1.0.	""	""	""	""	bioRxiv:2024.04.26.591310 (10.1101/2024.04.26.591310)	CC0	2024-05-17	441	none reported in score columns	failed	none	""	not computed at this scope	""	""				unknown	none	scores_not_downloaded_at_this_scope,genomic_mapping_failed	false	candidate	""
urn:mavedb:00001171-a-1	ZFP36L2	ENSG00000152518.10	mavedb_mapping	ZFP36L2 Zinc finger, CCCH-type domain domainome 1.0	Stability measurements of the ZFP36L2 Zinc finger, CCCH-type domain from domainome 1.0.	""	""	""	""	bioRxiv:2024.04.26.591310 (10.1101/2024.04.26.591310)	CC0	2024-05-17	481	none reported in score columns	complete	none	""	not computed at this scope	""	""				unknown	none	scores_not_downloaded_at_this_scope	false	candidate	""
urn:mavedb:00001172-a-1	ZFP36	ENSG00000128016.10	mavedb_mapping	ZFP36 Zinc finger, CCCH-type domain domainome 1.0	Stability measurements of the ZFP36 Zinc finger, CCCH-type domain from domainome 1.0.	""	""	""	""	bioRxiv:2024.04.26.591310 (10.1101/2024.04.26.591310)	CC0	2024-05-17	501	none reported in score columns	complete	none	""	not computed at this scope	""	""				unknown	none	scores_not_downloaded_at_this_scope	false	candidate	""
urn:mavedb:00001173-a-1	ZFP57	ENSG00000204644.12	mavedb_mapping	ZFP57 Zinc finger C2H2-type domain domainome 1.0	Stability measurements of the ZFP57 Zinc finger C2H2-type domain from domainome 1.0.	""	""	""	""	bioRxiv:2024.04.26.591310 (10.1101/2024.04.26.591310)	CC0	2024-05-17	441	none reported in score columns	complete	none	""	not computed at this scope	""	""				unknown	none	scores_not_downloaded_at_this_scope	false	candidate	""
urn:mavedb:00001174-a-1	ZFYVE16	ENSG00000039319.19	mavedb_mapping	ZFYVE16 FYVE zinc finger domain domainome 1.0	Stability measurements of the ZFYVE16 FYVE zinc finger domain from domainome 1.0.	""	""	""	""	bioRxiv:2024.04.26.591310 (10.1101/2024.04.26.591310)	CC0	2024-05-17	1241	none reported in score columns	complete	none	""	not computed at this scope	""	""				unknown	none	scores_not_downloaded_at_this_scope	false	candidate	""
urn:mavedb:00001175-a-1	ZHX1	ENSG00000165156.17	mavedb_mapping	ZHX1 ZHX, C2H2 finger domain domainome 1.0	Stability measurements of the ZHX1 ZHX, C2H2 finger domain from domainome 1.0.	""	""	""	""	bioRxiv:2024.04.26.591310 (10.1101/2024.04.26.591310)	CC0	2024-05-17	1001	none reported in score columns	complete	none	""	not computed at this scope	""	""				unknown	none	scores_not_downloaded_at_this_scope	false	candidate	""
urn:mavedb:00001176-a-1	ZIC2	ENSG00000043355.13	mavedb_mapping	ZIC2 ZIC protein, zinc finger domain domainome 1.0	Stability measurements of the ZIC2 ZIC protein, zinc finger domain from domainome 1.0.	""	""	""	""	bioRxiv:2024.04.26.591310 (10.1101/2024.04.26.591310)	CC0	2024-05-17	921	none reported in score columns	complete	none	""	not computed at this scope	""	""				unknown	none	scores_not_downloaded_at_this_scope	false	candidate	""
urn:mavedb:00001177-a-1	ZIC3	ENSG00000156925.14	mavedb_mapping	ZIC3 Zinc finger C2H2-type domain domainome 1.0	Stability measurements of the ZIC3 Zinc finger C2H2-type domain from domainome 1.0.	""	""	""	""	bioRxiv:2024.04.26.591310 (10.1101/2024.04.26.591310)	CC0	2024-05-17	441	none reported in score columns	complete	none	""	not computed at this scope	""	""				unknown	none	scores_not_downloaded_at_this_scope	false	candidate	""
urn:mavedb:00001178-a-1	ZMAT3	ENSG00000172667.13	mavedb_mapping	ZMAT3 Zinc finger, double-stranded RNA binding domain domainome 1.0	Stability measurements of the ZMAT3 Zinc finger, double-stranded RNA binding domain from domainome 1.0.	""	""	""	""	bioRxiv:2024.04.26.591310 (10.1101/2024.04.26.591310)	CC0	2024-05-17	521	none reported in score columns	complete	none	""	not computed at this scope	""	""				unknown	none	scores_not_downloaded_at_this_scope	false	candidate	""
urn:mavedb:00001179-a-1	ZMYM2	ENSG00000121741.19	mavedb_mapping	ZMYM2 Zinc finger, MYM-type domain domainome 1.0	Stability measurements of the ZMYM2 Zinc finger, MYM-type domain from domainome 1.0.	""	""	""	""	bioRxiv:2024.04.26.591310 (10.1101/2024.04.26.591310)	CC0	2024-05-17	881	none reported in score columns	complete	none	""	not computed at this scope	""	""				unknown	none	scores_not_downloaded_at_this_scope	false	candidate	""
urn:mavedb:00001180-a-1	ZMYM3	ENSG00000147130.16	mavedb_mapping	ZMYM3 Zinc finger, MYM-type domain domainome 1.0	Stability measurements of the ZMYM3 Zinc finger, MYM-type domain from domainome 1.0.	""	""	""	""	bioRxiv:2024.04.26.591310 (10.1101/2024.04.26.591310)	CC0	2024-05-17	781	none reported in score columns	complete	none	""	not computed at this scope	""	""				unknown	none	scores_not_downloaded_at_this_scope	false	candidate	""
urn:mavedb:00001181-a-1	ZMYM3	ENSG00000147130.16	mavedb_mapping	ZMYM3 Zinc finger, MYM-type domain domainome 1.0	Stability measurements of the ZMYM3 Zinc finger, MYM-type domain from domainome 1.0.	""	""	""	""	bioRxiv:2024.04.26.591310 (10.1101/2024.04.26.591310)	CC0	2024-05-17	801	none reported in score columns	complete	none	""	not computed at this scope	""	""				unknown	none	scores_not_downloaded_at_this_scope	false	candidate	""
urn:mavedb:00001182-a-1	ZMYM3	ENSG00000147130.16	uniprot	ZMYM3 Zinc finger, MYM-type domain domainome 1.0	Stability measurements of the ZMYM3 Zinc finger, MYM-type domain from domainome 1.0.	""	""	""	""	bioRxiv:2024.04.26.591310 (10.1101/2024.04.26.591310)	CC0	2024-05-17	901	none reported in score columns	complete	none	""	not computed at this scope	""	""				unknown	none	scores_not_downloaded_at_this_scope	false	candidate	""
urn:mavedb:00001183-a-1	ZMYM3	ENSG00000147130.16	mavedb_mapping	ZMYM3 Zinc finger, MYM-type domain domainome 1.0	Stability measurements of the ZMYM3 Zinc finger, MYM-type domain from domainome 1.0.	""	""	""	""	bioRxiv:2024.04.26.591310 (10.1101/2024.04.26.591310)	CC0	2024-05-17	801	none reported in score columns	complete	none	""	not computed at this scope	""	""				unknown	none	scores_not_downloaded_at_this_scope	false	candidate	""
urn:mavedb:00001184-a-1	ZMYM5	ENSG00000132950.21	mavedb_mapping	ZMYM5 Zinc finger, MYM-type domain domainome 1.0	Stability measurements of the ZMYM5 Zinc finger, MYM-type domain from domainome 1.0.	""	""	""	""	bioRxiv:2024.04.26.591310 (10.1101/2024.04.26.591310)	CC0	2024-05-17	801	none reported in score columns	complete	none	""	not computed at this scope	""	""				unknown	none	scores_not_downloaded_at_this_scope	false	candidate	""
urn:mavedb:00001185-a-1	ZMYM6	ENSG00000163867.19	mavedb_mapping	ZMYM6 Zinc finger, MYM-type domain domainome 1.0	Stability measurements of the ZMYM6 Zinc finger, MYM-type domain from domainome 1.0.	""	""	""	""	bioRxiv:2024.04.26.591310 (10.1101/2024.04.26.591310)	CC0	2024-05-17	801	none reported in score columns	complete	none	""	not computed at this scope	""	""				unknown	none	scores_not_downloaded_at_this_scope	false	candidate	""
urn:mavedb:00001186-a-1	ZMYM6	ENSG00000163867.19	mavedb_mapping	ZMYM6 Zinc finger, MYM-type domain domainome 1.0	Stability measurements of the ZMYM6 Zinc finger, MYM-type domain from domainome 1.0.	""	""	""	""	bioRxiv:2024.04.26.591310 (10.1101/2024.04.26.591310)	CC0	2024-05-17	721	none reported in score columns	complete	none	""	not computed at this scope	""	""				unknown	none	scores_not_downloaded_at_this_scope	false	candidate	""
urn:mavedb:00001187-a-1	ZNF148	ENSG00000163848.23	mavedb_mapping	ZNF148 Zinc finger C2H2-type domain domainome 1.0	Stability measurements of the ZNF148 Zinc finger C2H2-type domain from domainome 1.0.	""	""	""	""	bioRxiv:2024.04.26.591310 (10.1101/2024.04.26.591310)	CC0	2024-05-17	441	none reported in score columns	complete	none	""	not computed at this scope	""	""				unknown	none	scores_not_downloaded_at_this_scope	false	candidate	""
urn:mavedb:00001188-a-1	ZNF292	ENSG00000188994.16	uniprot	ZNF292 Zinc finger C2H2-type domain domainome 1.0	Stability measurements of the ZNF292 Zinc finger C2H2-type domain from domainome 1.0.	""	""	""	""	bioRxiv:2024.04.26.591310 (10.1101/2024.04.26.591310)	CC0	2024-05-17	481	none reported in score columns	complete	none	""	not computed at this scope	""	""				unknown	none	scores_not_downloaded_at_this_scope	false	candidate	""
urn:mavedb:00001189-a-1	ZNF408	ENSG00000175213.5	mavedb_mapping	ZNF408 Zinc finger C2H2-type domain domainome 1.0	Stability measurements of the ZNF408 Zinc finger C2H2-type domain from domainome 1.0.	""	""	""	""	bioRxiv:2024.04.26.591310 (10.1101/2024.04.26.591310)	CC0	2024-05-17	421	none reported in score columns	complete	none	""	not computed at this scope	""	""				unknown	none	scores_not_downloaded_at_this_scope	false	candidate	""
urn:mavedb:00001190-a-1	ZNF711	ENSG00000147180.19	mavedb_mapping	ZNF711 Zinc finger C2H2-type domain domainome 1.0	Stability measurements of the ZNF711 Zinc finger C2H2-type domain from domainome 1.0.	""	""	""	""	bioRxiv:2024.04.26.591310 (10.1101/2024.04.26.591310)	CC0	2024-05-17	441	none reported in score columns	complete	none	""	not computed at this scope	""	""				unknown	none	scores_not_downloaded_at_this_scope	false	candidate	""
urn:mavedb:00001191-a-1	ZNF81	ENSG00000197779.17	mavedb_mapping	ZNF81 Zinc finger C2H2-type domain domainome 1.0	Stability measurements of the ZNF81 Zinc finger C2H2-type domain from domainome 1.0.	""	""	""	""	bioRxiv:2024.04.26.591310 (10.1101/2024.04.26.591310)	CC0	2024-05-17	441	none reported in score columns	complete	none	""	not computed at this scope	""	""				unknown	none	scores_not_downloaded_at_this_scope	false	candidate	""
urn:mavedb:00001192-a-1	ZNF81	ENSG00000197779.17	mavedb_mapping	ZNF81 Zinc finger C2H2-type domain domainome 1.0	Stability measurements of the ZNF81 Zinc finger C2H2-type domain from domainome 1.0.	""	""	""	""	bioRxiv:2024.04.26.591310 (10.1101/2024.04.26.591310)	CC0	2024-05-17	441	none reported in score columns	complete	none	""	not computed at this scope	""	""				unknown	none	scores_not_downloaded_at_this_scope	false	candidate	""
urn:mavedb:00001193-a-1	ZRANB2	ENSG00000132485.16	mavedb_mapping	ZRANB2 Zinc finger, RanBP2-type domain domainome 1.0	Stability measurements of the ZRANB2 Zinc finger, RanBP2-type domain from domainome 1.0.	""	""	""	""	bioRxiv:2024.04.26.591310 (10.1101/2024.04.26.591310)	CC0	2024-05-17	501	none reported in score columns	complete	none	""	not computed at this scope	""	""				unknown	none	scores_not_downloaded_at_this_scope	false	candidate	""
urn:mavedb:00001194-a-1	ZRANB2	ENSG00000132485.16	mavedb_mapping	ZRANB2 Zinc finger, RanBP2-type domain domainome 1.0	Stability measurements of the ZRANB2 Zinc finger, RanBP2-type domain from domainome 1.0.	""	""	""	""	bioRxiv:2024.04.26.591310 (10.1101/2024.04.26.591310)	CC0	2024-05-17	541	none reported in score columns	complete	none	""	not computed at this scope	""	""				unknown	none	scores_not_downloaded_at_this_scope	false	candidate	""
urn:mavedb:00001195-a-1	ZYX	ENSG00000159840.18	mavedb_mapping	ZYX Zinc finger, LIM-type domain domainome 1.0	Stability measurements of the ZYX Zinc finger, LIM-type domain from domainome 1.0.	""	""	""	""	bioRxiv:2024.04.26.591310 (10.1101/2024.04.26.591310)	CC0	2024-05-17	1341	none reported in score columns	complete	none	""	not computed at this scope	""	""				unknown	none	scores_not_downloaded_at_this_scope	false	candidate	""
urn:mavedb:00001196-a-1	ZZZ3	ENSG00000036549.15	mavedb_mapping	ZZZ3 SANT/Myb domain domainome 1.0	Stability measurements of the ZZZ3 SANT/Myb domain from domainome 1.0.	""	""	""	""	bioRxiv:2024.04.26.591310 (10.1101/2024.04.26.591310)	CC0	2024-05-17	1281	none reported in score columns	complete	none	""	not computed at this scope	""	""				unknown	none	scores_not_downloaded_at_this_scope	false	candidate	""
urn:mavedb:00001197-a-5	FKRP	ENSG00000181027.13	target_name	FKRP variants effects on alpha-DG glycosylation	FKRP variants effects on alpha-DG glycosylation	Reporter	Loss of function	Protein glycosylation	Immortalized human cells	bioRxiv:2023.07.12.548370 (10.1101/2023.07.12.548370)	CC BY 4.0	2025-11-05	4455	none reported in score columns	complete	abnormal range(s) below normal range(s) — IGVF Coding Variant Focus Group -- Controls: All Variants; ExCALIBR calibration [research use only]; Investigator-provided functional classes; IGVF Coding Variant Focus Group -- Controls: Missense Variants Only	lower_is_more_damaging	not computed at this scope	""	""				lower_is_more_damaging	medium	scores_not_downloaded_at_this_scope	false	candidate	""
urn:mavedb:00001198-a-1	JAG1	ENSG00000101384.14	target_name	JAG1  Membrane Expression	A Deep Mutational Scan of the human JAG1 gene using a membrane expression assay and a cDNA library of variants.	Reporter	Loss of function	Protein localization to plasma membrane	Other	""	CC0	2024-06-15	2832	replicate columns: rep1_score, rep2_score, rep3_score, rep4_score, rep5_score, rep6_score; error columns: std, upper_ci, lower_ci	complete	abnormal and normal ranges overlap — Investigator-provided functional classes; IGVF Coding Variant Focus Group -- Controls: All Variants; IGVF Coding Variant Focus Group -- Controls: Missense Variants Only; ExCALIBR calibration [research use only]; Categorical calibration using log likelihood ratios of pathogenicity (LLRp)	""	not computed at this scope	""	""				unknown	none	scores_not_downloaded_at_this_scope	false	candidate	""
urn:mavedb:00001199-a-1	CYP2C19	ENSG00000165841.13	mavedb_mapping	CYP2C19 VAMP-seq nonsynonymous scores	Scores for CYP2C19 VAMP-seq for missense and nonsense variants.	""	""	""	""	Crossref:10.1101/2023.10.06.561250 (10.1101/2023.10.06.561250)	CC0	2024-06-16	8149	replicate columns: score_rep1, score_rep2, score_rep3; error columns: sd, se, ci_upper, ci_lower	complete	none	""	not computed at this scope	""	""				unknown	none	scores_not_downloaded_at_this_scope	false	candidate	""
urn:mavedb:00001199-a-2	CYP2C19	ENSG00000165841.13	mavedb_mapping	CYP2C19 VAMP-seq synonymous scores	Scores for CYP2C19 VAMP-seq for synonymous variants.	""	""	""	""	Crossref:10.1101/2023.10.06.561250 (10.1101/2023.10.06.561250)	CC0	2024-06-16	532	replicate columns: score_rep1, score_rep2, score_rep3; error columns: sd, se, ci_upper, ci_lower	incomplete	none	""	not computed at this scope	""	""				unknown	none	scores_not_downloaded_at_this_scope,genomic_mapping_incomplete	false	candidate	""
urn:mavedb:00001200-0-1	F9	ENSG00000101981.13	target_name	F9 predictor scores	Predictor trained on MultiSTEP assays for coagulation factor IX (F9)	""	""	""	""	PubMed:39975210 (10.1101/2024.04.01.587474)	CC0	2026-02-21	9007	none reported in score columns	complete	abnormal range(s) above normal range(s) — Investigator-provided functional classification	higher_is_more_damaging	not computed at this scope	""	""				n/a	n/a	""	false	excluded	meta_analysis (derived from other score sets, not a direct measurement)
urn:mavedb:00001200-a-1	F9	ENSG00000101981.13	target_name	F9 MultiStEP strep II tag scores	Amino acid variant scores for MultiSTEP assay for coagulation factor IX (F9) surface expression using strep II tag antibody.	Reporter	Loss of function	""	Immortalized human cells	PubMed:39975210 (10.1101/2024.04.01.587474)	CC0	2024-07-01	9682	replicate columns: N_replicates, Score_Tile1_BioReplicate1, Score_Tile1_BioReplicate2, Score_Tile1_BioReplicate3, Score_Tile2_BioReplicate1, Score_Tile2_BioReplicate2; error columns: SE_score	complete	abnormal range(s) below normal range(s) — Investigator-provided functional classes; ExCALIBR calibration [research use only]	lower_is_more_damaging	not computed at this scope	""	""				lower_is_more_damaging	medium	scores_not_downloaded_at_this_scope	false	candidate	""
urn:mavedb:00001200-b-1	F9	ENSG00000101981.13	target_name	F9 MultiStEP heavy chain scores	Amino acid variant scores for MultiSTEP assay for coagulation factor IX (F9) surface expression using F9 heavy chain antibody.	Reporter	Loss of function	""	Immortalized human cells	PubMed:39975210 (10.1101/2024.04.01.587474)	CC0	2024-07-01	9682	replicate columns: N_replicates, Score_Tile1_BioReplicate1, Score_Tile1_BioReplicate2, Score_Tile1_BioReplicate3, Score_Tile2_BioReplicate1, Score_Tile2_BioReplicate2; error columns: SE_score	complete	abnormal range(s) below normal range(s) — Investigator-provided functional classes; ExCALIBR calibration [research use only]	lower_is_more_damaging	not computed at this scope	""	""				lower_is_more_damaging	medium	scores_not_downloaded_at_this_scope	false	candidate	""
urn:mavedb:00001200-c-1	F9	ENSG00000101981.13	target_name	F9 MultiSTEP light chain scores	Amino acid variant scores for MultiSTEP assay for coagulation factor IX (F9) surface expression using F9 light chain antibody.	Reporter	Loss of function	""	Immortalized human cells	PubMed:39975210 (10.1101/2024.04.01.587474)	CC0	2024-07-01	9682	replicate columns: N_replicates, Score_Tile1_BioReplicate1, Score_Tile1_BioReplicate2, Score_Tile2_BioReplicate1, Score_Tile2_BioReplicate2, Score_Tile3_BioReplicate1; error columns: SE_score	complete	abnormal range(s) below normal range(s) — Investigator-provided functional classes; ExCALIBR calibration [research use only]	lower_is_more_damaging	not computed at this scope	""	""				lower_is_more_damaging	medium	scores_not_downloaded_at_this_scope	false	candidate	""
urn:mavedb:00001200-d-1	F9	ENSG00000101981.13	target_name	F9 MultiSTEP F9 Gla domain scores	Amino acid variant scores for MultiSTEP assay for coagulation factor IX (F9) surface expression using a carboxylation-sensitive antibody to the F9 Gla domain.	Reporter	Loss of function	""	Immortalized human cells	PubMed:39975210 (10.1101/2024.04.01.587474)	CC0	2024-07-01	9682	replicate columns: N_replicates, Score_Tile1_BioReplicate3, Score_Tile1_BioReplicate4, Score_Tile2_BioReplicate3, Score_Tile2_BioReplicate4, Score_Tile3_BioReplicate3; error columns: SE_score	complete	abnormal range(s) below normal range(s) — ExCALIBR calibration [research use only]; Investigator-provided functional classes	lower_is_more_damaging	not computed at this scope	""	""				lower_is_more_damaging	medium	scores_not_downloaded_at_this_scope	false	candidate	""
urn:mavedb:00001200-e-1	F9	ENSG00000101981.13	target_name	F9 MultiSTEP pan-Gla domain scores	Amino acid variant scores for MultiSTEP assay for coagulation factor IX (F9) surface expression using a carboxylation-sensitive antibody to the Gla domain motif.	Reporter	Loss of function	""	Immortalized human cells	PubMed:39975210 (10.1101/2024.04.01.587474)	CC0	2024-07-01	9682	replicate columns: N_replicates, Score_Tile1_BioReplicate3, Score_Tile1_BioReplicate4, Score_Tile2_BioReplicate3, Score_Tile2_BioReplicate4, Score_Tile3_BioReplicate3; error columns: SE_score	complete	abnormal range(s) below normal range(s) — Investigator-provided functional classes; ExCALIBR calibration [research use only]	lower_is_more_damaging	not computed at this scope	""	""				lower_is_more_damaging	medium	scores_not_downloaded_at_this_scope	false	candidate	""
urn:mavedb:00001201-a-1	TSC2	ENSG00000103197.22	mavedb_mapping	TSC2 functional assay using prime editing in HAP1s	A curated loci prime editing (cliPE) approach to generate functional scores on over 200 variants in the TSC2 gene	""	""	""	""	doi:10.1101/2024.06.07.597916	CC0	2024-07-10	208	none reported in score columns	complete	none	""	not computed at this scope	""	""				unknown	none	scores_not_downloaded_at_this_scope	false	candidate	""
urn:mavedb:00001203-a-1			unresolved (target name 'Homo sapiens checkpoint kinase 2 (CHEK2), transcript variant 1, CDS')	Human CHEK2 CDS SNVs functionally classified as damaging or tolerated based on complementation of yeast rad53	rad53 complementation score (RCS): log2 of the ratio of frequencies after/before selection for growth in the absence of rad53. Lower ratios or more negative RCSs are interpreted to indicate that the SNVs were depleted after selection as expected for variants that are detrimental to CHK2 function. Th	""	""	""	""	doi:10.1101/2023.12.22.573093	CC BY 4.0	2024-07-11	4885	none reported in score columns	incomplete	none	""	not computed at this scope	""	""				n/a	n/a	""	false	excluded	gene_unresolved
urn:mavedb:00001203-a-2			unresolved (target name 'Homo sapiens checkpoint kinase 2 (CHEK2), transcript variant 1, CDS')	Rad53 complementation scores for coding SNVs of human CHEK2	Functional analysis based on a Rad53 complementation score (RCS): log2 of the ratio of frequencies after/before selection for growth in the absence of rad53. Lower ratios or more negative RCSs are interpreted to indicate that the SNVs were depleted after selection as expected for variants that are d	""	""	""	""	doi:10.1101/2023.12.22.573093	CC BY 4.0	2024-07-11	4885	none reported in score columns	incomplete	none	""	not computed at this scope	""	""				n/a	n/a	""	false	excluded	gene_unresolved
urn:mavedb:00001204-a-1	EGFR	ENSG00000146648.23	mavedb_mapping	EGFR gefitinib PC9 cells	We have supplied variant scores in the presence of drugs for non-synonymous variants that have been installed with base editors (CBE or ABE) and genotyped with amplicon sequencing (“verified BE dataset”). Only gRNAs that have installed a single amino acid variant are shown. We also supply a larger d	""	""	""	""	""	CC BY 4.0	2024-08-21	4	none reported in score columns	complete	none	""	not computed at this scope	""	""				n/a	n/a	""	false	excluded	fewer_than_20_variants
urn:mavedb:00001204-a-2	MAP2K1	ENSG00000169032.13	mavedb_mapping	MAP2K1 dabrafenib and cetuximab HT-29 cells	We have supplied variant scores in the presence of drugs for non-synonymous variants that have been installed with base editors (CBE or ABE) and genotyped with amplicon sequencing (“verified BE dataset”). Only gRNAs that have installed a single amino acid variant are shown. We also supply a larger d	""	""	""	""	""	CC BY 4.0	2024-08-21	4	none reported in score columns	complete	none	""	not computed at this scope	""	""				n/a	n/a	""	false	excluded	fewer_than_20_variants
urn:mavedb:00001204-a-3	MAP2K1	ENSG00000169032.13	target_name	MAP2K1 trametinib HT-29 cells	We have supplied variant scores in the presence of drugs for non-synonymous variants that have been installed with base editors (CBE or ABE) and genotyped with amplicon sequencing (“verified BE dataset”). Only gRNAs that have installed a single amino acid variant are shown. We also supply a larger d	""	""	""	""	""	CC BY 4.0	2024-09-04	10	none reported in score columns	complete	none	""	not computed at this scope	""	""				n/a	n/a	""	false	excluded	fewer_than_20_variants
urn:mavedb:00001204-a-4	MAP2K1	ENSG00000169032.13	mavedb_mapping	Dabrafenib and Cetuximab HT-29 cells, base editing z-scores (predicted consequence)	We have supplied variant scores in the presence of drugs for non-synonymous variants that have been installed with base editors (CBE or ABE) and genotyped with amplicon sequencing (“verified BE dataset”). Only gRNAs that have installed a single amino acid variant are shown. We also supply a larger d	""	""	""	""	""	CC BY 4.0	2024-09-18	142	none reported in score columns	complete	none	""	not computed at this scope	""	""				unknown	none	scores_not_downloaded_at_this_scope	false	candidate	""
urn:mavedb:00001204-a-5	EGFR	ENSG00000146648.23	mavedb_mapping	Dabrafenib and Cetuximab HT-29 cells, base editing z-scores (predicted consequence)	We have supplied variant scores in the presence of drugs for non-synonymous variants that have been installed with base editors (CBE or ABE) and genotyped with amplicon sequencing (“verified BE dataset”). Only gRNAs that have installed a single amino acid variant are shown. We also supply a larger d	""	""	""	""	""	CC BY 4.0	2024-09-18	472	none reported in score columns	complete	none	""	not computed at this scope	""	""				unknown	none	scores_not_downloaded_at_this_scope	false	candidate	""
urn:mavedb:00001204-a-6	MAP2K1	ENSG00000169032.13	mavedb_mapping	Trametinib HT-29 cells, base editing z-scores (predicted consequence)	We have supplied variant scores in the presence of drugs for non-synonymous variants that have been installed with base editors (CBE or ABE) and genotyped with amplicon sequencing (“verified BE dataset”). Only gRNAs that have installed a single amino acid variant are shown. We also supply a larger d	""	""	""	""	doi:10.1038/s41588-024-01948-8	CC BY 4.0	2024-10-02	142	none reported in score columns	complete	none	""	not computed at this scope	""	""				unknown	none	scores_not_downloaded_at_this_scope	false	candidate	""
urn:mavedb:00001205-a-1	CHEK2	ENSG00000183765.26	target_name	CHEK2 Yeast Complementation in MMS	Human CHK2 rescues growth under MMS induced DNA damage in yeast lacking RAD53	Cell fitness	Loss of function	DNA damage checkpoint signaling	Yeast	Crossref:10.1101/2024.02.13.579700 (10.1101/2024.02.13.579700)	CC0	2024-09-03	8847	error columns: Filter_CI	complete	abnormal and normal ranges overlap — Investigator-provided functional classes; ExCALIBR calibration [research use only]	""	not computed at this scope	""	""				unknown	none	scores_not_downloaded_at_this_scope	false	candidate	""
urn:mavedb:00001206-a-1	MAP2K1	ENSG00000169032.13	target_name	MAP2K1 trametinib HT-29 cells	We have supplied variant scores in the presence of drugs for non-synonymous variants that have been installed with base editors (CBE or ABE) and genotyped with amplicon sequencing (“verified BE dataset”). Only gRNAs that have installed a single amino acid variant are shown. We also supply a larger d	""	""	""	""	""	CC BY 4.0	2024-09-04	10	none reported in score columns	complete	none	""	not computed at this scope	""	""				n/a	n/a	""	false	excluded	fewer_than_20_variants
urn:mavedb:00001206-a-2	MAP2K1	ENSG00000169032.13	target_name	MAP2K1 trametinib HT-29 cells	We have supplied variant scores in the presence of drugs for non-synonymous variants that have been installed with base editors (CBE or ABE) and genotyped with amplicon sequencing (“verified BE dataset”). Only gRNAs that have installed a single amino acid variant are shown. We also supply a larger d	""	""	""	""	""	CC BY 4.0	2024-09-04	10	none reported in score columns	complete	none	""	not computed at this scope	""	""				n/a	n/a	""	false	excluded	fewer_than_20_variants
urn:mavedb:00001207-a-1	GPR68	ENSG00000119714.13	mavedb_mapping	GPR68 mutational scan of cAMP signaling at pH 6.5	We measured mutational effects on GPR68 proton-mediated cAMP signaling at pH 6.5 using transcriptional reporter.	""	""	""	""	Crossref:10.1101/2024.04.17.590000 (10.1101/2024.04.17.590000)	CC BY-NC-SA 4.0	2024-09-06	9258	error columns: SE	complete	none	""	not computed at this scope	""	""				unknown	none	scores_not_downloaded_at_this_scope,licence_CC_BY-NC-SA_4.0	false	candidate	""
urn:mavedb:00001207-a-2	GPR68	ENSG00000119714.13	mavedb_mapping	GPR68 mutational scan of surface eppression	Mutational effects were measured on GPR68 surface expression using antibody-labeling followed by FACS.	""	""	""	""	Crossref:10.1101/2024.04.17.590000 (10.1101/2024.04.17.590000)	CC BY-NC-SA 4.0	2024-09-06	9258	error columns: SE_surface	complete	none	""	not computed at this scope	""	""				unknown	none	scores_not_downloaded_at_this_scope,licence_CC_BY-NC-SA_4.0	false	candidate	""
urn:mavedb:00001207-a-3	GPR68	ENSG00000119714.13	mavedb_mapping	GPR68 cAMP signaling at pH 5.5	We measured mutational effects on GPR68 proton-mediated cAMP signaling at pH 5.5 using transcriptional reporter.	""	""	""	""	Crossref:10.1101/2024.04.17.590000 (10.1101/2024.04.17.590000)	CC BY-NC-SA 4.0	2024-09-06	9258	error columns: SE_ph55	complete	none	""	not computed at this scope	""	""				unknown	none	scores_not_downloaded_at_this_scope,licence_CC_BY-NC-SA_4.0	false	candidate	""
urn:mavedb:00001213-a-1	TP53	ENSG00000141510.21	target_name	Deep mutational scan of human TP53 in HCT116 colorectal cancer cells covering Exons 5, 6, 7 and 8	Deep mutational scan of 9225 mutations in human TP53 covering Exons 5, 6, 7 and 8 plus flanking 13nt intronic regions in HCT116 colorectal cancer cells. Introduced where SNVs, DNVs, TNVs, insertions of size 1 and deletions up to size 3.	""	""	""	""	""	CC0	2024-11-21	8052	error columns: SE_RFS_enrich2	complete	none	""	truncating (n=2948, median 1.01) vs synonymous (n=377, median -1); AUC 1.00	higher_is_more_damaging	truncating_vs_synonymous	0.997	8052	3553	higher_is_more_damaging	medium	""	true	candidate	""
urn:mavedb:00001214-a-1	MPL	ENSG00000117400.19	mavedb_mapping	Constitutive active variants of TpoR	Deep Mutational Scanning of the TpoR transmembrane and juxtamembrane domains to explore sequence requirements for its constitutive activation. This dataset contains scores for protein variants.	Survival assessment assay	""	""	Other	""	CC0	2024-12-05	620	none reported in score columns	complete	none	""	not computed at this scope	""	""				unknown	none	scores_not_downloaded_at_this_scope	false	candidate	""
urn:mavedb:00001214-a-2	MPL	ENSG00000117400.19	mavedb_mapping	Constitutively active variants of TpoR	Deep Mutational Scanning of the TpoR transmembrane and juxtamembrane domains to explore sequence requirements for its constitutive activation. This dataset contains scores for synonymous wildtype.	Survival assessment assay	""	""	Other	""	CC0	2024-12-05	193	none reported in score columns	complete	none	""	not computed at this scope	""	""				unknown	none	scores_not_downloaded_at_this_scope	false	candidate	""
urn:mavedb:00001214-b-1			unresolved (target name 'S505N MPL')	Sequence requirement of S505N-induced constitutive activation	Deep Mutational Scanning of the S505N TpoR transmembrane and juxtamembrane domains to explore sequence requirements for its constitutive activation. This dataset contains scores for protein variants.	Survival assessment assay	""	""	Other	""	CC0	2024-12-05	978	none reported in score columns	failed	none	""	not computed at this scope	""	""				n/a	n/a	""	false	excluded	gene_unresolved
urn:mavedb:00001214-b-2			unresolved (target name 'S505N MPL')	Sequence requirement of S505N-induced constitutive activation	Deep Mutational Scanning of the S505N TpoR transmembrane and juxtamembrane domains to explore sequence requirements for its constitutive activation. This dataset contains scores for synonymous wildtype.	Survival assessment assay	""	""	Other	""	CC0	2024-12-05	168	none reported in score columns	incomplete	none	""	not computed at this scope	""	""				n/a	n/a	""	false	excluded	gene_unresolved
urn:mavedb:00001214-c-1	MPL	ENSG00000117400.19	mavedb_mapping	TpoR activation by high dosage of avatrombopag	Deep Mutational Scanning of the TpoR transmembrane and juxtamembrane domains to explore sequence requirements for ligand-induced activation. This dataset contains scores for protein variants.	Survival assessment assay	""	""	Other	""	CC0	2024-12-05	972	none reported in score columns	complete	none	""	not computed at this scope	""	""				unknown	none	scores_not_downloaded_at_this_scope	false	candidate	""
urn:mavedb:00001214-c-2	MPL	ENSG00000117400.19	uniprot	TpoR activation by high dosage of avatrombopag	Deep Mutational Scanning of the TpoR transmembrane and juxtamembrane domains to explore sequence requirements for ligand-induced activation. This dataset contains scores for synonymous wildtype.	Survival assessment assay	""	""	Other	""	CC0	2024-12-05	155	none reported in score columns	incomplete	none	""	not computed at this scope	""	""				unknown	none	scores_not_downloaded_at_this_scope,genomic_mapping_incomplete	false	candidate	""
urn:mavedb:00001214-d-1	MPL	ENSG00000117400.19	uniprot	TpoR activation by high dosage of eltrombopag	Deep Mutational Scanning of the TpoR transmembrane and juxtamembrane domains to explore sequence requirements for ligand-induced activation. This dataset contains scores for synonymous wildtype.	Survival assessment assay	""	""	Other	""	CC0	2024-12-05	161	none reported in score columns	incomplete	none	""	not computed at this scope	""	""				unknown	none	scores_not_downloaded_at_this_scope,genomic_mapping_incomplete	false	candidate	""
urn:mavedb:00001214-d-2	MPL	ENSG00000117400.19	mavedb_mapping	TpoR activation by high dosage of eltrombopag	Deep Mutational Scanning of the TpoR transmembrane and juxtamembrane domains to explore sequence requirements for ligand-induced activation. This dataset contains scores for protein variants.	Survival assessment assay	""	""	Other	""	CC0	2024-12-05	976	none reported in score columns	complete	none	""	not computed at this scope	""	""				unknown	none	scores_not_downloaded_at_this_scope	false	candidate	""
urn:mavedb:00001214-e-1			unresolved (target name 'S505N MPL')	Surface presentation levels of variants on S505N hTpoR background	Profile of surface presentation levels of variants on S505N hTpoR background. This dataset contains the scores for synonymous wildtype.	Flow cytometry assay	""	""	Other	""	CC0	2024-12-05	162	none reported in score columns	incomplete	none	""	not computed at this scope	""	""				n/a	n/a	""	false	excluded	gene_unresolved
urn:mavedb:00001214-e-2			unresolved (target name 'S505N MPL')	Surface presentation levels of variants on S505N hTpoR background	Deep Mutational Scanning of surface presentation levels of variants on S505N hTpoR background. This dataset contains the scores for protein variants.	Flow cytometry assay	""	""	Other	""	CC0	2024-12-05	978	none reported in score columns	failed	none	""	not computed at this scope	""	""				n/a	n/a	""	false	excluded	gene_unresolved
urn:mavedb:00001214-f-1	MPL	ENSG00000117400.19	uniprot	TpoR activation by low dosage of eltrombopag	Deep Mutational Scanning of the TpoR transmembrane and juxtamembrane domains to explore sequence requirements for ligand-induced activation. This dataset contains scores for synonymous wildtype.	Survival assessment assay	""	""	Other	""	CC0	2024-12-05	160	none reported in score columns	incomplete	none	""	not computed at this scope	""	""				unknown	none	scores_not_downloaded_at_this_scope,genomic_mapping_incomplete	false	candidate	""
urn:mavedb:00001214-f-2	MPL	ENSG00000117400.19	mavedb_mapping	TpoR activation by low dosage of eltrombopag	Deep Mutational Scanning of the TpoR transmembrane and juxtamembrane domains to explore sequence requirements for ligand-induced activation. This dataset contains scores for protein variants.	Survival assessment assay	""	""	Other	""	CC0	2024-12-05	969	none reported in score columns	complete	none	""	not computed at this scope	""	""				unknown	none	scores_not_downloaded_at_this_scope	false	candidate	""
urn:mavedb:00001214-g-1	MPL	ENSG00000117400.19	mavedb_mapping	TpoR activation by low dosage of lusutrombopag	Deep Mutational Scanning of the TpoR transmembrane and juxtamembrane domains to explore sequence requirements for ligand-induced activation. This dataset contains scores for protein variants.	Survival assessment assay	""	""	Other	""	CC0	2024-12-05	959	none reported in score columns	complete	none	""	not computed at this scope	""	""				unknown	none	scores_not_downloaded_at_this_scope	false	candidate	""
urn:mavedb:00001214-g-2	MPL	ENSG00000117400.19	uniprot	TpoR activation by low dosage of lusutrombopag	Deep Mutational Scanning of the TpoR transmembrane and juxtamembrane domains to explore sequence requirements for ligand-induced activation. This dataset contains scores for synonymous wildtype.	Survival assessment assay	""	""	Other	""	CC0	2024-12-05	156	none reported in score columns	incomplete	none	""	not computed at this scope	""	""				unknown	none	scores_not_downloaded_at_this_scope,genomic_mapping_incomplete	false	candidate	""
urn:mavedb:00001214-h-1	MPL	ENSG00000117400.19	mavedb_mapping	TpoR activation by high dosage of lusutrombopag	Deep Mutational Scanning of the TpoR transmembrane and juxtamembrane domains to explore sequence requirements for ligand-induced activation. This dataset contains scores for protein variants.	Survival assessment assay	""	""	Other	""	CC0	2024-12-05	970	none reported in score columns	complete	none	""	not computed at this scope	""	""				unknown	none	scores_not_downloaded_at_this_scope	false	candidate	""
urn:mavedb:00001214-h-2	MPL	ENSG00000117400.19	uniprot	TpoR activation by high dosage of lusutrombopag	Deep Mutational Scanning of the TpoR transmembrane and juxtamembrane domains to explore sequence requirements for ligand-induced activation. This dataset contains scores for synonymous wildtype.	Survival assessment assay	""	""	Other	""	CC0	2024-12-05	157	none reported in score columns	incomplete	none	""	not computed at this scope	""	""				unknown	none	scores_not_downloaded_at_this_scope,genomic_mapping_incomplete	false	candidate	""
urn:mavedb:00001214-i-1	MPL	ENSG00000117400.19	mavedb_mapping	TpoR activation by high dosage of Tpo	Deep Mutational Scanning of the TpoR transmembrane and juxtamembrane domains to explore sequence requirements for ligand-induced activation. This dataset contains scores for protein variants.	Survival assessment assay	""	""	Other	""	CC0	2024-12-05	978	none reported in score columns	complete	none	""	not computed at this scope	""	""				unknown	none	scores_not_downloaded_at_this_scope	false	candidate	""
urn:mavedb:00001214-i-2	MPL	ENSG00000117400.19	uniprot	TpoR activation by high dosage of Tpo	Deep Mutational Scanning of the TpoR transmembrane and juxtamembrane domains to explore sequence requirements for ligand-induced activation. This dataset contains scores for synonymous wildtype.	Survival assessment assay	""	""	Other	""	CC0	2024-12-05	165	none reported in score columns	incomplete	none	""	not computed at this scope	""	""				unknown	none	scores_not_downloaded_at_this_scope,genomic_mapping_incomplete	false	candidate	""
urn:mavedb:00001214-j-1	MPL	ENSG00000117400.19	mavedb_mapping	Surface presentation level of hTpoR variants	Profile surface presentation level of hTpoR variants using DMS. This dataset contains scores for protein variants.	Flow cytometry assay	""	""	Other	""	CC0	2024-12-05	978	none reported in score columns	complete	none	""	not computed at this scope	""	""				unknown	none	scores_not_downloaded_at_this_scope	false	candidate	""
urn:mavedb:00001214-j-2	MPL	ENSG00000117400.19	uniprot	Surface levels of hTpoR variants	Profile surface presentation level of hTpoR variants using DMS. This dataset contains all synonymous wildtype..	Flow cytometry assay	""	""	Other	""	CC0	2024-12-05	157	none reported in score columns	incomplete	none	""	not computed at this scope	""	""				unknown	none	scores_not_downloaded_at_this_scope,genomic_mapping_incomplete	false	candidate	""
urn:mavedb:00001214-k-1			unresolved (target name 'W515K MPL')	constitutive activation on W515K hTpoR background	Deep Mutational Scanning of the TpoR transmembrane and juxtamembrane domains to explore sequence requirements for constitutive signaling, with W515K hTpoR as base sequence. This dataset contains the scores for synonymous wildtype.	Survival assessment assay	""	""	Other	""	CC0	2024-12-05	165	none reported in score columns	incomplete	none	""	not computed at this scope	""	""				n/a	n/a	""	false	excluded	gene_unresolved
urn:mavedb:00001214-k-2			unresolved (target name 'W515K MPL')	constitutive activation on W515K hTpoR background	Deep Mutational Scanning of the TpoR transmembrane and juxtamembrane domains to explore sequence requirements for constitutive signaling, with W515K hTpoR as base sequence. This dataset contains the scores for protein variants.	Survival assessment assay	""	""	Other	""	CC0	2024-12-05	974	none reported in score columns	failed	none	""	not computed at this scope	""	""				n/a	n/a	""	false	excluded	gene_unresolved
urn:mavedb:00001214-l-1	MPL	ENSG00000117400.19	uniprot	TpoR activation by low dosage of avatrombopag	Deep Mutational Scanning of the TpoR transmembrane and juxtamembrane domains to explore sequence requirements for ligand-induced activation. This dataset contains scores for synonymous wildtype.	Survival assessment assay	""	""	Other	""	CC0	2024-12-05	156	none reported in score columns	incomplete	none	""	not computed at this scope	""	""				unknown	none	scores_not_downloaded_at_this_scope,genomic_mapping_incomplete	false	candidate	""
urn:mavedb:00001214-l-2	MPL	ENSG00000117400.19	mavedb_mapping	TpoR activation by low dosage of avatrombopag	Deep Mutational Scanning of the TpoR transmembrane and juxtamembrane domains to explore sequence requirements for ligand-induced activation. This dataset contains scores for protein variants.	Survival assessment assay	""	""	Other	""	CC0	2024-12-05	970	none reported in score columns	complete	none	""	not computed at this scope	""	""				unknown	none	scores_not_downloaded_at_this_scope	false	candidate	""
urn:mavedb:00001214-m-1			unresolved (target name 'W515K MPL')	Surface presentation levels of variants on W515K hTpoR background	Deep Mutational Scanning of surface levels of variants on W515K hTpoR background. This dataset contains the scores for protein variants.	Flow cytometry assay	""	""	Other	""	CC0	2024-12-05	970	none reported in score columns	failed	none	""	not computed at this scope	""	""				n/a	n/a	""	false	excluded	gene_unresolved
urn:mavedb:00001214-m-2			unresolved (target name 'W515K MPL')	Surface presentation levels of variants on W515K hTpoR background	Profile of surface presentation levels of variants on W515K hTpoR background. This dataset contains the scores for synonymous wildtype.	Flow cytometry assay	""	""	Other	""	CC0	2024-12-05	154	none reported in score columns	incomplete	none	""	not computed at this scope	""	""				n/a	n/a	""	false	excluded	gene_unresolved
urn:mavedb:00001214-n-1	MPL	ENSG00000117400.19	mavedb_mapping	TpoR activation by low dosage of Tpo	Deep Mutational Scanning of the TpoR transmembrane and juxtamembrane domains to explore sequence requirements for ligand-induced activation. This dataset contains scores for protein variants.	Survival assessment assay	""	""	Other	""	CC0	2024-12-05	961	none reported in score columns	complete	none	""	not computed at this scope	""	""				unknown	none	scores_not_downloaded_at_this_scope	false	candidate	""
urn:mavedb:00001214-n-2	MPL	ENSG00000117400.19	uniprot	TpoR activation by low dosage of Tpo	Deep Mutational Scanning of the TpoR transmembrane and juxtamembrane domains to explore sequence requirements for ligand-induced activation. This dataset contains scores for synonymous wildtype.	Survival assessment assay	""	""	Other	""	CC0	2024-12-05	155	none reported in score columns	incomplete	none	""	not computed at this scope	""	""				unknown	none	scores_not_downloaded_at_this_scope,genomic_mapping_incomplete	false	candidate	""
urn:mavedb:00001214-o-1	MPL	ENSG00000117400.19	mavedb_mapping	TpoR activation by low dosage of romi-peptide	Deep Mutational Scanning of the TpoR transmembrane and juxtamembrane domains to explore sequence requirements for ligand-induced activation. This dataset contains scores for protein variants.	Survival assessment assay	""	""	Other	""	CC0	2024-12-05	948	none reported in score columns	complete	none	""	not computed at this scope	""	""				unknown	none	scores_not_downloaded_at_this_scope	false	candidate	""
urn:mavedb:00001214-o-2	MPL	ENSG00000117400.19	uniprot	TpoR activation by low dosage of romi-peptide	Deep Mutational Scanning of the TpoR transmembrane and juxtamembrane domains to explore sequence requirements for ligand-induced activation. This dataset contains scores for synonymous wildtype.	Survival assessment assay	""	""	Other	""	CC0	2024-12-05	151	none reported in score columns	incomplete	none	""	not computed at this scope	""	""				unknown	none	scores_not_downloaded_at_this_scope,genomic_mapping_incomplete	false	candidate	""
urn:mavedb:00001214-p-1	MPL	ENSG00000117400.19	mavedb_mapping	TpoR activation by high dosage of romi-peptide	Deep Mutational Scanning of the TpoR transmembrane and juxtamembrane domains to explore sequence requirements for ligand-induced activation. This dataset contains scores for protein variants.	Survival assessment assay	""	""	Other	""	CC0	2024-12-05	970	none reported in score columns	complete	none	""	not computed at this scope	""	""				unknown	none	scores_not_downloaded_at_this_scope	false	candidate	""
urn:mavedb:00001214-p-2	MPL	ENSG00000117400.19	uniprot	TpoR activation by high dosage of romi-peptide	Deep Mutational Scanning of the TpoR transmembrane and juxtamembrane domains to explore sequence requirements for ligand-induced activation. This dataset contains scores for synonymous wildtype.	Survival assessment assay	""	""	Other	""	CC0	2024-12-05	158	none reported in score columns	incomplete	none	""	not computed at this scope	""	""				unknown	none	scores_not_downloaded_at_this_scope,genomic_mapping_incomplete	false	candidate	""
urn:mavedb:00001215-a-1	CARD11	ENSG00000198286.13	target_name	Table S2. Functional Scoring CARD11 Growth SGE	CARD11 CARD domain	Cell proliferation assay	""	""	Immortalized human cells	PubMed:33202260 (10.1016/j.ajhg.2020.10.015)	CC0	2025-02-13	3853	none reported in score columns	incomplete	none	""	not computed at this scope	""	""				unknown	none	scores_not_downloaded_at_this_scope,genomic_mapping_incomplete	false	candidate	""
urn:mavedb:00001215-a-2	CARD11	ENSG00000198286.13	target_name	Table S1. Functional Scoring CARD11 Ibrutinib SGE	CARD11 CARD domain	Cell proliferation assay	""	""	Immortalized human cells	PubMed:33202260 (10.1016/j.ajhg.2020.10.015)	CC0	2025-02-13	3823	none reported in score columns	incomplete	none	""	not computed at this scope	""	""				unknown	none	scores_not_downloaded_at_this_scope,genomic_mapping_incomplete	false	candidate	""
urn:mavedb:00001216-a-1	KCNH2	ENSG00000055118.20	mavedb_mapping	KCNH2 MAVE Trafficking Scores	A quantification of cell surface trafficking of the potassium channel gene KCNH2 using a multiplexed assay of variant effect (MAVE) in HEK293 cells.	Flow cytometry assay	""	""	Immortalized human cells	PubMed:39315434 (10.1161/CIRCULATIONAHA.124.069828)	CC0	2025-02-24	22806	error columns: SE	complete	abnormal and normal ranges overlap — Investigator-provided functional classes	""	not computed at this scope	""	""				unknown	none	scores_not_downloaded_at_this_scope	false	candidate	""
urn:mavedb:00001217-a-3	SOD1	ENSG00000142168.17	target_name	SOD1 abundance map score set	A deep mutational scan of SOD1 using VAMP-Seq in HEK293 cells via DMS-TileSeq	Other	""	""	Other	""	CC0	2025-06-16	2906	error columns: se	complete	none	""	not computed at this scope	""	""				unknown	none	scores_not_downloaded_at_this_scope	false	candidate	""
urn:mavedb:00001217-a-4	SOD1	ENSG00000142168.17	target_name	SOD1 activity map score set	A deep mutational scan of SOD1 activity in yeast via restrictive temperature selection and DMS-TileSeq	Other	""	""	Other	""	CC0	2025-06-16	2910	error columns: se	complete	none	""	not computed at this scope	""	""				unknown	none	scores_not_downloaded_at_this_scope	false	candidate	""
urn:mavedb:00001218-a-1	MLH1	ENSG00000076242.20	uniprot	Cellular abundance of MLH1	Cellular abundance of MLH1 variants using DHFR-PCA in yeast.	Survival assessment assay	""	""	Yeast	Crossref:10.1101/2024.07.28.605491 (10.1101/2024.07.28.605491)	CC0	2025-03-31	5056	error columns: SE_abundance	complete	none	""	not computed at this scope	""	""				unknown	none	scores_not_downloaded_at_this_scope	false	candidate	""
urn:mavedb:00001218-a-2	MLH1	ENSG00000076242.20	uniprot	PMS2 interaction of MLH1	PMS2 interaction of MLH1 variants using Y2H in yeast.	Survival assessment assay	""	""	Yeast	Crossref:10.1101/2024.07.28.605491 (10.1101/2024.07.28.605491)	CC0	2025-03-31	5056	error columns: SE_interaction	complete	none	""	not computed at this scope	""	""				unknown	none	scores_not_downloaded_at_this_scope	false	candidate	""
urn:mavedb:00001219-a-1	DHFR	ENSG00000228716.9	target_name	Systematic characterization of indel variants using a yeast-based protein folding sensor	Protein folding of DHFR indel variants at 30 °C.	Survival assessment assay	""	""	Yeast	Crossref:10.1016/j.str.2024.11.017 (10.1016/j.str.2024.11.017)	CC0	2025-04-10	748	error columns: SD_30	complete	none	""	not computed at this scope	""	""				unknown	none	scores_not_downloaded_at_this_scope	false	candidate	""
urn:mavedb:00001219-a-2	DHFR	ENSG00000228716.9	target_name	Systematic characterization of indel variants using a yeast-based protein folding sensor	Protein folding of DHFR indel variants with methotrexate at 30 °C.	Survival assessment assay	""	""	Yeast	Crossref:10.1016/j.str.2024.11.017 (10.1016/j.str.2024.11.017)	CC0	2025-04-10	748	error columns: SD_30_MTX	complete	none	""	not computed at this scope	""	""				unknown	none	scores_not_downloaded_at_this_scope	false	candidate	""
urn:mavedb:00001219-a-3	DHFR	ENSG00000228716.9	target_name	Systematic characterization of indel variants using a yeast-based protein folding sensor	Protein folding of DHFR indel variants at 37 °C.	Survival assessment assay	""	""	Yeast	Crossref:10.1016/j.str.2024.11.017 (10.1016/j.str.2024.11.017)	CC0	2025-04-10	748	error columns: SD_37	complete	none	""	not computed at this scope	""	""				unknown	none	scores_not_downloaded_at_this_scope	false	candidate	""
urn:mavedb:00001219-a-4	DHFR	ENSG00000228716.9	target_name	Systematic characterization of indel variants using a yeast-based protein folding sensor	Protein folding of DHFR indel variants with methotrexate at 37 °C.	Survival assessment assay	""	""	Yeast	Crossref:10.1016/j.str.2024.11.017 (10.1016/j.str.2024.11.017)	CC0	2025-04-10	748	error columns: SD_37_MTX	complete	none	""	not computed at this scope	""	""				unknown	none	scores_not_downloaded_at_this_scope	false	candidate	""
urn:mavedb:00001221-a-1	STIM1	ENSG00000167323.15	uniprot	STIM1 cEFhand DMS (Standard LP cells)	A deep mutational scan of overexpressed STIM1 cEFhand domain in HEK293T landing pad cells with endogenous STIM1 present (standard LP cells)	Survival assessment assay	""	""	Immortalized human cells	bioRxiv:2025.01.23.634525 (10.1101/2025.01.23.634525)	CC0	2025-04-28	756	none reported in score columns	complete	none	""	not computed at this scope	""	""				unknown	none	scores_not_downloaded_at_this_scope	false	candidate	""
urn:mavedb:00001221-a-2	STIM1	ENSG00000167323.15	uniprot	STIM1 cEFhand DMS - Knockout LP cells	A deep mutational scan of the STIM1 cEFhand in HEK293T landing pad cells with endogenous STIM1 knocked out (knockout LP cells)	Survival assessment assay	""	""	Immortalized human cells	bioRxiv:2025.01.23.634525 (10.1101/2025.01.23.634525)	CC0	2025-04-28	756	none reported in score columns	complete	none	""	not computed at this scope	""	""				unknown	none	scores_not_downloaded_at_this_scope	false	candidate	""
urn:mavedb:00001222-a-2	BRCA1	ENSG00000012048.28	target_name	Scores from growth assay of BRCA1 variants	Growth assay separating functionally normal and functionally abnormal BRCA1 variants using cisplatin resistance as a selection	Cell fitness	Loss of function	Cellular response to cisplatin, DNA repair and Double-strand break repair via homologous recombination	Immortalized human cells	PubMed:35196514 (10.1016/j.ajhg.2022.01.019)	CC0	2025-10-21	1427	replicate columns: rep1_score, rep2_score, rep3_score, rep4_score, control_rep1_score, control_rep2_score; error columns: std, var, control_std, control_var	complete	abnormal range(s) below normal range(s) — IGVF Coding Variant Focus Group -- Controls: All Variants; Investigator-provided functional classes; IGVF Coding Variant Focus Group -- Controls: Missense Variants Only; ExCALIBR calibration [research use only]; ExCALIBR calibration (ClinVar 2018) [research use only]	lower_is_more_damaging	truncating (n=68, median -1.17) vs missense (n=1359, median -0.281); AUC 0.16 [weaker: no synonymous controls]	lower_is_more_damaging	truncating_vs_missense	0.16	1427	1359	lower_is_more_damaging	medium	no_synonymous_controls	true	candidate	""
urn:mavedb:00001222-b-2	BRCA1	ENSG00000012048.28	target_name	Scores from multiplexed functional assay of BRCA1 variants	Multiplexed assay of BRCA1 variants measuring homology directed repair activity	Reporter	Loss of function	DNA repair and Double-strand break repair via homologous recombination	Immortalized human cells	PubMed:35196514 (10.1016/j.ajhg.2022.01.019)	CC0	2025-10-22	2271	replicate columns: rep1_score, rep2_score, rep3_score, rep4_score, control_rep1_score, control_rep2_score; error columns: std, var, control_std, control_var	complete	abnormal range(s) below normal range(s) — Investigator-provided functional classes; IGVF Coding Variant Focus Group -- Controls: Missense Variants Only; IGVF Coding Variant Focus Group -- Controls: All Variants; ExCALIBR calibration [research use only]; ExCALIBR calibration (ClinVar 2018) [research use only]	lower_is_more_damaging	truncating (n=121, median -1.24) vs missense (n=2150, median -0.119); AUC 0.12 [weaker: no synonymous controls]	lower_is_more_damaging	truncating_vs_missense	0.119	2271	2150	lower_is_more_damaging	medium	no_synonymous_controls	true	candidate	""
urn:mavedb:00001224-a-1	BRCA2	ENSG00000139618.19	target_name	Scores from arrayed screen of BRCA2 homology directed repair function in VC-8 cells	Arrayed screen of BRCA2 homology directed repair function in VC-8 cells	Reporter	Loss of function	DNA repair and Double-strand break repair via homologous recombination	Other	PubMed:38417439 (10.1016/j.ajhg.2024.02.002)	CC0	2025-05-08	462	none reported in score columns	complete	abnormal range(s) below normal range(s) — IGVF Coding Variant Focus Group -- Controls: All Variants; Investigator-provided functional classes; IGVF Coding Variant Focus Group -- Controls: Missense Variants Only; ExCALIBR calibration [research use only]; ExCALIBR calibration (ClinVar 2018) [research use only]	lower_is_more_damaging	not computed at this scope	""	""				lower_is_more_damaging	medium	scores_not_downloaded_at_this_scope	false	candidate	""
urn:mavedb:00001227-a-2	CRX	ENSG00000105392.18	target_name	Scores from deep mutational scanning CRX transcription factor in HEK 293-derived cells	Deep mutational scan of CRX variants in HEK 293-derived cells expressing a synthetic fluorescent reporter	Reporter	Loss of function	Core promoter sequence-specific DNA binding	Immortalized human cells	PubMed:39322280 (10.1101/gr.279415.124)	CC0	2025-10-21	5284	error columns: std	complete	abnormal and normal ranges overlap — ExCALIBR calibration [research use only]; IGVF Coding Variant Focus Group -- Controls: All Variants; IGVF Coding Variant Focus Group -- Controls: Missense Variants Only; Investigator-provided functional classes	""	not computed at this scope	""	""				unknown	none	scores_not_downloaded_at_this_scope	false	candidate	""
urn:mavedb:00001229-a-2	KCNH2	ENSG00000055118.20	target_name	Scores from cell surface localization assay of KCNH2	Cell surface localization assay of 11 residues in the S5 helix of KCNH2	Reporter	Loss of function	Protein localization to plasma membrane	Immortalized human cells	PubMed:32522694 (10.1016/j.hrthm.2020.05.041)	CC0	2025-10-22	231	replicate columns: rep1_score, rep2_score	complete	abnormal range(s) below normal range(s) — IGVF Coding Variant Focus Group -- Controls: All Variants; Investigator-provided functional classes; IGVF Coding Variant Focus Group -- Controls: Missense Variants Only; ExCALIBR calibration [research use only]	lower_is_more_damaging	not computed at this scope	""	""				lower_is_more_damaging	medium	scores_not_downloaded_at_this_scope	false	candidate	""
urn:mavedb:00001230-a-2	KCNH2	ENSG00000055118.20	target_name	Scores from arrayed automated patch clamp experiment for KCNH2	Arrayed automated patch clamp experiment for 89 KCNH2 variants	Direct protein function	Loss of function	Monoatomic ion transport and Potassium channel activity	Immortalized human cells	PubMed:35688147 (10.1016/j.ajhg.2022.05.002)	CC0	2025-10-21	76	error columns: ci_lower, ci_upper	complete	abnormal range(s) below normal range(s) — Investigator-provided functional classes; IGVF Coding Variant Focus Group -- Controls: Missense Variants Only; IGVF Coding Variant Focus Group -- Controls: All Variants; ExCALIBR calibration [research use only]	lower_is_more_damaging	not computed at this scope	""	""				lower_is_more_damaging	medium	scores_not_downloaded_at_this_scope	false	candidate	""
urn:mavedb:00001231-a-2	KCNH2	ENSG00000055118.20	target_name	Scores from cell surface expression deep mutational scan of KCNH2 in HEK293T cells	Cell surface expression deep mutational scan of KCNH2 variants in HEK293T cells	Reporter	Loss of function	Protein localization to plasma membrane	Immortalized human cells	PubMed:39315434 (10.1161/CIRCULATIONAHA.124.069828)	CC0	2025-10-21	22824	error columns: se, LLR_ci_lower, LLR_ci_upper	complete	abnormal range(s) below normal range(s) — IGVF Coding Variant Focus Group -- Controls: All Variants; Investigator-provided functional classes; IGVF Coding Variant Focus Group -- Controls: Missense Variants Only; ExCALIBR calibration [research use only]	lower_is_more_damaging	not computed at this scope	""	""				lower_is_more_damaging	medium	scores_not_downloaded_at_this_scope	false	candidate	""
urn:mavedb:00001233-a-1	SCN5A	ENSG00000183873.22	target_name	Scores from automatic patch clamping assay of SCN5A variants in HEK293T cells	Automatic patch clamping assay (peak current density) of SCN5A variants in HEK293T cells	Direct protein function	Loss of function	Sodium channel activity	Immortalized human cells	PubMed:38953211 (10.1161/CIRCGEN.124.004569)	CC0	2025-05-08	49	none reported in score columns	failed	abnormal and normal ranges overlap — IGVF Coding Variant Focus Group -- Controls: Missense Variants Only; Investigator-provided functional classes; IGVF Coding Variant Focus Group -- Controls: All Variants; ExCALIBR calibration [research use only]	""	not computed at this scope	""	""				unknown	none	scores_not_downloaded_at_this_scope,genomic_mapping_failed	false	candidate	""
urn:mavedb:00001234-0-1	TP53	ENSG00000141510.21	target_name	Median TP53 transcriptional activity scores	Classification of TP53 function using median TP53 transcriptional activity from Kato et al.	Reporter	Loss of function	Core promoter sequence-specific DNA binding	Not applicable	PubMed:34273903 (10.1002/humu.24264)	CC0	2025-05-08	2314	none reported in score columns	complete	abnormal range(s) below normal range(s) — IGVF Coding Variant Focus Group -- Controls: All Variants; Investigator-provided functional classes; ExCALIBR calibration [research use only]; ExCALIBR calibration (ClinVar 2018) [research use only]; IGVF Coding Variant Focus Group -- Controls: Missense Variants Only	lower_is_more_damaging	not computed at this scope	""	""				n/a	n/a	""	true	excluded	meta_analysis (derived from other score sets, not a direct measurement)
urn:mavedb:00001234-a-1	TP53	ENSG00000141510.21	target_name	Scores from arrayed yeast-based assay of TP53 p21WAF1 promoter	Arrayed yeast-based assay of TP53 transcriptional activity of the p21WAF1 promoter	Reporter	Gain or loss of function	Core promoter sequence-specific DNA binding	Yeast	PubMed:12826609 (10.1073/pnas.1431692100)	CC0	2025-05-08	2314	none reported in score columns	complete	abnormal range(s) below normal range(s) — ExCALIBR calibration [research use only]; ExCALIBR calibration (ClinVar 2018) [research use only]; Investigator-provided functional classes	lower_is_more_damaging	too few controls (truncating 0, synonymous 0, missense 2314; need 10 truncating plus 10 synonymous or missense)	""	none		2314	2314	lower_is_more_damaging	medium	no_usable_controls	true	candidate	""
urn:mavedb:00001234-b-1	TP53	ENSG00000141510.21	target_name	Scores from arrayed yeast-based assay of TP53 MDM2 promoter	Arrayed yeast-based assay of TP53 transcriptional activity of the MDM2 promoter	Reporter	Gain or loss of function	Core promoter sequence-specific DNA binding	Yeast	PubMed:12826609 (10.1073/pnas.1431692100)	CC0	2025-05-08	2314	none reported in score columns	complete	abnormal range(s) below normal range(s) — ExCALIBR calibration [research use only]; ExCALIBR calibration (ClinVar 2018) [research use only]; Investigator-provided functional classes	lower_is_more_damaging	too few controls (truncating 0, synonymous 0, missense 2314; need 10 truncating plus 10 synonymous or missense)	""	none		2314	2314	lower_is_more_damaging	medium	no_usable_controls	true	candidate	""
urn:mavedb:00001234-c-1	TP53	ENSG00000141510.21	target_name	Scores from arrayed yeast-based assay of TP53 BAX promoter	Arrayed yeast-based assay of TP53 transcriptional activity of the BAX promoter	Reporter	Gain or loss of function	Core promoter sequence-specific DNA binding	Yeast	PubMed:12826609 (10.1073/pnas.1431692100)	CC0	2025-05-08	2314	none reported in score columns	complete	abnormal range(s) below normal range(s) — ExCALIBR calibration [research use only]; ExCALIBR calibration (ClinVar 2018) [research use only]; Investigator-provided functional classes	lower_is_more_damaging	too few controls (truncating 0, synonymous 0, missense 2314; need 10 truncating plus 10 synonymous or missense)	""	none		2314	2314	lower_is_more_damaging	medium	no_usable_controls	true	candidate	""
urn:mavedb:00001234-d-1	TP53	ENSG00000141510.21	target_name	Arrayed yeast-based assay of TP53 h1433snWT promoter	Arrayed yeast-based assay of TP53 transcriptional activity of the h1433snWT promoter	Reporter	Gain or loss of function	Core promoter sequence-specific DNA binding	Yeast	PubMed:12826609 (10.1073/pnas.1431692100)	CC0	2025-05-08	2314	none reported in score columns	complete	abnormal range(s) below normal range(s) — ExCALIBR calibration [research use only]; ExCALIBR calibration (ClinVar 2018) [research use only]; Investigator-provided functional classes	lower_is_more_damaging	too few controls (truncating 0, synonymous 0, missense 2314; need 10 truncating plus 10 synonymous or missense)	""	none		2314	2314	lower_is_more_damaging	medium	no_usable_controls	true	candidate	""
urn:mavedb:00001234-e-1	TP53	ENSG00000141510.21	target_name	Scores from arrayed yeast-based assay of TP53 p53AIP1 promoter	Arrayed yeast-based assay of TP53 transcriptional activity of the p53AIP1 promoter	Reporter	Gain or loss of function	Core promoter sequence-specific DNA binding	Yeast	PubMed:12826609 (10.1073/pnas.1431692100)	CC0	2025-05-08	2314	none reported in score columns	complete	abnormal range(s) below normal range(s) — ExCALIBR calibration [research use only]; ExCALIBR calibration (ClinVar 2018) [research use only]; Investigator-provided functional classes	lower_is_more_damaging	too few controls (truncating 0, synonymous 0, missense 2314; need 10 truncating plus 10 synonymous or missense)	""	none		2314	2314	lower_is_more_damaging	medium	no_usable_controls	true	candidate	""
urn:mavedb:00001234-f-1	TP53	ENSG00000141510.21	target_name	Scores from arrayed yeast-based assay of TP53 GADD45 promoter	Arrayed yeast-based assay of TP53 transcriptional activity of the GADD45 promoter	Reporter	Gain or loss of function	Core promoter sequence-specific DNA binding	Yeast	PubMed:12826609 (10.1073/pnas.1431692100)	CC0	2025-05-08	2314	none reported in score columns	complete	abnormal range(s) below normal range(s) — ExCALIBR calibration [research use only]; ExCALIBR calibration (ClinVar 2018) [research use only]; Investigator-provided functional classes	lower_is_more_damaging	too few controls (truncating 0, synonymous 0, missense 2314; need 10 truncating plus 10 synonymous or missense)	""	none		2314	2314	lower_is_more_damaging	medium	no_usable_controls	true	candidate	""
urn:mavedb:00001234-g-1	TP53	ENSG00000141510.21	target_name	Scores from arrayed yeast-based assay of TP53 Noxa promoter	Arrayed yeast-based assay of TP53 transcriptional activity of the Noxa promoter	Reporter	Gain or loss of function	Core promoter sequence-specific DNA binding	Yeast	PubMed:12826609 (10.1073/pnas.1431692100)	CC0	2025-05-08	2314	none reported in score columns	complete	abnormal range(s) below normal range(s) — ExCALIBR calibration [research use only]; ExCALIBR calibration (ClinVar 2018) [research use only]; Investigator-provided functional classes	lower_is_more_damaging	too few controls (truncating 0, synonymous 0, missense 2314; need 10 truncating plus 10 synonymous or missense)	""	none		2314	2314	lower_is_more_damaging	medium	no_usable_controls	true	candidate	""
urn:mavedb:00001234-h-1	TP53	ENSG00000141510.21	target_name	Scores from arrayed yeast-based assay of TP53 p53R2 promoter	Arrayed yeast-based assay of TP53 transcriptional activity of the p53R2 promoter	Reporter	Gain or loss of function	Core promoter sequence-specific DNA binding	Yeast	PubMed:12826609 (10.1073/pnas.1431692100)	CC0	2025-05-08	2314	none reported in score columns	complete	abnormal range(s) below normal range(s) — ExCALIBR calibration [research use only]; ExCALIBR calibration (ClinVar 2018) [research use only]; Investigator-provided functional classes	lower_is_more_damaging	too few controls (truncating 0, synonymous 0, missense 2314; need 10 truncating plus 10 synonymous or missense)	""	none		2314	2314	lower_is_more_damaging	medium	no_usable_controls	true	candidate	""
urn:mavedb:00001235-a-1	TP53	ENSG00000141510.21	target_name	Scores from Nutlin-3a treatment of TP53 variant-expressing K562 reporter cells	Nutlin-3a treatment of TP53 variant-expressing K562 reporter cells was used to enrich for dominant-negative variants	Reporter	Dominant-negative effect	Core promoter sequence-specific DNA binding	Immortalized human cells	PubMed:31395785 (10.1126/science.aax3649)	CC0	2025-05-08	7893	none reported in score columns	incomplete	abnormal range(s) above normal range(s) — ExCALIBR calibration [research use only]; ExCALIBR calibration (ClinVar 2018) [research use only]; Investigator-provided functional classes	higher_is_more_damaging	truncating (n=391, median -0.3) vs synonymous (n=36, median -0.0493); AUC 0.22	lower_is_more_damaging	truncating_vs_synonymous	0.223	7893	7466	conflict	none	genomic_mapping_incomplete	true	candidate	""
urn:mavedb:00001236-0-1	TP53	ENSG00000141510.21	target_name	Combined score from naive Bayes classifier for TP53	Combined score from naive Bayes classifier trained on functional data of TP53 from Giacomelli et al. and Boettcher et al.	Not applicable (trained predictor)	Loss of function or dominant-negative effect	""	Not applicable	PubMed:34793697 (10.1016/j.ajhg.2021.11.001)	CC0	2025-05-08	7893	none reported in score columns	incomplete	abnormal range(s) above normal range(s) — IGVF Coding Variant Focus Group -- Controls: All Variants; Investigator-provided functional classes; IGVF Coding Variant Focus Group -- Controls: Missense Variants Only	higher_is_more_damaging	not computed at this scope	""	""				n/a	n/a	""	true	excluded	meta_analysis (derived from other score sets, not a direct measurement)
urn:mavedb:00001237-a-1			multi_gene_target	VarChAMP_Imaging_Localization_May_2025	Protein localization from images of cells.	""	""	""	""	""	CC0	2025-05-16	430	none reported in score columns	failed	none	""	not computed at this scope	""	""				n/a	n/a	""	false	excluded	multi_gene_target (28 targets)
urn:mavedb:00001237-a-2			multi_gene_target	VarChAMP_Imaging_Morphological_Change_May_2025	Cell morphological changes from images of cells.	""	""	""	""	""	CC0	2025-05-16	430	none reported in score columns	failed	none	""	not computed at this scope	""	""				n/a	n/a	""	false	excluded	multi_gene_target (28 targets)
urn:mavedb:00001239-a-1	INSR	ENSG00000171105.16	target_name	Insulin Signalling Assay	Functional Assessment of Insulin Signalling	Flow cytometry assay	""	""	Other	Crossref:10.1101/2024.09.07.611782 (10.1101/2024.09.07.611782)	CC0	2025-05-29	19100	none reported in score columns	complete	none	""	not computed at this scope	""	""				unknown	none	scores_not_downloaded_at_this_scope	false	candidate	""
urn:mavedb:00001239-a-2	INSR	ENSG00000171105.16	target_name	mAb 83-07 Binding Assay	Functional Assessment of mAb 83-07 Binding	Flow cytometry assay	""	""	Other	Crossref:10.1101/2024.09.07.611782 (10.1101/2024.09.07.611782)	CC0	2025-05-29	19100	none reported in score columns	complete	none	""	not computed at this scope	""	""				unknown	none	scores_not_downloaded_at_this_scope	false	candidate	""
urn:mavedb:00001239-a-3	INSR	ENSG00000171105.16	target_name	mAb 83-14 Binding Assay	Functional Assessment of mAb  83-14 Binding	Flow cytometry assay	""	""	Other	Crossref:10.1101/2024.09.07.611782 (10.1101/2024.09.07.611782)	CC0	2025-05-29	19100	none reported in score columns	complete	none	""	not computed at this scope	""	""				unknown	none	scores_not_downloaded_at_this_scope	false	candidate	""
urn:mavedb:00001239-a-4	INSR	ENSG00000171105.16	target_name	mAb 83-14 Stimulated Signalling	Functional Assessment of mAb 83-14 Stimulated Signalling	Flow cytometry assay	""	""	Other	Crossref:10.1101/2024.09.07.611782 (10.1101/2024.09.07.611782)	CC0	2025-05-29	19100	none reported in score columns	complete	none	""	not computed at this scope	""	""				unknown	none	scores_not_downloaded_at_this_scope	false	candidate	""
urn:mavedb:00001239-a-5	INSR	ENSG00000171105.16	target_name	mAb 83-07 Stimulated Signalling	Functional Assessment of mAb 83-07 Stimulated Signalling	Flow cytometry assay	""	""	Other	Crossref:10.1101/2024.09.07.611782 (10.1101/2024.09.07.611782)	CC0	2025-05-29	19100	none reported in score columns	complete	none	""	not computed at this scope	""	""				unknown	none	scores_not_downloaded_at_this_scope	false	candidate	""
urn:mavedb:00001239-a-6	INSR	ENSG00000171105.16	target_name	Insulin Binding Assay	Functional Assessment of Insulin Binding	Flow cytometry assay	""	""	Other	Crossref:10.1101/2024.09.07.611782 (10.1101/2024.09.07.611782)	CC0	2025-05-29	19100	none reported in score columns	complete	none	""	not computed at this scope	""	""				unknown	none	scores_not_downloaded_at_this_scope	false	candidate	""
urn:mavedb:00001239-a-7	INSR	ENSG00000171105.16	target_name	Cell Surface Expression Assay	Functional Assessment of Cell Surface Expression	Flow cytometry assay	""	""	Other	Crossref:10.1101/2024.09.07.611782 (10.1101/2024.09.07.611782)	CC0	2025-05-29	19100	none reported in score columns	complete	none	""	not computed at this scope	""	""				unknown	none	scores_not_downloaded_at_this_scope	false	candidate	""
urn:mavedb:00001243-a-1	LMNA	ENSG00000160789.27	target_name	LMNA Variant Imaging in U2OS Cells	Deep mutational scan of LMNA between amino acids 178 and 273 in U2OS by imaging, using markers for DNA (DAPI), mEGFP-tagged Lamin A, actin (phalloidin), plasma membrane (wheat-germ agglutinin), mitochondria (mitoprobe).	Other	""	""	Immortalized human cells	""	CC0	2025-07-03	1766	none reported in score columns	incomplete	none	""	not computed at this scope	""	""				unknown	none	scores_not_downloaded_at_this_scope,genomic_mapping_incomplete	false	candidate	""
urn:mavedb:00001244-a-1	PTEN	ENSG00000171862.16	uniprot	PTEN Variant Imaging in Neurons	Deep mutational scan of PTEN between amino acids 112 and 172 in hiPSC by imaging, using markers for DNA (DAPI), mEGFP-tagged PTEN, actin (phalloidin), phospho-AKT, and ER (Concanavalin A)	Other	""	""	Induced pluripotent stem cells from human male	""	CC0	2025-07-03	1228	none reported in score columns	incomplete	none	""	not computed at this scope	""	""				unknown	none	scores_not_downloaded_at_this_scope,genomic_mapping_incomplete	false	candidate	""
urn:mavedb:00001244-b-1	PTEN	ENSG00000171862.16	uniprot	PTEN VIS-seq in hiPSCs	Deep mutational scan of PTEN between amino acids 112 and 172 in hiPSC by imaging, using markers for DNA (DAPI), mEGFP-tagged PTEN, actin (phalloidin), phospho-AKT, and ER (Concanavalin A)	Other	""	""	Induced pluripotent stem cells from human male	""	CC0	2025-07-03	1228	none reported in score columns	incomplete	none	""	not computed at this scope	""	""				unknown	none	scores_not_downloaded_at_this_scope,genomic_mapping_incomplete	false	candidate	""
urn:mavedb:00001246-a-1	STK11	ENSG00000118046.20	uniprot	Comprehensively Testing the Function of Missense Variation in the STK11 Tumour Suppressor	Proliferation based mutational scan of STK11 in HeLa cells.	Cell proliferation assay	""	""	Immortalized human cells	doi:10.1101/2025.07.14.664734	CC0	2025-07-14	9072	none reported in score columns	complete	none	""	not computed at this scope	""	""				unknown	none	scores_not_downloaded_at_this_scope	false	candidate	""
urn:mavedb:00001247-a-1	GCK	ENSG00000106633.18	target_name	GCK Y2H	Interaction of glucokinase (GCK) variants with glucokinase regulatory protein (GKRP) measured by reverse two-hybrid in yeast.	Cell proliferation assay	""	""	Yeast	""	CC0	2025-08-07	8387	error columns: se	failed	none	""	not computed at this scope	""	""				unknown	none	scores_not_downloaded_at_this_scope,genomic_mapping_failed	false	candidate	""
urn:mavedb:00001249-a-1	SNCA	ENSG00000145335.19	uniprot	Concentration-Dependent Deep Mutational Scanning of alpha-Synuclein in Yeast (0.1%)	The toxicity of alpha synuclein single missense variants at a wide range of cellular concentrations in yeast	Cell proliferation assay	""	""	Yeast	""	CC0	2025-08-25	2800	none reported in score columns	complete	none	""	not computed at this scope	""	""				unknown	none	scores_not_downloaded_at_this_scope	false	candidate	""
urn:mavedb:00001249-a-2	SNCA	ENSG00000145335.19	uniprot	Concentration-Dependent Deep Mutational Scanning of alpha-Synuclein in Yeast (0.01%)	The toxicity of alpha synuclein single missense variants at a wide range of cellular concentrations in yeast	Cell proliferation assay	""	""	Yeast	""	CC0	2025-08-25	2800	none reported in score columns	complete	none	""	not computed at this scope	""	""				unknown	none	scores_not_downloaded_at_this_scope	false	candidate	""
urn:mavedb:00001249-a-3	SNCA	ENSG00000145335.19	uniprot	Concentration-Dependent Deep Mutational Scanning of alpha-Synuclein in Yeast (0.001%)	The toxicity of alpha synuclein single missense variants at a wide range of cellular concentrations in yeast	Cell proliferation assay	""	""	Yeast	""	CC0	2025-08-25	2800	none reported in score columns	complete	none	""	not computed at this scope	""	""				unknown	none	scores_not_downloaded_at_this_scope	false	candidate	""
urn:mavedb:00001249-a-4	SNCA	ENSG00000145335.19	uniprot	Concentration-Dependent Deep Mutational Scanning of alpha-Synuclein in Yeast (1%)	The toxicity of alpha synuclein single missense variants at a wide range of cellular concentrations in yeast	Cell proliferation assay	""	""	Yeast	""	CC0	2025-08-25	2800	none reported in score columns	complete	none	""	not computed at this scope	""	""				unknown	none	scores_not_downloaded_at_this_scope	false	candidate	""
urn:mavedb:00001251-a-1	TPK1	ENSG00000196511.17	ensembl_id	TPK1 DMS-TileSeq	A Deep Mutational Scan of human TPK1 using functional complementation in yeast via DMS-TileSeq.	Cell fitness	Loss of function	Catalytic and Thiamine diphosphokinase activity	Yeast	PubMed:29269382 (10.15252/msb.20177908)	CC0	2018-06-29	9542	error columns: sd, se	incomplete	abnormal range(s) below normal range(s) — ExCALIBR calibration [research use only]; Investigator-provided functional classes	lower_is_more_damaging	not computed at this scope	""	""				lower_is_more_damaging	medium	scores_not_downloaded_at_this_scope,genomic_mapping_incomplete	false	candidate	""
urn:mavedb:00001253-a-1	IAPP	ENSG00000121351.9	target_name	IAPP multiple amino acid deletions	A deep mutational scan of islet amyloid polypeptide (IAPP) of internal deletions of multiple consecutive amino acids using a yeast-fusion system that reports on the aggregation ability of protein sequences.	""	""	""	""	bioRxiv:2025.05.19.654797 (10.1101/2025.05.19.654797)	CC0	2025-10-26	358	error columns: SE	complete	none	""	not computed at this scope	""	""				unknown	none	scores_not_downloaded_at_this_scope	false	candidate	""
urn:mavedb:00001253-a-2	IAPP	ENSG00000121351.9	target_name	Nucleation scores for all single amino acid substitutions in IAPP	A deep mutational scan of islet amyloid polypeptide (IAPP) of single amino acid substitutions using a yeast-fusion system that reports on the aggregation ability of protein sequences.	""	""	""	""	""	CC0	2025-10-26	699	error columns: SE	complete	none	""	not computed at this scope	""	""				unknown	none	scores_not_downloaded_at_this_scope	false	candidate	""
urn:mavedb:00001253-a-3	IAPP	ENSG00000121351.9	target_name	IAPP single amino acid deletions	A deep mutational scan of islet amyloid polypeptide (IAPP) of single amino acid deletions using a yeast-fusion system that reports on the aggregation ability of protein sequences.	""	""	""	""	""	CC0	2025-10-26	25	error columns: SE	complete	none	""	not computed at this scope	""	""				unknown	none	scores_not_downloaded_at_this_scope	false	candidate	""
urn:mavedb:00001253-a-4	IAPP	ENSG00000121351.9	target_name	IAPP double amino acid insertions	A deep mutational scan of islet amyloid polypeptide (IAPP) of double amino acid insertions using a yeast-fusion system that reports on the aggregation ability of protein sequences.	""	""	""	""	bioRxiv:2025.05.19.654797 (10.1101/2025.05.19.654797)	CC0	2025-10-26	48	error columns: SE	complete	none	""	not computed at this scope	""	""				unknown	none	scores_not_downloaded_at_this_scope	false	candidate	""
urn:mavedb:00001253-a-5	IAPP	ENSG00000121351.9	target_name	IAPP single amino acid insertions	A deep mutational scan of islet amyloid polypeptide (IAPP) of single amino acid insertions using a yeast-fusion system that reports on the aggregation ability of protein sequences.	""	""	""	""	""	CC0	2025-10-26	684	error columns: SE	complete	none	""	not computed at this scope	""	""				unknown	none	scores_not_downloaded_at_this_scope	false	candidate	""
urn:mavedb:00001254-a-1	LARGE1	ENSG00000133424.24	target_name	LARGE1 variants effects on alpha-DG glycosylation	LARGE1 variants effects on alpha-DG glycosylation	Reporter	Loss of function	Protein glycosylation	Immortalized human cells	bioRxiv:2023.07.12.548370 (10.1101/2023.07.12.548370)	CC BY 4.0	2025-11-05	6804	none reported in score columns	complete	abnormal and normal ranges overlap — IGVF Coding Variant Focus Group -- Controls: Missense Variants Only; Investigator-provided functional classes; IGVF Coding Variant Focus Group -- Controls: All Variants; ExCALIBR calibration [research use only]	""	not computed at this scope	""	""				unknown	none	scores_not_downloaded_at_this_scope	false	candidate	""
urn:mavedb:00001255-a-1	AIRE	ENSG00000160224.18	target_name	AIRE variant functional scores from an insulin promoter-GFP reporter assay in HEK293 cells	A deep mutational scan for missense variants of the human autoimmune regulator (AIRE) gene, assessed using an insulin promoter-GFP reporter assay in HEK293 cells.	Flow cytometry assay	Loss of function	""	Immortalized human cells	""	CC0	2025-11-08	10837	replicate columns: numberofBioReps; error columns: se	complete	none	""	not computed at this scope	""	""				unknown	none	scores_not_downloaded_at_this_scope	false	candidate	""
urn:mavedb:00001255-a-2	AIRE	ENSG00000160224.18	target_name	A deep mutational scan for missense variants of the human autoimmune regulator (AIRE) gene, assessed using an insulin promoter-GFP reporter assay in HEK293 cells.	A deep mutational scan for missense variants of the human autoimmune regulator (AIRE) gene, assessed using an insulin promoter-GFP reporter assay in HEK293 cells.	Flow cytometry assay	Loss of function	""	Immortalized human cells	""	CC0	2025-11-16	10837	replicate columns: numberofBioReps; error columns: se	complete	none	""	not computed at this scope	""	""				unknown	none	scores_not_downloaded_at_this_scope	false	candidate	""
urn:mavedb:00001256-a-1	FGFR2	ENSG00000066468.26	target_name	FGFR2 activation	Saturation mutagenesis of the FGFR2 kinase domain to determine activating FGFR2 mutations.	Cell proliferation assay	""	""	Immortalized human cells	""	CC BY-SA 4.0	2025-11-13	2122	replicate columns: FGFR2_Activation_Rep1, FGFR2_Activation_Rep2, FGFR2_Activation_Rep3, FGFR2_Activation_Rep4	complete	abnormal range(s) above normal range(s) — Investigator-provided functional classes	higher_is_more_damaging	not computed at this scope	""	""				higher_is_more_damaging	medium	scores_not_downloaded_at_this_scope	false	candidate	""
urn:mavedb:00001256-a-10	FGFR1	ENSG00000077782.25	target_name	FGFR1 pemigatinib resistance	Saturation mutagenesis of the FGFR1 kinase domain to determine resistance to the FGFR inhibitor Pemigatinib	Cell proliferation assay	""	""	Immortalized human cells	""	CC BY-SA 4.0	2025-11-13	2103	replicate columns: FGFR1_PemR_Rep1, FGFR1_PemR_Rep2, FGFR1_PemR_Rep3	complete	abnormal range(s) above normal range(s) — Investigator-provided functional classes	higher_is_more_damaging	not computed at this scope	""	""				higher_is_more_damaging	medium	scores_not_downloaded_at_this_scope	false	candidate	""
urn:mavedb:00001256-a-11	FGFR4	ENSG00000160867.17	target_name	FGFR4 activation	Saturation mutagenesis of the FGFR4 kinase domain to determine activating FGFR4 mutations.	Cell proliferation assay	""	""	Immortalized human cells	""	CC BY-SA 4.0	2025-11-13	2080	replicate columns: FGFR4_Activation_Rep1, FGFR4_Activation_Rep2, FGFR4_Activation_Rep3, FGFR4_Activation_Rep4	complete	abnormal range(s) above normal range(s) — Investigator-provided functional classes	higher_is_more_damaging	not computed at this scope	""	""				higher_is_more_damaging	medium	scores_not_downloaded_at_this_scope	false	candidate	""
urn:mavedb:00001256-a-12	FGFR1	ENSG00000077782.25	target_name	FGFR1 activation	Saturation mutagenesis of the FGFR1 kinase domain to determine activating FGFR1 mutations.	Cell proliferation assay	""	""	Immortalized human cells	""	CC0	2025-11-13	2103	replicate columns: FGFR1_Act_Rep1, FGFR1_Act_Rep2, FGFR1_Act_Rep3, FGFR1_Act_Rep4	complete	abnormal range(s) above normal range(s) — Investigator-provided functional classes	higher_is_more_damaging	not computed at this scope	""	""				higher_is_more_damaging	medium	scores_not_downloaded_at_this_scope	false	candidate	""
urn:mavedb:00001256-a-2	FGFR3	ENSG00000068078.22	target_name	FGFR3 futibatinib resistance	Saturation mutagenesis of the FGFR3 kinase domain to determine resistance to the FGFR inhibitor futibatinib	Cell proliferation assay	""	""	Immortalized human cells	""	CC BY-SA 4.0	2025-11-13	2102	replicate columns: FGFR3_FutR_Rep1, FGFR3_FutR_Rep2, FGFR3_FutR_Rep3	complete	abnormal range(s) above normal range(s) — Investigator-provided functional classes	higher_is_more_damaging	not computed at this scope	""	""				higher_is_more_damaging	medium	scores_not_downloaded_at_this_scope	false	candidate	""
urn:mavedb:00001256-a-3	FGFR3	ENSG00000068078.22	target_name	FGFR3 activation	Saturation mutagenesis of the FGFR3 kinase domain to determine activating FGFR3 mutations.	Cell proliferation assay	""	""	Immortalized human cells	""	CC BY-SA 4.0	2025-11-13	2102	replicate columns: FGFR3_Activation_Rep1, FGFR3_Activation_Rep2, FGFR3_Activation_Rep3, FGFR3_Activation_Rep4	complete	abnormal range(s) above normal range(s) — Investigator-provided functional classes	higher_is_more_damaging	not computed at this scope	""	""				higher_is_more_damaging	medium	scores_not_downloaded_at_this_scope	false	candidate	""
urn:mavedb:00001256-a-4	FGFR1	ENSG00000077782.25	target_name	FGFR1 futibatinib resistance	Saturation mutagenesis of the FGFR1 kinase domain to determine resistance to the FGFR inhibitor futibatinib	Cell proliferation assay	""	""	Immortalized human cells	""	CC BY-SA 4.0	2025-11-13	2103	replicate columns: FGFR1_FutR_Rep1, FGFR1_FutR_Rep2, FGFR1_FutR_Rep3	complete	abnormal range(s) above normal range(s) — Investigator-provided functional classes	higher_is_more_damaging	not computed at this scope	""	""				higher_is_more_damaging	medium	scores_not_downloaded_at_this_scope	false	candidate	""
urn:mavedb:00001256-a-5	FGFR3	ENSG00000068078.22	target_name	FGFR3 pemigatinib resistance	Saturation mutagenesis of the FGFR3 kinase domain to determine resistance to the FGFR inhibitor Pemigatinib	Cell proliferation assay	""	""	Immortalized human cells	""	CC BY-SA 4.0	2025-11-13	2102	replicate columns: FGFR3_PemR_Rep1, FGFR3_PemR_Rep2, FGFR3_PemR_Rep3	complete	abnormal range(s) above normal range(s) — Investigator-provided functional classes	higher_is_more_damaging	not computed at this scope	""	""				higher_is_more_damaging	medium	scores_not_downloaded_at_this_scope	false	candidate	""
urn:mavedb:00001256-a-6	FGFR4	ENSG00000160867.17	target_name	FGFR4 futibatinib resistance	Saturation mutagenesis of the FGFR4 kinase domain to determine resistance to the FGFR inhibitor futibatinib	Cell proliferation assay	""	""	Immortalized human cells	""	CC BY-SA 4.0	2025-11-13	2080	replicate columns: FGFR4_FutR_Rep1, FGFR4_FutR_Rep2, FGFR4_FutR_Rep3	complete	abnormal range(s) above normal range(s) — Investigator-provided functional classes	higher_is_more_damaging	not computed at this scope	""	""				higher_is_more_damaging	medium	scores_not_downloaded_at_this_scope	false	candidate	""
urn:mavedb:00001256-a-7	FGFR2	ENSG00000066468.26	target_name	FGFR2 futibatinib resistance	Saturation mutagenesis of the FGFR2 kinase domain to determine resistance to the FGFR inhibitor futibatinib	Cell proliferation assay	""	""	Immortalized human cells	""	CC BY-SA 4.0	2025-11-13	2122	replicate columns: FGFR2_FutR_Rep1, FGFR2_FutR_Rep2, FGFR2_FutR_Rep3	complete	abnormal range(s) above normal range(s) — Investigator-provided functional classes	higher_is_more_damaging	not computed at this scope	""	""				higher_is_more_damaging	medium	scores_not_downloaded_at_this_scope	false	candidate	""
urn:mavedb:00001256-a-8	FGFR4	ENSG00000160867.17	target_name	FGFR4 pemigatinib resistance	Saturation mutagenesis of the FGFR4 kinase domain to determine resistance to the FGFR inhibitor Pemigatinib	Cell proliferation assay	""	""	Immortalized human cells	""	CC BY-SA 4.0	2025-11-13	2080	replicate columns: FGFR4_PemR_Rep1, FGFR4_PemR_Rep2, FGFR4_PemR_Rep3	complete	abnormal range(s) above normal range(s) — Investigator-provided functional classes	higher_is_more_damaging	not computed at this scope	""	""				higher_is_more_damaging	medium	scores_not_downloaded_at_this_scope	false	candidate	""
urn:mavedb:00001256-a-9	FGFR2	ENSG00000066468.26	target_name	FGFR2 pemigatinib resistance	Saturation mutagenesis of the FGFR2 kinase domain to determine resistance to the FGFR inhibitor Pemigatinib	Cell proliferation assay	""	""	Immortalized human cells	""	CC BY-SA 4.0	2025-11-13	2122	replicate columns: FGFR2_PemR_Rep1, FGFR2_PemR_Rep2, FGFR2_PemR_Rep3	complete	abnormal range(s) above normal range(s) — Investigator-provided functional classes	higher_is_more_damaging	not computed at this scope	""	""				higher_is_more_damaging	medium	scores_not_downloaded_at_this_scope	false	candidate	""
urn:mavedb:00001257-0-1	ADSL	ENSG00000239900.16	target_name	ADSL Estimated Enzyme Activities	ADSL enzyme activities were inferred from the nonlinear relationship between low- and high-expression fitness scores using the Kacser–Burns model.	""	""	""	""	Crossref:10.1101/2025.08.15.670494 (10.1101/2025.08.15.670494)	CC0	2025-12-03	8901	none reported in score columns	failed	none	""	not computed at this scope	""	""				n/a	n/a	""	false	excluded	meta_analysis (derived from other score sets, not a direct measurement)
urn:mavedb:00001257-a-1	ADSL	ENSG00000239900.16	target_name	ADSL High Expression (Dox+)	A deep mutational scan of human ADSL using yeast complementation, performed under a high-expression promoter with doxycycline treatment (absence of yeast ortholog).	""	""	""	""	Crossref:10.1101/2025.08.15.670494 (10.1101/2025.08.15.670494)	CC0	2025-12-03	9422	none reported in score columns	failed	none	""	not computed at this scope	""	""				unknown	none	scores_not_downloaded_at_this_scope,genomic_mapping_failed	false	candidate	""
urn:mavedb:00001257-a-2	ADSL	ENSG00000239900.16	target_name	ADSL High Expression (Dox-, Control)	A deep mutational scan of human ADSL using yeast complementation, performed under a high-expression promoter without doxycycline treatment (presence of yeast ortholog).	""	""	""	""	Crossref:10.1101/2025.08.15.670494 (10.1101/2025.08.15.670494)	CC0	2025-12-03	9422	none reported in score columns	failed	none	""	not computed at this scope	""	""				unknown	none	scores_not_downloaded_at_this_scope,genomic_mapping_failed	false	candidate	""
urn:mavedb:00001257-a-3	ADSL	ENSG00000239900.16	target_name	ADSL Low Expression (Dox+)	A deep mutational scan of human ADSL using yeast complementation, performed under a low-expression promoter with doxycycline treatment (absence of yeast ortholog).	""	""	""	""	Crossref:10.1101/2025.08.15.670494 (10.1101/2025.08.15.670494)	CC0	2025-12-03	9022	none reported in score columns	failed	none	""	not computed at this scope	""	""				unknown	none	scores_not_downloaded_at_this_scope,genomic_mapping_failed	false	candidate	""
urn:mavedb:00001257-a-4	ADSL	ENSG00000239900.16	target_name	ADSL Low Expression (Dox-, Control)	A deep mutational scan of human ADSL using yeast complementation, performed under a low-expression promoter without doxycycline treatment (presence of yeast ortholog).	""	""	""	""	Crossref:10.1101/2025.08.15.670494 (10.1101/2025.08.15.670494)	CC0	2025-12-03	9022	none reported in score columns	failed	none	""	not computed at this scope	""	""				unknown	none	scores_not_downloaded_at_this_scope,genomic_mapping_failed	false	candidate	""
urn:mavedb:00001258-a-1	SPOP	ENSG00000121067.21	target_name	Selection of loss-of-function SPOP via yeast survival assay	An amino acid level deep mutational scan of human SPOP using yeast survival assay.	Survival assessment assay	Loss of function	""	Yeast	""	CC0	2025-12-24	7441	error columns: logFC_SE, logFC_SE_2, logFC_SE_3, logFC_SE_4, logFC_SE_5, logFC_SE_6	incomplete	none	""	not computed at this scope	""	""				unknown	none	scores_not_downloaded_at_this_scope,genomic_mapping_incomplete	false	candidate	""
urn:mavedb:00001266-0-1	G6PD	ENSG00000160211.22	target_name	G6PD Combined Functional Scores	G6PD functional scores combining growth and abundance assays.	""	""	""	""	Crossref:10.1101/2025.08.11.669723 (10.1101/2025.08.11.669723)	CC0	2026-02-19	9504	none reported in score columns	incomplete	abnormal range(s) below normal range(s) — Investigator-provided functional classes; IGVF Coding Variant Focus Group -- Controls: All Variants	lower_is_more_damaging	not computed at this scope	""	""				n/a	n/a	""	false	excluded	meta_analysis (derived from other score sets, not a direct measurement)
urn:mavedb:00001266-a-1	G6PD	ENSG00000160211.22	target_name	G6PD Yeast Growth Scores	Scores for the G6PD turbidostat yeast growth assay.	Cell proliferation assay with genetic complementation	Loss of function	Molecular function	Yeast	Crossref:10.1101/2025.08.11.669723 (10.1101/2025.08.11.669723)	CC0	2026-02-09	10675	none reported in score columns	incomplete	none	""	not computed at this scope	""	""				unknown	none	scores_not_downloaded_at_this_scope,genomic_mapping_incomplete	false	candidate	""
urn:mavedb:00001266-b-1	G6PD	ENSG00000160211.22	target_name	G6PD VAMP-seq Scores	Scores for the G6PD VAMP-seq assay.	Flow cytometry assay	Loss of function	""	Immortalized human cells	Crossref:10.1101/2025.08.11.669723 (10.1101/2025.08.11.669723)	CC0	2026-02-09	10674	replicate columns: rep1_score, rep3_score	complete	abnormal range(s) below normal range(s) — ExCALIBR calibration [research use only]; Investigator-provided functional classes	lower_is_more_damaging	not computed at this scope	""	""				lower_is_more_damaging	medium	scores_not_downloaded_at_this_scope	false	candidate	""
urn:mavedb:00001266-c-1	G6PD	ENSG00000160211.22	target_name	G6PD Yeast Growth (Control) Scores	This is a growth-based assay for G6PD function in Saccharomyces cerevisiae using a continuous culture turbidostat system. It directly measures protein function by growing the yeast under control conditions.	Cell proliferation assay with genetic complementation	Loss of function	Molecular function	Yeast	Crossref:10.1101/2025.08.11.669723 (10.1101/2025.08.11.669723)	CC0	2026-02-19	9145	none reported in score columns	incomplete	none	""	not computed at this scope	""	""				unknown	none	scores_not_downloaded_at_this_scope,genomic_mapping_incomplete	false	candidate	""
urn:mavedb:00001267-0-1	TSC2	ENSG00000103197.22	uniprot	TSC2 Combined Scores	Scores for both Tuberin and RapGAP domains and functional classes.	""	""	""	""	""	CC0	2026-02-10	9253	replicate columns: rep1, rep2, rep3	failed	none	""	not computed at this scope	""	""				n/a	n/a	""	false	excluded	meta_analysis (derived from other score sets, not a direct measurement)
urn:mavedb:00001267-0-3	TSC2	ENSG00000103197.22	uniprot	TSC2 Updated Combined Scores	Scores for both Tuberin and RapGAP domains and functional classes analysed with the CountESS pipeline.	""	""	""	""	""	CC0	2026-09-15	9496	error columns: variance, std_dev	failed	abnormal range(s) below normal range(s) — Investigator-provided functional classes	lower_is_more_damaging	not computed at this scope	""	""				n/a	n/a	""	false	excluded	meta_analysis (derived from other score sets, not a direct measurement)
urn:mavedb:00001267-a-1	TSC2	ENSG00000103197.22	target_name	TSC2 Tuberin Domain Scores	Scores for the TSC2 Tuberin domain VAMP-seq assay.	Flow cytometry assay	Loss of function	""	Immortalized human cells	""	CC0	2026-02-10	3605	replicate columns: rep1, rep2, rep3	complete	none	""	not computed at this scope	""	""				unknown	none	scores_not_downloaded_at_this_scope	false	candidate	""
urn:mavedb:00001267-a-3	TSC2	ENSG00000103197.22	target_name	TSC2 Tuberin Domain Updated Scores	Scores for the TSC2 Tuberin domain VAMP-seq assay analysed with the CountESS pipeline.	Flow cytometry assay	Loss of function	""	Immortalized human cells	""	CC0	2026-09-15	3765	replicate columns: rep_1_score, rep_2_score; error columns: variance, std_dev	complete	none	""	not computed at this scope	""	""				unknown	none	scores_not_downloaded_at_this_scope	false	candidate	""
urn:mavedb:00001267-b-1	TSC2	ENSG00000103197.22	target_name	TSC2 RapGAP Domain Scores	Scores for the TSC2 RapGAP domain VAMP-seq assay.	Flow cytometry assay	Loss of function	""	Immortalized human cells	""	CC0	2026-02-10	5648	replicate columns: rep1, rep2, rep3	complete	calibration present but direction not determinable — ExCALIBR calibration [research use only]	""	not computed at this scope	""	""				unknown	none	scores_not_downloaded_at_this_scope	false	candidate	""
urn:mavedb:00001267-b-3	TSC2	ENSG00000103197.22	target_name	TSC2 RapGAP Domain Updated Scores	Scores for the TSC2 RapGAP domain VAMP-seq assay analysed with the CountESS pipeline.	Flow cytometry assay	Loss of function	""	Immortalized human cells	""	CC0	2026-09-15	5731	replicate columns: rep_1_score, rep_2_score, rep_3_score; error columns: variance, std_dev	complete	none	""	not computed at this scope	""	""				unknown	none	scores_not_downloaded_at_this_scope	false	candidate	""
urn:mavedb:00001269-a-1	LDLR	ENSG00000130164.18	target_name	LDLR missense variant effects on LDL uptake.	Sequence-function map of LDLR missense variants measuring LDL uptake.	Flow cytometry assay	Gain or loss of function	""	Immortalized human cells	Crossref:10.1126/science.ady7186 (10.1126/science.ady7186)	CC0	2026-02-17	17390	error columns: sd, se	complete	none	""	not computed at this scope	""	""				unknown	none	scores_not_downloaded_at_this_scope	false	candidate	""
urn:mavedb:00001269-b-1	LDLR	ENSG00000130164.18	target_name	LDLR missense variant effects on LDLR cell-surface abundance.	Sequence-function map of LDLR missense variants measuring LDLR cell-surface abundance.	Flow cytometry assay	Gain or loss of function	""	Immortalized human cells	Crossref:10.1126/science.ady7186 (10.1126/science.ady7186)	CC0	2026-02-17	16796	error columns: sd, se	complete	none	""	not computed at this scope	""	""				unknown	none	scores_not_downloaded_at_this_scope	false	candidate	""
urn:mavedb:00001269-c-1	LDLR	ENSG00000130164.18	target_name	LDLR missense variant effects on LDL uptake with VLDL.	Sequence-function map of LDLR missense variants measuring LDL uptake in the presence of VLDL.	Flow cytometry assay	Gain or loss of function	""	Immortalized human cells	Crossref:10.1126/science.ady7186 (10.1126/science.ady7186)	CC0	2026-02-17	7586	error columns: sd, se	complete	none	""	not computed at this scope	""	""				unknown	none	scores_not_downloaded_at_this_scope	false	candidate	""
urn:mavedb:00001270-a-1	TYK2	ENSG00000105397.18	uniprot	TYK2-DMS: IFN-alpha, 1U/mL	TYK2-DMS: IFN-alpha, 1U/mL	Bulk RNA-sequencing	""	""	Immortalized human cells	Crossref:10.1101/2025.10.11.681520 (10.1101/2025.10.11.681520)	CC0	2026-03-03	23723	error columns: se	complete	none	""	not computed at this scope	""	""				unknown	none	scores_not_downloaded_at_this_scope	false	candidate	""
urn:mavedb:00001270-a-10	TYK2	ENSG00000105397.18	uniprot	TYK2-DMS: IFN-alpha, 100U/mL + NDI-034858, 1 uM	TYK2-DMS: IFN-alpha, 100U/mL + NDI-034858, 1 uM	Bulk RNA-sequencing	""	""	Immortalized human cells	Crossref:10.1101/2025.10.11.681520 (10.1101/2025.10.11.681520)	CC0	2026-03-03	23720	error columns: se	complete	none	""	not computed at this scope	""	""				unknown	none	scores_not_downloaded_at_this_scope	false	candidate	""
urn:mavedb:00001270-a-2	TYK2	ENSG00000105397.18	uniprot	TYK2-DMS: IFN-alpha, 100U/mL + BMS-986202, 10 uM	TYK2-DMS: IFN-alpha, 100U/mL + BMS-986202, 10 uM	Bulk RNA-sequencing	""	""	Immortalized human cells	Crossref:10.1101/2025.10.11.681520 (10.1101/2025.10.11.681520)	CC0	2026-03-03	23723	error columns: se	complete	none	""	not computed at this scope	""	""				unknown	none	scores_not_downloaded_at_this_scope	false	candidate	""
urn:mavedb:00001270-a-3	TYK2	ENSG00000105397.18	uniprot	TYK2-DMS: IFN-alpha, 100U/mL + NDI-034858, 7 nM	TYK2-DMS: IFN-alpha, 100U/mL + NDI-034858, 7 nM	Bulk RNA-sequencing	""	""	Immortalized human cells	Crossref:10.1101/2025.10.11.681520 (10.1101/2025.10.11.681520)	CC0	2026-03-03	23719	error columns: se	complete	none	""	not computed at this scope	""	""				unknown	none	scores_not_downloaded_at_this_scope	false	candidate	""
urn:mavedb:00001270-a-4	TYK2	ENSG00000105397.18	uniprot	TYK2-DMS: IFN-alpha, 10U/mL	TYK2-DMS: IFN-alpha, 10U/mL	Bulk RNA-sequencing	""	""	Immortalized human cells	Crossref:10.1101/2025.10.11.681520 (10.1101/2025.10.11.681520)	CC0	2026-03-03	23723	error columns: se	complete	none	""	not computed at this scope	""	""				unknown	none	scores_not_downloaded_at_this_scope	false	candidate	""
urn:mavedb:00001270-a-5	TYK2	ENSG00000105397.18	uniprot	TYK2-DMS: IFN-alpha, 100U/mL + BMS-986202, 20 nM	TYK2-DMS: IFN-alpha, 100U/mL + BMS-986202, 20 nM	Bulk RNA-sequencing	""	""	Immortalized human cells	Crossref:10.1101/2025.10.11.681520 (10.1101/2025.10.11.681520)	CC0	2026-03-03	23720	error columns: se	complete	none	""	not computed at this scope	""	""				unknown	none	scores_not_downloaded_at_this_scope	false	candidate	""
urn:mavedb:00001270-a-6	TYK2	ENSG00000105397.18	uniprot	TYK2-DMS: IFN-alpha, 100U/mL	TYK2-DMS: IFN-alpha, 100U/mL	Bulk RNA-sequencing	""	""	Immortalized human cells	Crossref:10.1101/2025.10.11.681520 (10.1101/2025.10.11.681520)	CC0	2026-03-03	23723	error columns: se	complete	none	""	not computed at this scope	""	""				unknown	none	scores_not_downloaded_at_this_scope	false	candidate	""
urn:mavedb:00001270-a-7	TYK2	ENSG00000105397.18	uniprot	TYK2-DMS: IFN-alpha, 100U/mL + BMS-986202, 20 nM (duplicate assay)	TYK2-DMS: IFN-alpha, 100U/mL + BMS-986202, 20 nM (duplicate assay)	Bulk RNA-sequencing	""	""	Immortalized human cells	Crossref:10.1101/2025.10.11.681520 (10.1101/2025.10.11.681520)	CC0	2026-03-03	23719	error columns: se	complete	none	""	not computed at this scope	""	""				unknown	none	scores_not_downloaded_at_this_scope	false	candidate	""
urn:mavedb:00001270-a-8	TYK2	ENSG00000105397.18	uniprot	TYK2-DMS: IFN-alpha, 100U/mL + BMS-986202, 1 uM	TYK2-DMS: IFN-alpha, 100U/mL + BMS-986202, 1 uM	Bulk RNA-sequencing	""	""	Immortalized human cells	Crossref:10.1101/2025.10.11.681520 (10.1101/2025.10.11.681520)	CC0	2026-03-03	23720	error columns: se	complete	none	""	not computed at this scope	""	""				unknown	none	scores_not_downloaded_at_this_scope	false	candidate	""
urn:mavedb:00001270-a-9	TYK2	ENSG00000105397.18	uniprot	TYK2-DMS: IFN-alpha, 100U/mL (duplicate assay)	TYK2-DMS: IFN-alpha, 100U/mL (duplicate assay)	Bulk RNA-sequencing	""	""	Immortalized human cells	Crossref:10.1101/2025.10.11.681520 (10.1101/2025.10.11.681520)	CC0	2026-03-03	23719	error columns: se	complete	none	""	not computed at this scope	""	""				unknown	none	scores_not_downloaded_at_this_scope	false	candidate	""
urn:mavedb:00001271-a-1	TYK2	ENSG00000105397.18	uniprot	TYK2-VampDMS	TYK2-VampDMS	Bulk RNA-sequencing	""	""	Immortalized human cells	Crossref:10.1101/2025.10.11.681520 (10.1101/2025.10.11.681520)	CC0	2026-03-03	23698	error columns: se	complete	none	""	not computed at this scope	""	""				unknown	none	scores_not_downloaded_at_this_scope	false	candidate	""
urn:mavedb:00001272-a-1			unresolved (target name 'ALPHA-SYNUCLEIN')	Deep Mutational Scanning of alpha-Synuclein Aggregation in Yeast	The aggregation of alpha-synuclein single missense variants in yeast	""	""	""	Yeast	""	CC0	2026-04-12	2800	none reported in score columns	complete	none	""	not computed at this scope	""	""				n/a	n/a	""	false	excluded	gene_unresolved
urn:mavedb:00001274-a-1			unresolved (target name 'Parkin')	Human parkin activity	Saturation mutagenesis and functional assessment of Parkin variants	Flow cytometry assay	Gain or loss of function	""	Immortalized human cells	""	CC0	2026-05-26	9632	error columns: std	incomplete	none	""	not computed at this scope	""	""				n/a	n/a	""	false	excluded	gene_unresolved
urn:mavedb:00001275-a-1	RHO	ENSG00000163914.6	uniprot	RHO surface trafficking DMS scores (Method 1)	Deep mutational scanning of all possible RHO missense variants using a flow cytometry-based cell-surface immunostaining assay in HEK293T cells.	Flow cytometry assay	Loss of function	Protein localization to plasma membrane	Immortalized human cells	Crossref:10.1101/2025.02.27.640335 (10.1101/2025.02.27.640335)	CC0	2026-06-13	7246	error columns: score_se	complete	none	""	not computed at this scope	""	""				unknown	none	scores_not_downloaded_at_this_scope	false	candidate	""
urn:mavedb:00001275-a-2	RHO	ENSG00000163914.6	uniprot	RHO membrane proximity DMS scores (Method 2)	Deep mutational scanning of all possible RHO missense variants using a membrane proximity assay	Flow cytometry assay	Loss of function	Protein localization to plasma membrane	Immortalized human cells	Crossref:10.1101/2025.02.27.640335 (10.1101/2025.02.27.640335)	CC0	2026-06-13	7244	error columns: score_se	complete	none	""	not computed at this scope	""	""				unknown	none	scores_not_downloaded_at_this_scope	false	candidate	""
urn:mavedb:00001278-a-1	PALB2	ENSG00000083093.14	target_name	Scores from site-saturation functional screen of PALB2 missense variants in mES cells	Site-saturation fuctional screen of PALB2 missense variants in the CC and WD40 domains in mouse embryonic stem cells using PARPi sensitivity as a readout for homologous recombination	Cell fitness	Loss of function	DNA repair and Double-strand break repair via homologous recombination	Murine primary cells	PubMed:41554690 (10.1038/s41467-025-67252-z)	CC0	2026-07-23	7100	none reported in score columns	failed	abnormal range(s) below normal range(s) — Investigator-provided functional classes	lower_is_more_damaging	not computed at this scope	""	""				lower_is_more_damaging	medium	scores_not_downloaded_at_this_scope,genomic_mapping_failed	false	candidate	""
urn:mavedb:00001278-b-1	PALB2	ENSG00000083093.14	target_name	SGE Functional scores of PALB2 variants in exon 10	Saturation genome editing of PALB2 exon 10 in haploid HAP1 cells	Cell fitness	Loss of function	Molecular function	Immortalized human cells	PubMed:41554690 (10.1038/s41467-025-67252-z)	CC0	2026-07-29	179	none reported in score columns	failed	none	""	not computed at this scope	""	""				unknown	none	scores_not_downloaded_at_this_scope,genomic_mapping_failed	false	candidate	""
urn:mavedb:00001280-a-1	CHEK2	ENSG00000183765.26	target_name	CHEK2_McCarthy_Leo	TBD	""	""	""	""	PubMed:39146382 (10.1371/journal.pgen.1011375)	CC0	2026-07-23	3912	none reported in score columns	complete	abnormal range(s) above normal range(s) — Investigator-provided functional classes	higher_is_more_damaging	not computed at this scope	""	""				higher_is_more_damaging	medium	scores_not_downloaded_at_this_scope	false	candidate	""
urn:mavedb:00001281-a-1	PRKN	ENSG00000185345.26	uniprot	PRKN abundance MAVE	Measuring the impact of the variants on PRKN abundance following mitochondrial depolarisation in HeLa cells	""	""	Molecular function	""	Crossref:10.64898/2026.02.09.704817 (10.64898/2026.02.09.704817)	CC0	2026-06-28	9205	none reported in score columns	complete	none	""	not computed at this scope	""	""				unknown	none	scores_not_downloaded_at_this_scope	false	candidate	""
urn:mavedb:00001281-a-2	PRKN	ENSG00000185345.26	uniprot	PRKN pSer65-Ub MAVE	Measuring the impact of the variants on phosphorylated ubiquitin (pSer65-Ub) accumulation following mitochondrial depolarisation in HeLa cells.	""	""	Molecular function	""	Crossref:10.64898/2026.02.09.704817 (10.64898/2026.02.09.704817)	CC0	2026-06-28	9176	none reported in score columns	complete	none	""	not computed at this scope	""	""				unknown	none	scores_not_downloaded_at_this_scope	false	candidate	""
urn:mavedb:00001282-a-1	CPOX	ENSG00000080819.11	uniprot	Missense variant effect map for human CPOX	Missense variant effect map for human CPOX via functional complementation in yeast.	Cell proliferation assay with genetic complementation	Loss of function	Molecular function	Yeast	doi:10.17504/protocols.io.5qpvo1n37g4o/v1	CC0	2026-07-01	8212	error columns: se	complete	none	""	not computed at this scope	""	""				unknown	none	scores_not_downloaded_at_this_scope	false	candidate	""
urn:mavedb:00001282-a-2	CPOX	ENSG00000080819.11	uniprot	Missense variant effect map for human CPOX under mercury exposure	Missense variant effect map for human CPOX via functional complementation in yeast under mercury exposure	Cell proliferation assay with genetic complementation	Loss of function	Molecular function	Yeast	doi:10.17504/protocols.io.5qpvo1n37g4o/v1	CC0	2026-07-01	7152	error columns: se	complete	none	""	not computed at this scope	""	""				unknown	none	scores_not_downloaded_at_this_scope	false	candidate	""
urn:mavedb:00001283-a-1	SGCA	ENSG00000108823.19	target_name	SGCA variants effects on α-sarcoglycan surface expression	SGCA variants effects on α-sarcoglycan surface expression	Reporter	Loss of function	Protein localization to plasma membrane	Immortalized human cells	""	CC BY 4.0	2026-07-22	3483	none reported in score columns	complete	none	""	not computed at this scope	""	""				unknown	none	scores_not_downloaded_at_this_scope	false	candidate	""
urn:mavedb:00001286-a-1			unresolved (target name 'Exons 4, 5 and 6')	TINF2 SGE	SGE of exons 4, 5 and 6 of TINF2.	Cell fitness	Loss of function	Molecular function	Immortalized human cells	""	CC0	2026-08-28	3905	none reported in score columns	failed	none	""	not computed at this scope	""	""				n/a	n/a	""	false	excluded	gene_unresolved
